[2026-05-29 13:37:30,221] [INFO] [root] Sistema de logging inicializado exitosamente.
[2026-05-29 13:37:30,222] [INFO] [root] Archivo Excel localizado en: C:\Users\dramos\Documents\Proyecto_CapturaBot\Optima_Capture_Bot.xlsx
[2026-05-29 13:37:30,222] [INFO] [root] Lanzando interfaz gráfica en CustomTkinter...
[2026-05-29 13:38:08,524] [INFO] [OptimaCaptureBot.Orchestrator] Iniciando orquestador operativo...
[2026-05-29 13:38:08,525] [INFO] [OptimaCaptureBot.Orchestrator] Cargando catálogo de RFC y registros del Excel...
[2026-05-29 13:38:09,441] [INFO] [OptimaCaptureBot.ExcelHandler] Cargados 7 registros desde Control_Referencias
[2026-05-29 13:38:09,442] [INFO] [OptimaCaptureBot.Orchestrator] Catálogo RFC: CIN010904D31 (CADU INMOBILIARIA)
[2026-05-29 13:38:09,442] [INFO] [OptimaCaptureBot.Orchestrator] Total registros cargados de Excel: 7
[2026-05-29 13:38:09,442] [INFO] [OptimaCaptureBot.Orchestrator] Ejecutando depuración previa y detección de duplicados locales...
[2026-05-29 13:38:09,442] [INFO] [OptimaCaptureBot.Orchestrator] Depuración previa completada de forma segura.
[2026-05-29 13:38:09,443] [INFO] [OptimaCaptureBot.Orchestrator] No existen referencias pendientes de consulta en el portal SATQ.
[2026-05-29 13:38:09,443] [INFO] [OptimaCaptureBot.Orchestrator] Orquestador finalizado de forma ordenada.
[2026-05-29 13:38:31,808] [INFO] [root] Aplicación cerrada de forma limpia.
[2026-05-29 13:38:39,623] [INFO] [root] Sistema de logging inicializado exitosamente.
[2026-05-29 13:38:39,623] [INFO] [root] Archivo Excel localizado en: C:\Users\dramos\Documents\Proyecto_CapturaBot\Optima_Capture_Bot.xlsx
[2026-05-29 13:38:39,624] [INFO] [root] Lanzando interfaz gráfica en CustomTkinter...
[2026-05-29 13:39:08,129] [INFO] [OptimaCaptureBot.Orchestrator] Iniciando orquestador operativo...
[2026-05-29 13:39:08,129] [INFO] [OptimaCaptureBot.Orchestrator] Cargando catálogo de RFC y registros del Excel...
[2026-05-29 13:39:08,942] [INFO] [OptimaCaptureBot.ExcelHandler] Cargados 7 registros desde Control_Referencias
[2026-05-29 13:39:08,943] [INFO] [OptimaCaptureBot.Orchestrator] Catálogo RFC: CIN010904D31 (CADU INMOBILIARIA)
[2026-05-29 13:39:08,943] [INFO] [OptimaCaptureBot.Orchestrator] Total registros cargados de Excel: 7
[2026-05-29 13:39:08,943] [INFO] [OptimaCaptureBot.Orchestrator] Ejecutando depuración previa y detección de duplicados locales...
[2026-05-29 13:39:08,943] [INFO] [OptimaCaptureBot.Orchestrator] Depuración previa completada de forma segura.
[2026-05-29 13:39:08,944] [INFO] [OptimaCaptureBot.Orchestrator] No existen referencias pendientes de consulta en el portal SATQ.
[2026-05-29 13:39:08,944] [INFO] [OptimaCaptureBot.Orchestrator] Orquestador finalizado de forma ordenada.
[2026-05-29 13:42:00,280] [INFO] [root] Aplicación cerrada de forma limpia.
[2026-05-29 13:42:09,811] [INFO] [root] Sistema de logging inicializado exitosamente.
[2026-05-29 13:42:09,811] [INFO] [root] Archivo Excel localizado en: C:\Users\dramos\Documents\Proyecto_CapturaBot\Optima_Capture_Bot.xlsx
[2026-05-29 13:42:09,812] [INFO] [root] Lanzando interfaz gráfica en CustomTkinter...
[2026-05-29 13:42:13,993] [INFO] [OptimaCaptureBot.Orchestrator] Iniciando orquestador operativo...
[2026-05-29 13:42:13,993] [INFO] [OptimaCaptureBot.Orchestrator] Cargando catálogo de RFC y registros del Excel...
[2026-05-29 13:42:13,994] [WARNING] [OptimaCaptureBot.ExcelHandler] El archivo C:\Users\dramos\Documents\Proyecto_CapturaBot\Optima_Capture_Bot.xlsx está bloqueado por otro programa: [Errno 13] Permission denied: 'C:\\Users\\dramos\\Documents\\Proyecto_CapturaBot\\Optima_Capture_Bot.xlsx'
[2026-05-29 13:42:13,994] [INFO] [OptimaCaptureBot.Orchestrator] Orquestador finalizado de forma ordenada.
[2026-05-29 13:42:57,574] [INFO] [OptimaCaptureBot.Orchestrator] Iniciando orquestador operativo...
[2026-05-29 13:42:57,575] [INFO] [OptimaCaptureBot.Orchestrator] Cargando catálogo de RFC y registros del Excel...
[2026-05-29 13:43:00,773] [INFO] [OptimaCaptureBot.ExcelHandler] Cargados 7 registros desde Control_Referencias
[2026-05-29 13:43:00,773] [INFO] [OptimaCaptureBot.Orchestrator] Catálogo RFC: CIN010904D31 (CADU INMOBILIARIA)
[2026-05-29 13:43:00,773] [INFO] [OptimaCaptureBot.Orchestrator] Total registros cargados de Excel: 7
[2026-05-29 13:43:00,774] [INFO] [OptimaCaptureBot.Orchestrator] Ejecutando depuración previa y detección de duplicados locales...
[2026-05-29 13:43:00,781] [INFO] [OptimaCaptureBot.ExcelHandler] Copia de seguridad creada en temp\Optima_Capture_Bot.xlsx.bak
[2026-05-29 13:43:01,006] [INFO] [OptimaCaptureBot.ExcelHandler] Fila 2 de Excel actualizada exitosamente a estado: VALIDADO
[2026-05-29 13:43:01,107] [INFO] [OptimaCaptureBot.ExcelHandler] Copia de seguridad creada en temp\Optima_Capture_Bot.xlsx.bak
[2026-05-29 13:43:01,310] [ERROR] [OptimaCaptureBot.ExcelHandler] Fallo de permisos al guardar fila 3: [WinError 32] El proceso no tiene acceso al archivo porque está siendo utilizado por otro proceso: 'temp\\Optima_Capture_Bot_tmp.xlsx'
[2026-05-29 13:43:01,310] [ERROR] [OptimaCaptureBot.Orchestrator] Error crítico en el hilo de procesamiento del orquestador: El archivo C:\Users\dramos\Documents\Proyecto_CapturaBot\Optima_Capture_Bot.xlsx está bloqueado. Ciérrelo para guardar el progreso.
[2026-05-29 13:43:01,311] [INFO] [OptimaCaptureBot.Orchestrator] Orquestador finalizado de forma ordenada.
[2026-05-29 13:44:44,984] [INFO] [root] Aplicación cerrada de forma limpia.
[2026-05-29 13:45:15,104] [INFO] [root] Sistema de logging inicializado exitosamente.
[2026-05-29 13:45:15,105] [INFO] [root] Archivo Excel localizado en: C:\Users\dramos\Documents\Proyecto_CapturaBot\Optima_Capture_Bot.xlsx
[2026-05-29 13:45:15,105] [INFO] [root] Lanzando interfaz gráfica en CustomTkinter...
[2026-05-29 13:45:57,654] [INFO] [OptimaCaptureBot.Orchestrator] Iniciando orquestador operativo...
[2026-05-29 13:45:57,655] [INFO] [OptimaCaptureBot.Orchestrator] Cargando catálogo de RFC y registros del Excel...
[2026-05-29 13:45:58,487] [INFO] [OptimaCaptureBot.ExcelHandler] Cargados 7 registros desde Control_Referencias
[2026-05-29 13:45:58,488] [INFO] [OptimaCaptureBot.Orchestrator] Catálogo RFC: CIN010904D31 (CADU INMOBILIARIA)
[2026-05-29 13:45:58,488] [INFO] [OptimaCaptureBot.Orchestrator] Total registros cargados de Excel: 7
[2026-05-29 13:45:58,488] [INFO] [OptimaCaptureBot.Orchestrator] Ejecutando depuración previa y detección de duplicados locales...
[2026-05-29 13:45:58,496] [INFO] [OptimaCaptureBot.ExcelHandler] Copia de seguridad creada en temp\Optima_Capture_Bot.xlsx.bak
[2026-05-29 13:45:58,719] [INFO] [OptimaCaptureBot.ExcelHandler] Fila 4 de Excel actualizada exitosamente a estado: VALIDADO
[2026-05-29 13:45:58,813] [INFO] [OptimaCaptureBot.ExcelHandler] Copia de seguridad creada en temp\Optima_Capture_Bot.xlsx.bak
[2026-05-29 13:45:59,012] [INFO] [OptimaCaptureBot.ExcelHandler] Fila 5 de Excel actualizada exitosamente a estado: VALIDADO
[2026-05-29 13:45:59,123] [INFO] [OptimaCaptureBot.ExcelHandler] Copia de seguridad creada en temp\Optima_Capture_Bot.xlsx.bak
[2026-05-29 13:45:59,348] [INFO] [OptimaCaptureBot.ExcelHandler] Fila 6 de Excel actualizada exitosamente a estado: VALIDADO
[2026-05-29 13:45:59,353] [INFO] [OptimaCaptureBot.ExcelHandler] Copia de seguridad creada en temp\Optima_Capture_Bot.xlsx.bak
[2026-05-29 13:45:59,456] [INFO] [OptimaCaptureBot.ExcelHandler] Fila 7 de Excel actualizada exitosamente a estado: VALIDADO
[2026-05-29 13:45:59,463] [INFO] [OptimaCaptureBot.ExcelHandler] Copia de seguridad creada en temp\Optima_Capture_Bot.xlsx.bak
[2026-05-29 13:45:59,569] [INFO] [OptimaCaptureBot.ExcelHandler] Fila 8 de Excel actualizada exitosamente a estado: VALIDADO
[2026-05-29 13:45:59,570] [INFO] [OptimaCaptureBot.Orchestrator] Depuración previa completada de forma segura.
[2026-05-29 13:45:59,570] [INFO] [OptimaCaptureBot.Orchestrator] Iniciando navegador Playwright...
[2026-05-29 13:45:59,572] [INFO] [OptimaCaptureBot.Scraper] Iniciando Playwright...
[2026-05-29 13:46:01,816] [INFO] [OptimaCaptureBot.Scraper] Navegando a la URL del SATQ: https://satq.qroo.gob.mx/paperless/timbrador.html
[2026-05-29 13:46:04,615] [INFO] [OptimaCaptureBot.Orchestrator] No se requiere inicio de sesión manual. Continuando con el proceso.
[2026-05-29 13:46:04,616] [INFO] [OptimaCaptureBot.Orchestrator] Procesando Fila 2: [Referencia: 70026998459764455] en carpeta Lote_1
[2026-05-29 13:46:04,634] [INFO] [OptimaCaptureBot.ExcelHandler] Copia de seguridad creada en temp\Optima_Capture_Bot.xlsx.bak
[2026-05-29 13:46:04,961] [INFO] [OptimaCaptureBot.ExcelHandler] Fila 2 de Excel actualizada exitosamente a estado: EN_PROCESO
[2026-05-29 13:46:04,962] [INFO] [OptimaCaptureBot.Scraper] Iniciando consulta automatizada para referencia: 70026998459764455 (RFC: CIN010904D31)
[2026-05-29 13:46:17,574] [ERROR] [OptimaCaptureBot.Scraper] Error procesando registro 70026998459764455: No se localizó el campo de entrada 'Referencia' (input#Referencia) en la página.
[2026-05-29 13:46:17,801] [INFO] [OptimaCaptureBot.Scraper] Evidencia visual guardada exitosamente en screenshots\70026998459764455_20260529_134617_error.png
[2026-05-29 13:46:17,812] [INFO] [OptimaCaptureBot.ExcelHandler] Copia de seguridad creada en temp\Optima_Capture_Bot.xlsx.bak
[2026-05-29 13:46:18,019] [INFO] [OptimaCaptureBot.ExcelHandler] Fila 2 de Excel actualizada exitosamente a estado: ERROR_PORTAL
[2026-05-29 13:46:18,183] [ERROR] [OptimaCaptureBot.Orchestrator] Referencia 70026998459764455 falló: No se localizó el campo de entrada 'Referencia' (input#Referencia) en la página.
[2026-05-29 13:46:18,183] [INFO] [OptimaCaptureBot.Orchestrator] Procesando Fila 3: [Referencia: 70026998479764477] en carpeta Lote_1
[2026-05-29 13:46:18,187] [INFO] [OptimaCaptureBot.ExcelHandler] Copia de seguridad creada en temp\Optima_Capture_Bot.xlsx.bak
[2026-05-29 13:46:18,287] [INFO] [OptimaCaptureBot.ExcelHandler] Fila 3 de Excel actualizada exitosamente a estado: EN_PROCESO
[2026-05-29 13:46:18,288] [INFO] [OptimaCaptureBot.Scraper] Iniciando consulta automatizada para referencia: 70026998479764477 (RFC: CIN010904D31)
[2026-05-29 13:46:30,907] [ERROR] [OptimaCaptureBot.Scraper] Error procesando registro 70026998479764477: No se localizó el campo de entrada 'Referencia' (input#Referencia) en la página.
[2026-05-29 13:46:31,116] [INFO] [OptimaCaptureBot.Scraper] Evidencia visual guardada exitosamente en screenshots\70026998479764477_20260529_134630_error.png
[2026-05-29 13:46:31,128] [INFO] [OptimaCaptureBot.ExcelHandler] Copia de seguridad creada en temp\Optima_Capture_Bot.xlsx.bak
[2026-05-29 13:46:31,285] [INFO] [OptimaCaptureBot.ExcelHandler] Fila 3 de Excel actualizada exitosamente a estado: ERROR_PORTAL
[2026-05-29 13:46:31,398] [ERROR] [OptimaCaptureBot.Orchestrator] Referencia 70026998479764477 falló: No se localizó el campo de entrada 'Referencia' (input#Referencia) en la página.
[2026-05-29 13:46:31,398] [INFO] [OptimaCaptureBot.Orchestrator] Procesando Fila 4: [Referencia: 70026998509764413] en carpeta Lote_1
[2026-05-29 13:46:31,407] [INFO] [OptimaCaptureBot.ExcelHandler] Copia de seguridad creada en temp\Optima_Capture_Bot.xlsx.bak
[2026-05-29 13:46:31,623] [INFO] [OptimaCaptureBot.ExcelHandler] Fila 4 de Excel actualizada exitosamente a estado: EN_PROCESO
[2026-05-29 13:46:31,625] [INFO] [OptimaCaptureBot.Scraper] Iniciando consulta automatizada para referencia: 70026998509764413 (RFC: CIN010904D31)
[2026-05-29 13:46:43,716] [ERROR] [OptimaCaptureBot.Scraper] Error procesando registro 70026998509764413: No se localizó el campo de entrada 'Referencia' (input#Referencia) en la página.
[2026-05-29 13:46:43,944] [INFO] [OptimaCaptureBot.Scraper] Evidencia visual guardada exitosamente en screenshots\70026998509764413_20260529_134643_error.png
[2026-05-29 13:46:43,957] [INFO] [OptimaCaptureBot.ExcelHandler] Copia de seguridad creada en temp\Optima_Capture_Bot.xlsx.bak
[2026-05-29 13:46:44,177] [INFO] [OptimaCaptureBot.ExcelHandler] Fila 4 de Excel actualizada exitosamente a estado: ERROR_PORTAL
[2026-05-29 13:46:44,313] [ERROR] [OptimaCaptureBot.Orchestrator] Referencia 70026998509764413 falló: No se localizó el campo de entrada 'Referencia' (input#Referencia) en la página.
[2026-05-29 13:46:44,313] [INFO] [OptimaCaptureBot.Orchestrator] Procesando Fila 5: [Referencia: 70026998539764446] en carpeta Lote_1
[2026-05-29 13:46:44,321] [INFO] [OptimaCaptureBot.ExcelHandler] Copia de seguridad creada en temp\Optima_Capture_Bot.xlsx.bak
[2026-05-29 13:46:44,443] [INFO] [OptimaCaptureBot.ExcelHandler] Fila 5 de Excel actualizada exitosamente a estado: EN_PROCESO
[2026-05-29 13:46:44,444] [INFO] [OptimaCaptureBot.Scraper] Iniciando consulta automatizada para referencia: 70026998539764446 (RFC: CIN010904D31)
[2026-05-29 13:46:57,579] [ERROR] [OptimaCaptureBot.Scraper] Error procesando registro 70026998539764446: No se localizó el campo de entrada 'Referencia' (input#Referencia) en la página.
[2026-05-29 13:46:57,781] [INFO] [OptimaCaptureBot.Scraper] Evidencia visual guardada exitosamente en screenshots\70026998539764446_20260529_134657_error.png
[2026-05-29 13:46:57,786] [INFO] [OptimaCaptureBot.ExcelHandler] Copia de seguridad creada en temp\Optima_Capture_Bot.xlsx.bak
[2026-05-29 13:46:57,895] [INFO] [OptimaCaptureBot.ExcelHandler] Fila 5 de Excel actualizada exitosamente a estado: ERROR_PORTAL
[2026-05-29 13:46:57,983] [ERROR] [OptimaCaptureBot.Orchestrator] Referencia 70026998539764446 falló: No se localizó el campo de entrada 'Referencia' (input#Referencia) en la página.
[2026-05-29 13:46:57,984] [INFO] [OptimaCaptureBot.Orchestrator] Procesando Fila 6: [Referencia: 70026998559764468] en carpeta Lote_1
[2026-05-29 13:46:57,988] [INFO] [OptimaCaptureBot.ExcelHandler] Copia de seguridad creada en temp\Optima_Capture_Bot.xlsx.bak
[2026-05-29 13:46:58,094] [INFO] [OptimaCaptureBot.ExcelHandler] Fila 6 de Excel actualizada exitosamente a estado: EN_PROCESO
[2026-05-29 13:46:58,095] [INFO] [OptimaCaptureBot.Scraper] Iniciando consulta automatizada para referencia: 70026998559764468 (RFC: CIN010904D31)
[2026-05-29 13:47:10,698] [ERROR] [OptimaCaptureBot.Scraper] Error procesando registro 70026998559764468: No se localizó el campo de entrada 'Referencia' (input#Referencia) en la página.
[2026-05-29 13:47:10,871] [INFO] [OptimaCaptureBot.Scraper] Evidencia visual guardada exitosamente en screenshots\70026998559764468_20260529_134710_error.png
[2026-05-29 13:47:10,878] [INFO] [OptimaCaptureBot.ExcelHandler] Copia de seguridad creada en temp\Optima_Capture_Bot.xlsx.bak
[2026-05-29 13:47:10,993] [INFO] [OptimaCaptureBot.ExcelHandler] Fila 6 de Excel actualizada exitosamente a estado: ERROR_PORTAL
[2026-05-29 13:47:11,099] [ERROR] [OptimaCaptureBot.Orchestrator] Referencia 70026998559764468 falló: No se localizó el campo de entrada 'Referencia' (input#Referencia) en la página.
[2026-05-29 13:47:11,100] [INFO] [OptimaCaptureBot.Orchestrator] Procesando Fila 7: [Referencia: 70026998569764479] en carpeta Lote_1
[2026-05-29 13:47:11,104] [INFO] [OptimaCaptureBot.ExcelHandler] Copia de seguridad creada en temp\Optima_Capture_Bot.xlsx.bak
[2026-05-29 13:47:11,205] [INFO] [OptimaCaptureBot.ExcelHandler] Fila 7 de Excel actualizada exitosamente a estado: EN_PROCESO
[2026-05-29 13:47:11,205] [INFO] [OptimaCaptureBot.Scraper] Iniciando consulta automatizada para referencia: 70026998569764479 (RFC: CIN010904D31)
[2026-05-29 13:47:24,690] [ERROR] [OptimaCaptureBot.Scraper] Error procesando registro 70026998569764479: No se localizó el campo de entrada 'Referencia' (input#Referencia) en la página.
[2026-05-29 13:47:24,813] [INFO] [OptimaCaptureBot.Scraper] Evidencia visual guardada exitosamente en screenshots\70026998569764479_20260529_134724_error.png
[2026-05-29 13:47:24,821] [INFO] [OptimaCaptureBot.ExcelHandler] Copia de seguridad creada en temp\Optima_Capture_Bot.xlsx.bak
[2026-05-29 13:47:25,004] [INFO] [OptimaCaptureBot.ExcelHandler] Fila 7 de Excel actualizada exitosamente a estado: ERROR_PORTAL
[2026-05-29 13:47:25,155] [ERROR] [OptimaCaptureBot.Orchestrator] Referencia 70026998569764479 falló: No se localizó el campo de entrada 'Referencia' (input#Referencia) en la página.
[2026-05-29 13:47:25,155] [INFO] [OptimaCaptureBot.Orchestrator] Procesando Fila 8: [Referencia: 70026998869764421] en carpeta Lote_1
[2026-05-29 13:47:25,163] [INFO] [OptimaCaptureBot.ExcelHandler] Copia de seguridad creada en temp\Optima_Capture_Bot.xlsx.bak
[2026-05-29 13:47:25,300] [INFO] [OptimaCaptureBot.ExcelHandler] Fila 8 de Excel actualizada exitosamente a estado: EN_PROCESO
[2026-05-29 13:47:25,301] [INFO] [OptimaCaptureBot.Scraper] Iniciando consulta automatizada para referencia: 70026998869764421 (RFC: CIN010904D31)
[2026-05-29 13:47:37,484] [ERROR] [OptimaCaptureBot.Scraper] Error procesando registro 70026998869764421: No se localizó el campo de entrada 'Referencia' (input#Referencia) en la página.
[2026-05-29 13:47:37,656] [INFO] [OptimaCaptureBot.Scraper] Evidencia visual guardada exitosamente en screenshots\70026998869764421_20260529_134737_error.png
[2026-05-29 13:47:37,660] [INFO] [OptimaCaptureBot.ExcelHandler] Copia de seguridad creada en temp\Optima_Capture_Bot.xlsx.bak
[2026-05-29 13:47:37,767] [INFO] [OptimaCaptureBot.ExcelHandler] Fila 8 de Excel actualizada exitosamente a estado: ERROR_PORTAL
[2026-05-29 13:47:37,864] [ERROR] [OptimaCaptureBot.Orchestrator] Referencia 70026998869764421 falló: No se localizó el campo de entrada 'Referencia' (input#Referencia) en la página.
[2026-05-29 13:47:37,865] [INFO] [OptimaCaptureBot.Orchestrator] Procesamiento de registros completado.
[2026-05-29 13:47:37,865] [INFO] [OptimaCaptureBot.Orchestrator] El navegador permanece abierto. Ciérrelo manualmente cuando lo desee.
[2026-05-29 13:47:37,865] [INFO] [OptimaCaptureBot.Orchestrator] Orquestador finalizado de forma ordenada.
[2026-05-29 13:54:19,794] [WARNING] [root] Interrupción de teclado detectada. Cerrando bot...
[2026-05-29 13:54:19,808] [WARNING] [OptimaCaptureBot.Scraper] Error al cerrar los recursos de Playwright: cannot switch to a different thread (which happens to have exited)
[2026-05-29 13:54:19,812] [INFO] [root] Aplicación cerrada de forma limpia.
[2026-05-29 13:54:30,094] [INFO] [root] Sistema de logging inicializado exitosamente.
[2026-05-29 13:54:30,095] [INFO] [root] Archivo Excel localizado en: C:\Users\dramos\Documents\Proyecto_CapturaBot\Optima_Capture_Bot.xlsx
[2026-05-29 13:54:30,095] [INFO] [root] Lanzando interfaz gráfica en CustomTkinter...
[2026-05-29 13:55:01,261] [INFO] [OptimaCaptureBot.Orchestrator] Iniciando orquestador operativo...
[2026-05-29 13:55:01,262] [INFO] [OptimaCaptureBot.Orchestrator] Cargando catálogo de RFC y registros del Excel...
[2026-05-29 13:55:04,240] [INFO] [OptimaCaptureBot.ExcelHandler] Cargados 7 registros desde Control_Referencias
[2026-05-29 13:55:04,240] [INFO] [OptimaCaptureBot.Orchestrator] Catálogo RFC: CIN010904D31 (CADU INMOBILIARIA)
[2026-05-29 13:55:04,240] [INFO] [OptimaCaptureBot.Orchestrator] Total registros cargados de Excel: 7
[2026-05-29 13:55:04,241] [INFO] [OptimaCaptureBot.Orchestrator] Ejecutando depuración previa y detección de duplicados locales...
[2026-05-29 13:55:04,250] [INFO] [OptimaCaptureBot.ExcelHandler] Copia de seguridad creada en temp\Optima_Capture_Bot.xlsx.bak
[2026-05-29 13:55:04,487] [INFO] [OptimaCaptureBot.ExcelHandler] Fila 2 de Excel actualizada exitosamente a estado: VALIDADO
[2026-05-29 13:55:04,592] [INFO] [OptimaCaptureBot.ExcelHandler] Copia de seguridad creada en temp\Optima_Capture_Bot.xlsx.bak
[2026-05-29 13:55:04,821] [INFO] [OptimaCaptureBot.ExcelHandler] Fila 3 de Excel actualizada exitosamente a estado: VALIDADO
[2026-05-29 13:55:04,939] [INFO] [OptimaCaptureBot.ExcelHandler] Copia de seguridad creada en temp\Optima_Capture_Bot.xlsx.bak
[2026-05-29 13:55:05,663] [INFO] [OptimaCaptureBot.ExcelHandler] Fila 4 de Excel actualizada exitosamente a estado: VALIDADO
[2026-05-29 13:55:05,669] [INFO] [OptimaCaptureBot.ExcelHandler] Copia de seguridad creada en temp\Optima_Capture_Bot.xlsx.bak
[2026-05-29 13:55:05,767] [INFO] [OptimaCaptureBot.ExcelHandler] Fila 5 de Excel actualizada exitosamente a estado: VALIDADO
[2026-05-29 13:55:05,774] [INFO] [OptimaCaptureBot.ExcelHandler] Copia de seguridad creada en temp\Optima_Capture_Bot.xlsx.bak
[2026-05-29 13:55:05,889] [INFO] [OptimaCaptureBot.ExcelHandler] Fila 6 de Excel actualizada exitosamente a estado: VALIDADO
[2026-05-29 13:55:05,895] [INFO] [OptimaCaptureBot.ExcelHandler] Copia de seguridad creada en temp\Optima_Capture_Bot.xlsx.bak
[2026-05-29 13:55:05,994] [INFO] [OptimaCaptureBot.ExcelHandler] Fila 7 de Excel actualizada exitosamente a estado: VALIDADO
[2026-05-29 13:55:05,999] [INFO] [OptimaCaptureBot.ExcelHandler] Copia de seguridad creada en temp\Optima_Capture_Bot.xlsx.bak
[2026-05-29 13:55:06,105] [INFO] [OptimaCaptureBot.ExcelHandler] Fila 8 de Excel actualizada exitosamente a estado: VALIDADO
[2026-05-29 13:55:06,106] [INFO] [OptimaCaptureBot.Orchestrator] Depuración previa completada de forma segura.
[2026-05-29 13:55:06,106] [INFO] [OptimaCaptureBot.Orchestrator] Iniciando navegador Playwright...
[2026-05-29 13:55:06,108] [INFO] [OptimaCaptureBot.Scraper] Iniciando Playwright...
[2026-05-29 13:55:08,270] [INFO] [OptimaCaptureBot.Scraper] Navegando a la URL del SATQ: https://satq.qroo.gob.mx/paperless/timbrador.html
[2026-05-29 13:55:10,464] [INFO] [OptimaCaptureBot.Orchestrator] No se requiere inicio de sesión manual. Continuando con el proceso.
[2026-05-29 13:55:10,464] [INFO] [OptimaCaptureBot.Orchestrator] Procesando Fila 2: [Referencia: 70026998459764455] en carpeta Lote_1
[2026-05-29 13:55:10,469] [INFO] [OptimaCaptureBot.ExcelHandler] Copia de seguridad creada en temp\Optima_Capture_Bot.xlsx.bak
[2026-05-29 13:55:10,597] [INFO] [OptimaCaptureBot.ExcelHandler] Fila 2 de Excel actualizada exitosamente a estado: EN_PROCESO
[2026-05-29 13:55:10,598] [INFO] [OptimaCaptureBot.Scraper] Iniciando consulta automatizada para referencia: 70026998459764455 (RFC: CIN010904D31)
[2026-05-29 13:55:20,284] [INFO] [OptimaCaptureBot.Scraper] Botón Buscar pulsado, esperando resultados...
[2026-05-29 13:55:22,413] [INFO] [OptimaCaptureBot.Scraper] Escenario detectado: YA_GENERADA
[2026-05-29 13:55:22,413] [INFO] [OptimaCaptureBot.Scraper] Consulta enviada. Esperando resultados...
[2026-05-29 13:55:25,297] [INFO] [OptimaCaptureBot.Scraper] Referencia ya generada, proceder a descarga directa.
[2026-05-29 13:55:25,470] [INFO] [OptimaCaptureBot.Scraper] Se encontraron 2 botones PDF para descargar.
[2026-05-29 13:55:25,471] [INFO] [OptimaCaptureBot.Scraper] Descargando PDF 1 de 2...
[2026-05-29 13:55:29,314] [ERROR] [OptimaCaptureBot.Scraper] Error procesando registro 70026998459764455: name 'datetime' is not defined
[2026-05-29 13:55:29,561] [INFO] [OptimaCaptureBot.Scraper] Evidencia visual guardada exitosamente en screenshots\70026998459764455_20260529_135529_error.png
[2026-05-29 13:55:29,574] [INFO] [OptimaCaptureBot.ExcelHandler] Copia de seguridad creada en temp\Optima_Capture_Bot.xlsx.bak
[2026-05-29 13:55:29,873] [INFO] [OptimaCaptureBot.ExcelHandler] Fila 2 de Excel actualizada exitosamente a estado: ERROR_PORTAL
[2026-05-29 13:55:30,097] [ERROR] [OptimaCaptureBot.Orchestrator] Referencia 70026998459764455 falló: name 'datetime' is not defined
[2026-05-29 13:55:30,098] [INFO] [OptimaCaptureBot.Orchestrator] Procesando Fila 3: [Referencia: 70026998479764477] en carpeta Lote_1
[2026-05-29 13:55:30,218] [INFO] [OptimaCaptureBot.ExcelHandler] Copia de seguridad creada en temp\Optima_Capture_Bot.xlsx.bak
[2026-05-29 13:55:30,426] [INFO] [OptimaCaptureBot.ExcelHandler] Fila 3 de Excel actualizada exitosamente a estado: EN_PROCESO
[2026-05-29 13:55:30,426] [INFO] [OptimaCaptureBot.Scraper] Iniciando consulta automatizada para referencia: 70026998479764477 (RFC: CIN010904D31)
[2026-05-29 13:55:39,448] [INFO] [OptimaCaptureBot.Scraper] Botón Buscar pulsado, esperando resultados...
[2026-05-29 13:55:41,551] [INFO] [OptimaCaptureBot.Scraper] Escenario detectado: YA_GENERADA
[2026-05-29 13:55:41,552] [INFO] [OptimaCaptureBot.Scraper] Consulta enviada. Esperando resultados...
[2026-05-29 13:55:43,730] [INFO] [OptimaCaptureBot.Scraper] Referencia ya generada, proceder a descarga directa.
[2026-05-29 13:55:43,750] [INFO] [OptimaCaptureBot.Scraper] Se encontraron 2 botones PDF para descargar.
[2026-05-29 13:55:43,750] [INFO] [OptimaCaptureBot.Scraper] Descargando PDF 1 de 2...
[2026-05-29 13:55:46,551] [ERROR] [OptimaCaptureBot.Scraper] Error procesando registro 70026998479764477: name 'datetime' is not defined
[2026-05-29 13:55:46,750] [INFO] [OptimaCaptureBot.Scraper] Evidencia visual guardada exitosamente en screenshots\70026998479764477_20260529_135546_error.png
[2026-05-29 13:55:46,757] [INFO] [OptimaCaptureBot.ExcelHandler] Copia de seguridad creada en temp\Optima_Capture_Bot.xlsx.bak
[2026-05-29 13:55:47,037] [INFO] [OptimaCaptureBot.ExcelHandler] Fila 3 de Excel actualizada exitosamente a estado: ERROR_PORTAL
[2026-05-29 13:55:47,192] [ERROR] [OptimaCaptureBot.Orchestrator] Referencia 70026998479764477 falló: name 'datetime' is not defined
[2026-05-29 13:55:47,192] [INFO] [OptimaCaptureBot.Orchestrator] Procesando Fila 4: [Referencia: 70026998509764413] en carpeta Lote_1
[2026-05-29 13:55:47,327] [INFO] [OptimaCaptureBot.ExcelHandler] Copia de seguridad creada en temp\Optima_Capture_Bot.xlsx.bak
[2026-05-29 13:55:47,616] [INFO] [OptimaCaptureBot.ExcelHandler] Fila 4 de Excel actualizada exitosamente a estado: EN_PROCESO
[2026-05-29 13:55:47,617] [INFO] [OptimaCaptureBot.Scraper] Iniciando consulta automatizada para referencia: 70026998509764413 (RFC: CIN010904D31)
[2026-05-29 13:55:56,113] [INFO] [OptimaCaptureBot.Scraper] Botón Buscar pulsado, esperando resultados...
[2026-05-29 13:55:58,175] [INFO] [OptimaCaptureBot.Scraper] Escenario detectado: YA_GENERADA
[2026-05-29 13:55:58,175] [INFO] [OptimaCaptureBot.Scraper] Consulta enviada. Esperando resultados...
[2026-05-29 13:56:00,733] [INFO] [OptimaCaptureBot.Scraper] Referencia ya generada, proceder a descarga directa.
[2026-05-29 13:56:00,754] [INFO] [OptimaCaptureBot.Scraper] Se encontraron 2 botones PDF para descargar.
[2026-05-29 13:56:00,755] [INFO] [OptimaCaptureBot.Scraper] Descargando PDF 1 de 2...
[2026-05-29 13:56:04,030] [ERROR] [OptimaCaptureBot.Scraper] Error procesando registro 70026998509764413: name 'datetime' is not defined
[2026-05-29 13:56:04,253] [INFO] [OptimaCaptureBot.Scraper] Evidencia visual guardada exitosamente en screenshots\70026998509764413_20260529_135604_error.png
[2026-05-29 13:56:04,279] [INFO] [OptimaCaptureBot.ExcelHandler] Copia de seguridad creada en temp\Optima_Capture_Bot.xlsx.bak
[2026-05-29 13:56:04,654] [INFO] [OptimaCaptureBot.ExcelHandler] Fila 4 de Excel actualizada exitosamente a estado: ERROR_PORTAL
[2026-05-29 13:56:04,863] [ERROR] [OptimaCaptureBot.Orchestrator] Referencia 70026998509764413 falló: name 'datetime' is not defined
[2026-05-29 13:56:04,864] [INFO] [OptimaCaptureBot.Orchestrator] Procesando Fila 5: [Referencia: 70026998539764446] en carpeta Lote_1
[2026-05-29 13:56:04,967] [INFO] [OptimaCaptureBot.ExcelHandler] Copia de seguridad creada en temp\Optima_Capture_Bot.xlsx.bak
[2026-05-29 13:56:05,194] [INFO] [OptimaCaptureBot.ExcelHandler] Fila 5 de Excel actualizada exitosamente a estado: EN_PROCESO
[2026-05-29 13:56:05,195] [INFO] [OptimaCaptureBot.Scraper] Iniciando consulta automatizada para referencia: 70026998539764446 (RFC: CIN010904D31)
[2026-05-29 13:56:13,962] [INFO] [OptimaCaptureBot.Scraper] Botón Buscar pulsado, esperando resultados...
[2026-05-29 13:56:16,001] [INFO] [OptimaCaptureBot.Scraper] Escenario detectado: YA_GENERADA
[2026-05-29 13:56:16,001] [INFO] [OptimaCaptureBot.Scraper] Consulta enviada. Esperando resultados...
[2026-05-29 13:56:18,873] [INFO] [OptimaCaptureBot.Scraper] Referencia ya generada, proceder a descarga directa.
[2026-05-29 13:56:18,893] [INFO] [OptimaCaptureBot.Scraper] Se encontraron 2 botones PDF para descargar.
[2026-05-29 13:56:18,894] [INFO] [OptimaCaptureBot.Scraper] Descargando PDF 1 de 2...
[2026-05-29 13:56:21,548] [ERROR] [OptimaCaptureBot.Scraper] Error procesando registro 70026998539764446: name 'datetime' is not defined
[2026-05-29 13:56:21,766] [INFO] [OptimaCaptureBot.Scraper] Evidencia visual guardada exitosamente en screenshots\70026998539764446_20260529_135621_error.png
[2026-05-29 13:56:21,785] [INFO] [OptimaCaptureBot.ExcelHandler] Copia de seguridad creada en temp\Optima_Capture_Bot.xlsx.bak
[2026-05-29 13:56:22,158] [INFO] [OptimaCaptureBot.ExcelHandler] Fila 5 de Excel actualizada exitosamente a estado: ERROR_PORTAL
[2026-05-29 13:56:22,409] [ERROR] [OptimaCaptureBot.Orchestrator] Referencia 70026998539764446 falló: name 'datetime' is not defined
[2026-05-29 13:56:22,409] [INFO] [OptimaCaptureBot.Orchestrator] Procesando Fila 6: [Referencia: 70026998559764468] en carpeta Lote_1
[2026-05-29 13:56:22,536] [INFO] [OptimaCaptureBot.ExcelHandler] Copia de seguridad creada en temp\Optima_Capture_Bot.xlsx.bak
[2026-05-29 13:56:22,783] [INFO] [OptimaCaptureBot.ExcelHandler] Fila 6 de Excel actualizada exitosamente a estado: EN_PROCESO
[2026-05-29 13:56:22,784] [INFO] [OptimaCaptureBot.Scraper] Iniciando consulta automatizada para referencia: 70026998559764468 (RFC: CIN010904D31)
[2026-05-29 13:56:31,038] [INFO] [OptimaCaptureBot.Scraper] Botón Buscar pulsado, esperando resultados...
[2026-05-29 13:56:33,085] [INFO] [OptimaCaptureBot.Scraper] Escenario detectado: YA_GENERADA
[2026-05-29 13:56:33,086] [INFO] [OptimaCaptureBot.Scraper] Consulta enviada. Esperando resultados...
[2026-05-29 13:56:35,184] [INFO] [OptimaCaptureBot.Scraper] Referencia ya generada, proceder a descarga directa.
[2026-05-29 13:56:35,203] [INFO] [OptimaCaptureBot.Scraper] Se encontraron 2 botones PDF para descargar.
[2026-05-29 13:56:35,204] [INFO] [OptimaCaptureBot.Scraper] Descargando PDF 1 de 2...
[2026-05-29 13:56:38,103] [ERROR] [OptimaCaptureBot.Scraper] Error procesando registro 70026998559764468: name 'datetime' is not defined
[2026-05-29 13:56:38,309] [INFO] [OptimaCaptureBot.Scraper] Evidencia visual guardada exitosamente en screenshots\70026998559764468_20260529_135638_error.png
[2026-05-29 13:56:38,318] [INFO] [OptimaCaptureBot.ExcelHandler] Copia de seguridad creada en temp\Optima_Capture_Bot.xlsx.bak
[2026-05-29 13:56:38,668] [INFO] [OptimaCaptureBot.ExcelHandler] Fila 6 de Excel actualizada exitosamente a estado: ERROR_PORTAL
[2026-05-29 13:56:38,875] [ERROR] [OptimaCaptureBot.Orchestrator] Referencia 70026998559764468 falló: name 'datetime' is not defined
[2026-05-29 13:56:38,876] [INFO] [OptimaCaptureBot.Orchestrator] Procesando Fila 7: [Referencia: 70026998569764479] en carpeta Lote_1
[2026-05-29 13:56:39,051] [INFO] [OptimaCaptureBot.ExcelHandler] Copia de seguridad creada en temp\Optima_Capture_Bot.xlsx.bak
[2026-05-29 13:56:39,280] [INFO] [OptimaCaptureBot.ExcelHandler] Fila 7 de Excel actualizada exitosamente a estado: EN_PROCESO
[2026-05-29 13:56:39,281] [INFO] [OptimaCaptureBot.Scraper] Iniciando consulta automatizada para referencia: 70026998569764479 (RFC: CIN010904D31)
[2026-05-29 13:56:47,640] [INFO] [OptimaCaptureBot.Scraper] Botón Buscar pulsado, esperando resultados...
[2026-05-29 13:56:49,689] [INFO] [OptimaCaptureBot.Scraper] Escenario detectado: YA_GENERADA
[2026-05-29 13:56:49,689] [INFO] [OptimaCaptureBot.Scraper] Consulta enviada. Esperando resultados...
[2026-05-29 13:56:52,246] [INFO] [OptimaCaptureBot.Scraper] Referencia ya generada, proceder a descarga directa.
[2026-05-29 13:56:52,265] [INFO] [OptimaCaptureBot.Scraper] Se encontraron 2 botones PDF para descargar.
[2026-05-29 13:56:52,266] [INFO] [OptimaCaptureBot.Scraper] Descargando PDF 1 de 2...
[2026-05-29 13:56:54,917] [ERROR] [OptimaCaptureBot.Scraper] Error procesando registro 70026998569764479: name 'datetime' is not defined
[2026-05-29 13:56:55,124] [INFO] [OptimaCaptureBot.Scraper] Evidencia visual guardada exitosamente en screenshots\70026998569764479_20260529_135654_error.png
[2026-05-29 13:56:55,132] [INFO] [OptimaCaptureBot.ExcelHandler] Copia de seguridad creada en temp\Optima_Capture_Bot.xlsx.bak
[2026-05-29 13:56:55,403] [INFO] [OptimaCaptureBot.ExcelHandler] Fila 7 de Excel actualizada exitosamente a estado: ERROR_PORTAL
[2026-05-29 13:56:55,575] [ERROR] [OptimaCaptureBot.Orchestrator] Referencia 70026998569764479 falló: name 'datetime' is not defined
[2026-05-29 13:56:55,576] [INFO] [OptimaCaptureBot.Orchestrator] Procesando Fila 8: [Referencia: 70026998869764421] en carpeta Lote_1
[2026-05-29 13:56:55,723] [INFO] [OptimaCaptureBot.ExcelHandler] Copia de seguridad creada en temp\Optima_Capture_Bot.xlsx.bak
[2026-05-29 13:56:55,951] [INFO] [OptimaCaptureBot.ExcelHandler] Fila 8 de Excel actualizada exitosamente a estado: EN_PROCESO
[2026-05-29 13:56:55,952] [INFO] [OptimaCaptureBot.Scraper] Iniciando consulta automatizada para referencia: 70026998869764421 (RFC: CIN010904D31)
[2026-05-29 13:57:04,770] [INFO] [OptimaCaptureBot.Scraper] Botón Buscar pulsado, esperando resultados...
[2026-05-29 13:57:06,819] [INFO] [OptimaCaptureBot.Scraper] Escenario detectado: YA_GENERADA
[2026-05-29 13:57:06,819] [INFO] [OptimaCaptureBot.Scraper] Consulta enviada. Esperando resultados...
[2026-05-29 13:57:08,859] [INFO] [OptimaCaptureBot.Scraper] Referencia ya generada, proceder a descarga directa.
[2026-05-29 13:57:08,933] [INFO] [OptimaCaptureBot.Scraper] Se encontraron 2 botones PDF para descargar.
[2026-05-29 13:57:08,934] [INFO] [OptimaCaptureBot.Scraper] Descargando PDF 1 de 2...
[2026-05-29 13:57:15,749] [ERROR] [OptimaCaptureBot.Scraper] Error procesando registro 70026998869764421: name 'datetime' is not defined
[2026-05-29 13:57:16,021] [INFO] [OptimaCaptureBot.Scraper] Evidencia visual guardada exitosamente en screenshots\70026998869764421_20260529_135715_error.png
[2026-05-29 13:57:16,032] [INFO] [OptimaCaptureBot.ExcelHandler] Copia de seguridad creada en temp\Optima_Capture_Bot.xlsx.bak
[2026-05-29 13:57:16,663] [ERROR] [OptimaCaptureBot.ExcelHandler] Fallo de permisos al guardar fila 8: [WinError 32] El proceso no tiene acceso al archivo porque está siendo utilizado por otro proceso: 'temp\\tmp_2bb2d1ce412d4333b479587abc3c6d0b.xlsx'
[2026-05-29 13:57:16,664] [WARNING] [OptimaCaptureBot.Orchestrator] Advertencia: El archivo Excel está bloqueado. Pausando bot para guardar el resultado.
[2026-05-29 13:57:19,670] [INFO] [OptimaCaptureBot.ExcelHandler] Copia de seguridad creada en temp\Optima_Capture_Bot.xlsx.bak
[2026-05-29 13:57:19,888] [INFO] [OptimaCaptureBot.ExcelHandler] Fila 8 de Excel actualizada exitosamente a estado: ERROR_PORTAL
[2026-05-29 13:57:20,054] [ERROR] [OptimaCaptureBot.Orchestrator] Referencia 70026998869764421 falló: name 'datetime' is not defined
[2026-05-29 13:57:20,054] [INFO] [OptimaCaptureBot.Orchestrator] Procesamiento de registros completado.
[2026-05-29 13:57:20,054] [INFO] [OptimaCaptureBot.Orchestrator] El navegador permanece abierto. Ciérrelo manualmente cuando lo desee.
[2026-05-29 13:57:20,055] [INFO] [OptimaCaptureBot.Orchestrator] Orquestador finalizado de forma ordenada.
[2026-05-29 14:08:18,438] [WARNING] [root] Interrupción de teclado detectada. Cerrando bot...
[2026-05-29 14:08:18,450] [WARNING] [OptimaCaptureBot.Scraper] Error al cerrar los recursos de Playwright: cannot switch to a different thread (which happens to have exited)
[2026-05-29 14:08:18,451] [INFO] [root] Aplicación cerrada de forma limpia.
[2026-05-29 14:08:21,074] [INFO] [root] Sistema de logging inicializado exitosamente.
[2026-05-29 14:08:21,075] [INFO] [root] Archivo Excel localizado en: C:\Users\dramos\Documents\Proyecto_CapturaBot\Optima_Capture_Bot.xlsx
[2026-05-29 14:08:21,075] [INFO] [root] Lanzando interfaz gráfica en CustomTkinter...
[2026-05-29 14:14:37,215] [INFO] [root] Aplicación cerrada de forma limpia.
[2026-05-29 14:14:53,938] [INFO] [root] Sistema de logging inicializado exitosamente.
[2026-05-29 14:14:53,939] [INFO] [root] Archivo Excel localizado en: C:\Users\dramos\Documents\Proyecto_CapturaBot\Optima_Capture_Bot.xlsx
[2026-05-29 14:14:53,939] [INFO] [root] Lanzando interfaz gráfica en CustomTkinter...
[2026-05-29 14:28:10,266] [INFO] [root] Aplicación cerrada de forma limpia.
[2026-05-29 14:29:11,747] [INFO] [root] Sistema de logging inicializado exitosamente.
[2026-05-29 14:29:11,748] [INFO] [root] Archivo Excel localizado en: C:\Users\dramos\Documents\Proyecto_CapturaBot\Optima_Capture_Bot.xlsx
[2026-05-29 14:29:11,748] [INFO] [root] Lanzando interfaz gráfica en CustomTkinter...
[2026-05-29 14:30:08,249] [INFO] [OptimaCaptureBot.Orchestrator] Iniciando orquestador operativo...
[2026-05-29 14:30:08,249] [INFO] [OptimaCaptureBot.Orchestrator] Cargando catálogo de RFC y registros del Excel...
[2026-05-29 14:30:11,257] [INFO] [OptimaCaptureBot.ExcelHandler] Cargados 7 registros desde Control_Referencias
[2026-05-29 14:30:11,258] [INFO] [OptimaCaptureBot.Orchestrator] Catálogo RFC: CIN010904D31 (CADU INMOBILIARIA)
[2026-05-29 14:30:11,258] [INFO] [OptimaCaptureBot.Orchestrator] Total registros cargados de Excel: 7
[2026-05-29 14:30:11,258] [INFO] [OptimaCaptureBot.Orchestrator] Ejecutando depuración previa y detección de duplicados locales...
[2026-05-29 14:30:11,266] [INFO] [OptimaCaptureBot.ExcelHandler] Copia de seguridad creada en temp\Optima_Capture_Bot.xlsx.bak
[2026-05-29 14:30:11,494] [INFO] [OptimaCaptureBot.ExcelHandler] Fila 2 de Excel actualizada exitosamente a estado: VALIDADO
[2026-05-29 14:30:11,599] [INFO] [OptimaCaptureBot.ExcelHandler] Copia de seguridad creada en temp\Optima_Capture_Bot.xlsx.bak
[2026-05-29 14:30:11,807] [INFO] [OptimaCaptureBot.ExcelHandler] Fila 3 de Excel actualizada exitosamente a estado: VALIDADO
[2026-05-29 14:30:11,913] [INFO] [OptimaCaptureBot.ExcelHandler] Copia de seguridad creada en temp\Optima_Capture_Bot.xlsx.bak
[2026-05-29 14:30:12,126] [INFO] [OptimaCaptureBot.ExcelHandler] Fila 4 de Excel actualizada exitosamente a estado: VALIDADO
[2026-05-29 14:30:12,131] [INFO] [OptimaCaptureBot.ExcelHandler] Copia de seguridad creada en temp\Optima_Capture_Bot.xlsx.bak
[2026-05-29 14:30:12,229] [INFO] [OptimaCaptureBot.ExcelHandler] Fila 5 de Excel actualizada exitosamente a estado: VALIDADO
[2026-05-29 14:30:12,236] [INFO] [OptimaCaptureBot.ExcelHandler] Copia de seguridad creada en temp\Optima_Capture_Bot.xlsx.bak
[2026-05-29 14:30:12,336] [INFO] [OptimaCaptureBot.ExcelHandler] Fila 6 de Excel actualizada exitosamente a estado: VALIDADO
[2026-05-29 14:30:12,342] [INFO] [OptimaCaptureBot.ExcelHandler] Copia de seguridad creada en temp\Optima_Capture_Bot.xlsx.bak
[2026-05-29 14:30:12,437] [INFO] [OptimaCaptureBot.ExcelHandler] Fila 7 de Excel actualizada exitosamente a estado: VALIDADO
[2026-05-29 14:30:12,442] [INFO] [OptimaCaptureBot.ExcelHandler] Copia de seguridad creada en temp\Optima_Capture_Bot.xlsx.bak
[2026-05-29 14:30:12,552] [INFO] [OptimaCaptureBot.ExcelHandler] Fila 8 de Excel actualizada exitosamente a estado: VALIDADO
[2026-05-29 14:30:12,553] [INFO] [OptimaCaptureBot.Orchestrator] Depuración previa completada de forma segura.
[2026-05-29 14:30:12,554] [INFO] [OptimaCaptureBot.Orchestrator] Iniciando navegador Playwright...
[2026-05-29 14:30:12,557] [INFO] [OptimaCaptureBot.Scraper] Iniciando Playwright...
[2026-05-29 14:30:13,260] [INFO] [OptimaCaptureBot.Scraper] Usando perfil persistente de Chrome en: C:\Users\dramos\Documents\Proyecto_CapturaBot\temp\perfil_bot
[2026-05-29 14:30:14,675] [INFO] [OptimaCaptureBot.Scraper] Navegando a la URL del SATQ: https://satq.qroo.gob.mx/paperless/timbrador.html
[2026-05-29 14:30:17,101] [INFO] [OptimaCaptureBot.Orchestrator] No se requiere inicio de sesión manual. Continuando con el proceso.
[2026-05-29 14:30:17,102] [INFO] [OptimaCaptureBot.Orchestrator] Procesando Fila 2: [Referencia: 70026998459764455] en carpeta Lote_1
[2026-05-29 14:30:17,107] [INFO] [OptimaCaptureBot.ExcelHandler] Copia de seguridad creada en temp\Optima_Capture_Bot.xlsx.bak
[2026-05-29 14:30:17,216] [INFO] [OptimaCaptureBot.ExcelHandler] Fila 2 de Excel actualizada exitosamente a estado: EN_PROCESO
[2026-05-29 14:30:17,217] [INFO] [OptimaCaptureBot.Scraper] Iniciando consulta automatizada para referencia: 70026998459764455 (RFC: CIN010904D31)
[2026-05-29 14:30:25,351] [INFO] [OptimaCaptureBot.Scraper] Botón Buscar pulsado, esperando resultados...
[2026-05-29 14:30:27,401] [INFO] [OptimaCaptureBot.Scraper] Escenario detectado: YA_GENERADA
[2026-05-29 14:30:27,402] [INFO] [OptimaCaptureBot.Scraper] Consulta enviada. Esperando resultados...
[2026-05-29 14:30:30,072] [INFO] [OptimaCaptureBot.Scraper] Referencia ya generada, proceder a descarga directa.
[2026-05-29 14:30:30,139] [INFO] [OptimaCaptureBot.Scraper] Se encontraron 2 botones PDF para descargar.
[2026-05-29 14:30:30,141] [INFO] [OptimaCaptureBot.Scraper] Descargando PDF 1 de 2...
[2026-05-29 14:30:33,208] [ERROR] [OptimaCaptureBot.Scraper] Error procesando registro 70026998459764455: name 'datetime' is not defined
[2026-05-29 14:30:33,433] [INFO] [OptimaCaptureBot.Scraper] Evidencia visual guardada exitosamente en screenshots\70026998459764455_20260529_143033_error.png
[2026-05-29 14:30:33,449] [INFO] [OptimaCaptureBot.ExcelHandler] Copia de seguridad creada en temp\Optima_Capture_Bot.xlsx.bak
[2026-05-29 14:30:33,831] [INFO] [OptimaCaptureBot.ExcelHandler] Fila 2 de Excel actualizada exitosamente a estado: ERROR_PORTAL
[2026-05-29 14:30:34,015] [ERROR] [OptimaCaptureBot.Orchestrator] Referencia 70026998459764455 falló: name 'datetime' is not defined
[2026-05-29 14:30:34,016] [INFO] [OptimaCaptureBot.Orchestrator] Procesando Fila 3: [Referencia: 70026998479764477] en carpeta Lote_1
[2026-05-29 14:30:34,156] [INFO] [OptimaCaptureBot.ExcelHandler] Copia de seguridad creada en temp\Optima_Capture_Bot.xlsx.bak
[2026-05-29 14:30:34,406] [INFO] [OptimaCaptureBot.ExcelHandler] Fila 3 de Excel actualizada exitosamente a estado: EN_PROCESO
[2026-05-29 14:30:34,407] [INFO] [OptimaCaptureBot.Scraper] Iniciando consulta automatizada para referencia: 70026998479764477 (RFC: CIN010904D31)
[2026-05-29 14:30:43,879] [INFO] [OptimaCaptureBot.Scraper] Botón Buscar pulsado, esperando resultados...
[2026-05-29 14:30:45,933] [INFO] [OptimaCaptureBot.Scraper] Escenario detectado: YA_GENERADA
[2026-05-29 14:30:45,933] [INFO] [OptimaCaptureBot.Scraper] Consulta enviada. Esperando resultados...
[2026-05-29 14:30:48,420] [INFO] [OptimaCaptureBot.Scraper] Referencia ya generada, proceder a descarga directa.
[2026-05-29 14:30:48,481] [INFO] [OptimaCaptureBot.Scraper] Se encontraron 2 botones PDF para descargar.
[2026-05-29 14:30:48,482] [INFO] [OptimaCaptureBot.Scraper] Descargando PDF 1 de 2...
[2026-05-29 14:30:51,512] [ERROR] [OptimaCaptureBot.Scraper] Error procesando registro 70026998479764477: name 'datetime' is not defined
[2026-05-29 14:30:51,754] [INFO] [OptimaCaptureBot.Scraper] Evidencia visual guardada exitosamente en screenshots\70026998479764477_20260529_143051_error.png
[2026-05-29 14:30:51,765] [INFO] [OptimaCaptureBot.ExcelHandler] Copia de seguridad creada en temp\Optima_Capture_Bot.xlsx.bak
[2026-05-29 14:30:52,346] [ERROR] [OptimaCaptureBot.ExcelHandler] Fallo de permisos al guardar fila 3: [WinError 32] El proceso no tiene acceso al archivo porque está siendo utilizado por otro proceso: 'temp\\tmp_e83bbefd9d4f4197a6924de2ddfd85ca.xlsx'
[2026-05-29 14:30:52,347] [WARNING] [OptimaCaptureBot.Orchestrator] Advertencia: El archivo Excel está bloqueado. Pausando bot para guardar el resultado.
[2026-05-29 14:30:55,365] [INFO] [OptimaCaptureBot.ExcelHandler] Copia de seguridad creada en temp\Optima_Capture_Bot.xlsx.bak
[2026-05-29 14:30:55,746] [INFO] [OptimaCaptureBot.ExcelHandler] Fila 3 de Excel actualizada exitosamente a estado: ERROR_PORTAL
[2026-05-29 14:30:55,906] [ERROR] [OptimaCaptureBot.Orchestrator] Referencia 70026998479764477 falló: name 'datetime' is not defined
[2026-05-29 14:30:55,907] [INFO] [OptimaCaptureBot.Orchestrator] Procesando Fila 4: [Referencia: 70026998509764413] en carpeta Lote_1
[2026-05-29 14:30:56,004] [INFO] [OptimaCaptureBot.ExcelHandler] Copia de seguridad creada en temp\Optima_Capture_Bot.xlsx.bak
[2026-05-29 14:30:56,225] [INFO] [OptimaCaptureBot.ExcelHandler] Fila 4 de Excel actualizada exitosamente a estado: EN_PROCESO
[2026-05-29 14:30:56,226] [INFO] [OptimaCaptureBot.Scraper] Iniciando consulta automatizada para referencia: 70026998509764413 (RFC: CIN010904D31)
[2026-05-29 14:31:05,725] [INFO] [OptimaCaptureBot.Scraper] Botón Buscar pulsado, esperando resultados...
[2026-05-29 14:31:07,855] [INFO] [OptimaCaptureBot.Scraper] Escenario detectado: YA_GENERADA
[2026-05-29 14:31:07,856] [INFO] [OptimaCaptureBot.Scraper] Consulta enviada. Esperando resultados...
[2026-05-29 14:31:11,742] [INFO] [OptimaCaptureBot.Scraper] Referencia ya generada, proceder a descarga directa.
[2026-05-29 14:31:11,815] [INFO] [OptimaCaptureBot.Scraper] Se encontraron 2 botones PDF para descargar.
[2026-05-29 14:31:11,818] [INFO] [OptimaCaptureBot.Scraper] Descargando PDF 1 de 2...
[2026-05-29 14:31:14,784] [ERROR] [OptimaCaptureBot.Scraper] Error procesando registro 70026998509764413: name 'datetime' is not defined
[2026-05-29 14:31:15,048] [INFO] [OptimaCaptureBot.Scraper] Evidencia visual guardada exitosamente en screenshots\70026998509764413_20260529_143114_error.png
[2026-05-29 14:31:15,055] [INFO] [OptimaCaptureBot.ExcelHandler] Copia de seguridad creada en temp\Optima_Capture_Bot.xlsx.bak
[2026-05-29 14:31:15,338] [INFO] [OptimaCaptureBot.ExcelHandler] Fila 4 de Excel actualizada exitosamente a estado: ERROR_PORTAL
[2026-05-29 14:31:15,528] [ERROR] [OptimaCaptureBot.Orchestrator] Referencia 70026998509764413 falló: name 'datetime' is not defined
[2026-05-29 14:31:15,528] [INFO] [OptimaCaptureBot.Orchestrator] Procesando Fila 5: [Referencia: 70026998539764446] en carpeta Lote_1
[2026-05-29 14:31:15,632] [INFO] [OptimaCaptureBot.ExcelHandler] Copia de seguridad creada en temp\Optima_Capture_Bot.xlsx.bak
[2026-05-29 14:31:15,884] [INFO] [OptimaCaptureBot.ExcelHandler] Fila 5 de Excel actualizada exitosamente a estado: EN_PROCESO
[2026-05-29 14:31:15,885] [INFO] [OptimaCaptureBot.Scraper] Iniciando consulta automatizada para referencia: 70026998539764446 (RFC: CIN010904D31)
[2026-05-29 14:31:25,408] [INFO] [OptimaCaptureBot.Scraper] Botón Buscar pulsado, esperando resultados...
[2026-05-29 14:31:27,461] [INFO] [OptimaCaptureBot.Scraper] Escenario detectado: YA_GENERADA
[2026-05-29 14:31:27,461] [INFO] [OptimaCaptureBot.Scraper] Consulta enviada. Esperando resultados...
[2026-05-29 14:31:30,460] [INFO] [OptimaCaptureBot.Scraper] Referencia ya generada, proceder a descarga directa.
[2026-05-29 14:31:30,558] [INFO] [OptimaCaptureBot.Scraper] Se encontraron 2 botones PDF para descargar.
[2026-05-29 14:31:30,561] [INFO] [OptimaCaptureBot.Scraper] Descargando PDF 1 de 2...
[2026-05-29 14:31:33,465] [ERROR] [OptimaCaptureBot.Scraper] Error procesando registro 70026998539764446: name 'datetime' is not defined
[2026-05-29 14:31:33,711] [INFO] [OptimaCaptureBot.Scraper] Evidencia visual guardada exitosamente en screenshots\70026998539764446_20260529_143133_error.png
[2026-05-29 14:31:33,718] [INFO] [OptimaCaptureBot.ExcelHandler] Copia de seguridad creada en temp\Optima_Capture_Bot.xlsx.bak
[2026-05-29 14:31:33,982] [INFO] [OptimaCaptureBot.ExcelHandler] Fila 5 de Excel actualizada exitosamente a estado: ERROR_PORTAL
[2026-05-29 14:31:34,157] [ERROR] [OptimaCaptureBot.Orchestrator] Referencia 70026998539764446 falló: name 'datetime' is not defined
[2026-05-29 14:31:34,158] [INFO] [OptimaCaptureBot.Orchestrator] Procesando Fila 6: [Referencia: 70026998559764468] en carpeta Lote_1
[2026-05-29 14:31:34,284] [INFO] [OptimaCaptureBot.ExcelHandler] Copia de seguridad creada en temp\Optima_Capture_Bot.xlsx.bak
[2026-05-29 14:31:34,542] [INFO] [OptimaCaptureBot.ExcelHandler] Fila 6 de Excel actualizada exitosamente a estado: EN_PROCESO
[2026-05-29 14:31:34,543] [INFO] [OptimaCaptureBot.Scraper] Iniciando consulta automatizada para referencia: 70026998559764468 (RFC: CIN010904D31)
[2026-05-29 14:31:43,589] [INFO] [OptimaCaptureBot.Scraper] Botón Buscar pulsado, esperando resultados...
[2026-05-29 14:31:45,716] [INFO] [OptimaCaptureBot.Scraper] Escenario detectado: YA_GENERADA
[2026-05-29 14:31:45,717] [INFO] [OptimaCaptureBot.Scraper] Consulta enviada. Esperando resultados...
[2026-05-29 14:31:47,805] [INFO] [OptimaCaptureBot.Scraper] Referencia ya generada, proceder a descarga directa.
[2026-05-29 14:31:47,868] [INFO] [OptimaCaptureBot.Scraper] Se encontraron 2 botones PDF para descargar.
[2026-05-29 14:31:47,870] [INFO] [OptimaCaptureBot.Scraper] Descargando PDF 1 de 2...
[2026-05-29 14:31:50,905] [ERROR] [OptimaCaptureBot.Scraper] Error procesando registro 70026998559764468: name 'datetime' is not defined
[2026-05-29 14:31:51,143] [INFO] [OptimaCaptureBot.Scraper] Evidencia visual guardada exitosamente en screenshots\70026998559764468_20260529_143150_error.png
[2026-05-29 14:31:51,154] [INFO] [OptimaCaptureBot.ExcelHandler] Copia de seguridad creada en temp\Optima_Capture_Bot.xlsx.bak
[2026-05-29 14:31:51,415] [INFO] [OptimaCaptureBot.ExcelHandler] Fila 6 de Excel actualizada exitosamente a estado: ERROR_PORTAL
[2026-05-29 14:31:51,579] [ERROR] [OptimaCaptureBot.Orchestrator] Referencia 70026998559764468 falló: name 'datetime' is not defined
[2026-05-29 14:31:51,579] [INFO] [OptimaCaptureBot.Orchestrator] Procesando Fila 7: [Referencia: 70026998569764479] en carpeta Lote_1
[2026-05-29 14:31:51,683] [INFO] [OptimaCaptureBot.ExcelHandler] Copia de seguridad creada en temp\Optima_Capture_Bot.xlsx.bak
[2026-05-29 14:31:51,991] [INFO] [OptimaCaptureBot.ExcelHandler] Fila 7 de Excel actualizada exitosamente a estado: EN_PROCESO
[2026-05-29 14:31:51,992] [INFO] [OptimaCaptureBot.Scraper] Iniciando consulta automatizada para referencia: 70026998569764479 (RFC: CIN010904D31)
[2026-05-29 14:32:00,132] [INFO] [OptimaCaptureBot.Scraper] Botón Buscar pulsado, esperando resultados...
[2026-05-29 14:32:02,256] [INFO] [OptimaCaptureBot.Scraper] Escenario detectado: YA_GENERADA
[2026-05-29 14:32:02,257] [INFO] [OptimaCaptureBot.Scraper] Consulta enviada. Esperando resultados...
[2026-05-29 14:32:04,685] [INFO] [OptimaCaptureBot.Scraper] Referencia ya generada, proceder a descarga directa.
[2026-05-29 14:32:04,739] [INFO] [OptimaCaptureBot.Scraper] Se encontraron 2 botones PDF para descargar.
[2026-05-29 14:32:04,740] [INFO] [OptimaCaptureBot.Scraper] Descargando PDF 1 de 2...
[2026-05-29 14:32:07,969] [ERROR] [OptimaCaptureBot.Scraper] Error procesando registro 70026998569764479: name 'datetime' is not defined
[2026-05-29 14:32:08,199] [INFO] [OptimaCaptureBot.Scraper] Evidencia visual guardada exitosamente en screenshots\70026998569764479_20260529_143207_error.png
[2026-05-29 14:32:08,208] [INFO] [OptimaCaptureBot.ExcelHandler] Copia de seguridad creada en temp\Optima_Capture_Bot.xlsx.bak
[2026-05-29 14:32:08,463] [INFO] [OptimaCaptureBot.ExcelHandler] Fila 7 de Excel actualizada exitosamente a estado: ERROR_PORTAL
[2026-05-29 14:32:08,643] [ERROR] [OptimaCaptureBot.Orchestrator] Referencia 70026998569764479 falló: name 'datetime' is not defined
[2026-05-29 14:32:08,644] [INFO] [OptimaCaptureBot.Orchestrator] Procesando Fila 8: [Referencia: 70026998869764421] en carpeta Lote_1
[2026-05-29 14:32:08,778] [INFO] [OptimaCaptureBot.ExcelHandler] Copia de seguridad creada en temp\Optima_Capture_Bot.xlsx.bak
[2026-05-29 14:32:09,232] [INFO] [OptimaCaptureBot.ExcelHandler] Fila 8 de Excel actualizada exitosamente a estado: EN_PROCESO
[2026-05-29 14:32:09,234] [INFO] [OptimaCaptureBot.Scraper] Iniciando consulta automatizada para referencia: 70026998869764421 (RFC: CIN010904D31)
[2026-05-29 14:32:18,638] [INFO] [OptimaCaptureBot.Scraper] Botón Buscar pulsado, esperando resultados...
[2026-05-29 14:32:20,795] [INFO] [OptimaCaptureBot.Scraper] Escenario detectado: YA_GENERADA
[2026-05-29 14:32:20,796] [INFO] [OptimaCaptureBot.Scraper] Consulta enviada. Esperando resultados...
[2026-05-29 14:32:24,215] [INFO] [OptimaCaptureBot.Scraper] Referencia ya generada, proceder a descarga directa.
[2026-05-29 14:32:24,270] [INFO] [OptimaCaptureBot.Scraper] Se encontraron 2 botones PDF para descargar.
[2026-05-29 14:32:24,271] [INFO] [OptimaCaptureBot.Scraper] Descargando PDF 1 de 2...
[2026-05-29 14:32:27,377] [ERROR] [OptimaCaptureBot.Scraper] Error procesando registro 70026998869764421: name 'datetime' is not defined
[2026-05-29 14:32:27,559] [INFO] [OptimaCaptureBot.Scraper] Evidencia visual guardada exitosamente en screenshots\70026998869764421_20260529_143227_error.png
[2026-05-29 14:32:27,566] [INFO] [OptimaCaptureBot.ExcelHandler] Copia de seguridad creada en temp\Optima_Capture_Bot.xlsx.bak
[2026-05-29 14:32:27,828] [INFO] [OptimaCaptureBot.ExcelHandler] Fila 8 de Excel actualizada exitosamente a estado: ERROR_PORTAL
[2026-05-29 14:32:28,018] [ERROR] [OptimaCaptureBot.Orchestrator] Referencia 70026998869764421 falló: name 'datetime' is not defined
[2026-05-29 14:32:28,018] [INFO] [OptimaCaptureBot.Orchestrator] Procesamiento de registros completado.
[2026-05-29 14:32:28,018] [INFO] [OptimaCaptureBot.Orchestrator] El navegador permanece abierto. Ciérrelo manualmente cuando lo desee.
[2026-05-29 14:32:28,019] [INFO] [OptimaCaptureBot.Orchestrator] Orquestador finalizado de forma ordenada.
[2026-05-29 14:39:31,370] [WARNING] [OptimaCaptureBot.Scraper] Error al cerrar los recursos de Playwright: cannot switch to a different thread (which happens to have exited)
[2026-05-29 14:39:31,370] [INFO] [root] Aplicación cerrada de forma limpia.
[2026-05-29 14:40:02,902] [INFO] [root] Sistema de logging inicializado exitosamente.
[2026-05-29 14:40:02,903] [INFO] [root] Archivo Excel localizado en: C:\Users\dramos\Documents\Proyecto_CapturaBot\Optima_Capture_Bot.xlsx
[2026-05-29 14:40:02,903] [INFO] [root] Lanzando interfaz gráfica en CustomTkinter...
[2026-05-29 14:42:43,603] [WARNING] [root] Interrupción de teclado detectada. Cerrando bot...
[2026-05-29 14:42:43,604] [INFO] [root] Aplicación cerrada de forma limpia.
[2026-05-29 14:42:46,739] [INFO] [root] Sistema de logging inicializado exitosamente.
[2026-05-29 14:42:46,740] [INFO] [root] Archivo Excel localizado en: C:\Users\dramos\Documents\Proyecto_CapturaBot\Optima_Capture_Bot.xlsx
[2026-05-29 14:42:46,740] [INFO] [root] Lanzando interfaz gráfica en CustomTkinter...
[2026-05-29 14:43:32,557] [INFO] [OptimaCaptureBot.Orchestrator] Iniciando orquestador operativo...
[2026-05-29 14:43:32,558] [INFO] [OptimaCaptureBot.Orchestrator] Cargando catálogo de RFC y registros del Excel...
[2026-05-29 14:43:35,802] [INFO] [OptimaCaptureBot.ExcelHandler] Cargados 7 registros desde Control_Referencias
[2026-05-29 14:43:35,802] [INFO] [OptimaCaptureBot.Orchestrator] Catálogo RFC: CIN010904D31 (CADU INMOBILIARIA)
[2026-05-29 14:43:35,803] [INFO] [OptimaCaptureBot.Orchestrator] Total registros cargados de Excel: 7
[2026-05-29 14:43:35,803] [INFO] [OptimaCaptureBot.Orchestrator] Ejecutando depuración previa y detección de duplicados locales...
[2026-05-29 14:43:35,811] [INFO] [OptimaCaptureBot.ExcelHandler] Copia de seguridad creada en temp\Optima_Capture_Bot.xlsx.bak
[2026-05-29 14:43:36,053] [INFO] [OptimaCaptureBot.ExcelHandler] Fila 2 de Excel actualizada exitosamente a estado: VALIDADO
[2026-05-29 14:43:36,159] [INFO] [OptimaCaptureBot.ExcelHandler] Copia de seguridad creada en temp\Optima_Capture_Bot.xlsx.bak
[2026-05-29 14:43:36,368] [INFO] [OptimaCaptureBot.ExcelHandler] Fila 3 de Excel actualizada exitosamente a estado: VALIDADO
[2026-05-29 14:43:36,460] [INFO] [OptimaCaptureBot.ExcelHandler] Copia de seguridad creada en temp\Optima_Capture_Bot.xlsx.bak
[2026-05-29 14:43:36,721] [INFO] [OptimaCaptureBot.ExcelHandler] Fila 4 de Excel actualizada exitosamente a estado: VALIDADO
[2026-05-29 14:43:36,726] [INFO] [OptimaCaptureBot.ExcelHandler] Copia de seguridad creada en temp\Optima_Capture_Bot.xlsx.bak
[2026-05-29 14:43:36,833] [INFO] [OptimaCaptureBot.ExcelHandler] Fila 5 de Excel actualizada exitosamente a estado: VALIDADO
[2026-05-29 14:43:36,840] [INFO] [OptimaCaptureBot.ExcelHandler] Copia de seguridad creada en temp\Optima_Capture_Bot.xlsx.bak
[2026-05-29 14:43:36,939] [INFO] [OptimaCaptureBot.ExcelHandler] Fila 6 de Excel actualizada exitosamente a estado: VALIDADO
[2026-05-29 14:43:36,945] [INFO] [OptimaCaptureBot.ExcelHandler] Copia de seguridad creada en temp\Optima_Capture_Bot.xlsx.bak
[2026-05-29 14:43:37,042] [INFO] [OptimaCaptureBot.ExcelHandler] Fila 7 de Excel actualizada exitosamente a estado: VALIDADO
[2026-05-29 14:43:37,046] [INFO] [OptimaCaptureBot.ExcelHandler] Copia de seguridad creada en temp\Optima_Capture_Bot.xlsx.bak
[2026-05-29 14:43:37,149] [INFO] [OptimaCaptureBot.ExcelHandler] Fila 8 de Excel actualizada exitosamente a estado: VALIDADO
[2026-05-29 14:43:37,150] [INFO] [OptimaCaptureBot.Orchestrator] Depuración previa completada de forma segura.
[2026-05-29 14:43:37,150] [INFO] [OptimaCaptureBot.Orchestrator] Iniciando navegador Playwright...
[2026-05-29 14:43:37,153] [INFO] [OptimaCaptureBot.Scraper] Iniciando Playwright...
[2026-05-29 14:43:37,817] [INFO] [OptimaCaptureBot.Scraper] Usando perfil persistente de Chrome en: C:\Users\dramos\Documents\Proyecto_CapturaBot\temp\perfil_bot
[2026-05-29 14:43:39,256] [INFO] [OptimaCaptureBot.Scraper] Navegando a la URL del SATQ: https://satq.qroo.gob.mx/paperless/timbrador.html
[2026-05-29 14:43:40,202] [INFO] [OptimaCaptureBot.Orchestrator] No se requiere inicio de sesión manual. Continuando con el proceso.
[2026-05-29 14:43:40,203] [INFO] [OptimaCaptureBot.Orchestrator] Procesando Fila 2: [Referencia: 70026998459764455] en carpeta Lote_1
[2026-05-29 14:43:40,207] [INFO] [OptimaCaptureBot.ExcelHandler] Copia de seguridad creada en temp\Optima_Capture_Bot.xlsx.bak
[2026-05-29 14:43:40,318] [INFO] [OptimaCaptureBot.ExcelHandler] Fila 2 de Excel actualizada exitosamente a estado: EN_PROCESO
[2026-05-29 14:43:40,319] [INFO] [OptimaCaptureBot.Scraper] Iniciando consulta automatizada para referencia: 70026998459764455 (RFC: CIN010904D31)
[2026-05-29 14:43:48,967] [INFO] [OptimaCaptureBot.Scraper] Botón Buscar pulsado, esperando resultados...
[2026-05-29 14:43:51,084] [INFO] [OptimaCaptureBot.Scraper] Escenario detectado: YA_GENERADA
[2026-05-29 14:43:51,085] [INFO] [OptimaCaptureBot.Scraper] Consulta enviada. Esperando resultados...
[2026-05-29 14:43:54,411] [INFO] [OptimaCaptureBot.Scraper] Referencia ya generada, proceder a descarga directa.
[2026-05-29 14:43:54,479] [INFO] [OptimaCaptureBot.Scraper] Se encontraron 2 botones PDF para descargar.
[2026-05-29 14:43:54,480] [INFO] [OptimaCaptureBot.Scraper] Descargando PDF 1 de 2...
[2026-05-29 14:43:57,759] [INFO] [OptimaCaptureBot.Scraper] Descarga 1 completada y guardada en: C:\Users\dramos\Downloads\Facturas_Referencias\Lote_1\70026998459764455_CIN010904D31_20260529_1.pdf
[2026-05-29 14:43:57,760] [INFO] [OptimaCaptureBot.Scraper] Descargando PDF 2 de 2...
[2026-05-29 14:44:01,222] [INFO] [OptimaCaptureBot.Scraper] Descarga 2 completada y guardada en: C:\Users\dramos\Downloads\Facturas_Referencias\Lote_1\70026998459764455_CIN010904D31_20260529_2.pdf
[2026-05-29 14:44:01,230] [INFO] [OptimaCaptureBot.ExcelHandler] Copia de seguridad creada en temp\Optima_Capture_Bot.xlsx.bak
[2026-05-29 14:44:01,469] [INFO] [OptimaCaptureBot.ExcelHandler] Fila 2 de Excel actualizada exitosamente a estado: EXITOSO
[2026-05-29 14:44:01,469] [INFO] [OptimaCaptureBot.Orchestrator] Referencia 70026998459764455 descargada con éxito.
[2026-05-29 14:44:01,470] [INFO] [OptimaCaptureBot.Orchestrator] Procesando Fila 3: [Referencia: 70026998479764477] en carpeta Lote_1
[2026-05-29 14:44:01,733] [INFO] [OptimaCaptureBot.ExcelHandler] Copia de seguridad creada en temp\Optima_Capture_Bot.xlsx.bak
[2026-05-29 14:44:02,073] [INFO] [OptimaCaptureBot.ExcelHandler] Fila 3 de Excel actualizada exitosamente a estado: EN_PROCESO
[2026-05-29 14:44:02,074] [INFO] [OptimaCaptureBot.Scraper] Iniciando consulta automatizada para referencia: 70026998479764477 (RFC: CIN010904D31)
[2026-05-29 14:44:11,715] [INFO] [OptimaCaptureBot.Scraper] Botón Buscar pulsado, esperando resultados...
[2026-05-29 14:44:13,805] [INFO] [OptimaCaptureBot.Scraper] Escenario detectado: YA_GENERADA
[2026-05-29 14:44:13,806] [INFO] [OptimaCaptureBot.Scraper] Consulta enviada. Esperando resultados...
[2026-05-29 14:44:16,941] [INFO] [OptimaCaptureBot.Scraper] Referencia ya generada, proceder a descarga directa.
[2026-05-29 14:44:16,964] [INFO] [OptimaCaptureBot.Scraper] Se encontraron 2 botones PDF para descargar.
[2026-05-29 14:44:16,964] [INFO] [OptimaCaptureBot.Scraper] Descargando PDF 1 de 2...
[2026-05-29 14:44:19,889] [INFO] [OptimaCaptureBot.Scraper] Descarga 1 completada y guardada en: C:\Users\dramos\Downloads\Facturas_Referencias\Lote_1\70026998479764477_CIN010904D31_20260529_1.pdf
[2026-05-29 14:44:19,889] [INFO] [OptimaCaptureBot.Scraper] Descargando PDF 2 de 2...
[2026-05-29 14:44:25,643] [INFO] [OptimaCaptureBot.Scraper] Descarga 2 completada y guardada en: C:\Users\dramos\Downloads\Facturas_Referencias\Lote_1\70026998479764477_CIN010904D31_20260529_2.pdf
[2026-05-29 14:44:25,648] [INFO] [OptimaCaptureBot.ExcelHandler] Copia de seguridad creada en temp\Optima_Capture_Bot.xlsx.bak
[2026-05-29 14:44:25,888] [INFO] [OptimaCaptureBot.ExcelHandler] Fila 3 de Excel actualizada exitosamente a estado: EXITOSO
[2026-05-29 14:44:25,889] [INFO] [OptimaCaptureBot.Orchestrator] Referencia 70026998479764477 descargada con éxito.
[2026-05-29 14:44:25,889] [INFO] [OptimaCaptureBot.Orchestrator] Procesando Fila 4: [Referencia: 70026998509764413] en carpeta Lote_1
[2026-05-29 14:44:26,041] [INFO] [OptimaCaptureBot.ExcelHandler] Copia de seguridad creada en temp\Optima_Capture_Bot.xlsx.bak
[2026-05-29 14:44:26,302] [INFO] [OptimaCaptureBot.ExcelHandler] Fila 4 de Excel actualizada exitosamente a estado: EN_PROCESO
[2026-05-29 14:44:26,303] [INFO] [OptimaCaptureBot.Scraper] Iniciando consulta automatizada para referencia: 70026998509764413 (RFC: CIN010904D31)
[2026-05-29 14:44:34,850] [INFO] [OptimaCaptureBot.Scraper] Botón Buscar pulsado, esperando resultados...
[2026-05-29 14:44:36,940] [INFO] [OptimaCaptureBot.Scraper] Escenario detectado: YA_GENERADA
[2026-05-29 14:44:36,941] [INFO] [OptimaCaptureBot.Scraper] Consulta enviada. Esperando resultados...
[2026-05-29 14:44:40,895] [INFO] [OptimaCaptureBot.Scraper] Referencia ya generada, proceder a descarga directa.
[2026-05-29 14:44:40,928] [INFO] [OptimaCaptureBot.Scraper] Se encontraron 2 botones PDF para descargar.
[2026-05-29 14:44:40,929] [INFO] [OptimaCaptureBot.Scraper] Descargando PDF 1 de 2...
[2026-05-29 14:44:43,783] [INFO] [OptimaCaptureBot.Scraper] Descarga 1 completada y guardada en: C:\Users\dramos\Downloads\Facturas_Referencias\Lote_1\70026998509764413_CIN010904D31_20260529_1.pdf
[2026-05-29 14:44:43,783] [INFO] [OptimaCaptureBot.Scraper] Descargando PDF 2 de 2...
[2026-05-29 14:44:46,957] [INFO] [OptimaCaptureBot.Scraper] Descarga 2 completada y guardada en: C:\Users\dramos\Downloads\Facturas_Referencias\Lote_1\70026998509764413_CIN010904D31_20260529_2.pdf
[2026-05-29 14:44:46,964] [INFO] [OptimaCaptureBot.ExcelHandler] Copia de seguridad creada en temp\Optima_Capture_Bot.xlsx.bak
[2026-05-29 14:44:47,222] [INFO] [OptimaCaptureBot.ExcelHandler] Fila 4 de Excel actualizada exitosamente a estado: EXITOSO
[2026-05-29 14:44:47,222] [INFO] [OptimaCaptureBot.Orchestrator] Referencia 70026998509764413 descargada con éxito.
[2026-05-29 14:44:47,223] [INFO] [OptimaCaptureBot.Orchestrator] Procesando Fila 5: [Referencia: 70026998539764446] en carpeta Lote_1
[2026-05-29 14:44:47,404] [INFO] [OptimaCaptureBot.ExcelHandler] Copia de seguridad creada en temp\Optima_Capture_Bot.xlsx.bak
[2026-05-29 14:44:47,708] [INFO] [OptimaCaptureBot.ExcelHandler] Fila 5 de Excel actualizada exitosamente a estado: EN_PROCESO
[2026-05-29 14:44:47,709] [INFO] [OptimaCaptureBot.Scraper] Iniciando consulta automatizada para referencia: 70026998539764446 (RFC: CIN010904D31)
[2026-05-29 14:44:56,845] [INFO] [OptimaCaptureBot.Scraper] Botón Buscar pulsado, esperando resultados...
[2026-05-29 14:44:58,905] [INFO] [OptimaCaptureBot.Scraper] Escenario detectado: YA_GENERADA
[2026-05-29 14:44:58,906] [INFO] [OptimaCaptureBot.Scraper] Consulta enviada. Esperando resultados...
[2026-05-29 14:45:01,131] [INFO] [OptimaCaptureBot.Scraper] Referencia ya generada, proceder a descarga directa.
[2026-05-29 14:45:01,192] [INFO] [OptimaCaptureBot.Scraper] Se encontraron 2 botones PDF para descargar.
[2026-05-29 14:45:01,194] [INFO] [OptimaCaptureBot.Scraper] Descargando PDF 1 de 2...
[2026-05-29 14:45:04,273] [INFO] [OptimaCaptureBot.Scraper] Descarga 1 completada y guardada en: C:\Users\dramos\Downloads\Facturas_Referencias\Lote_1\70026998539764446_CIN010904D31_20260529_1.pdf
[2026-05-29 14:45:04,274] [INFO] [OptimaCaptureBot.Scraper] Descargando PDF 2 de 2...
[2026-05-29 14:45:07,418] [INFO] [OptimaCaptureBot.Scraper] Descarga 2 completada y guardada en: C:\Users\dramos\Downloads\Facturas_Referencias\Lote_1\70026998539764446_CIN010904D31_20260529_2.pdf
[2026-05-29 14:45:07,426] [INFO] [OptimaCaptureBot.ExcelHandler] Copia de seguridad creada en temp\Optima_Capture_Bot.xlsx.bak
[2026-05-29 14:45:07,655] [INFO] [OptimaCaptureBot.ExcelHandler] Fila 5 de Excel actualizada exitosamente a estado: EXITOSO
[2026-05-29 14:45:07,655] [INFO] [OptimaCaptureBot.Orchestrator] Referencia 70026998539764446 descargada con éxito.
[2026-05-29 14:45:07,656] [INFO] [OptimaCaptureBot.Orchestrator] Procesando Fila 6: [Referencia: 70026998559764468] en carpeta Lote_1
[2026-05-29 14:45:07,758] [INFO] [OptimaCaptureBot.ExcelHandler] Copia de seguridad creada en temp\Optima_Capture_Bot.xlsx.bak
[2026-05-29 14:45:08,007] [INFO] [OptimaCaptureBot.ExcelHandler] Fila 6 de Excel actualizada exitosamente a estado: EN_PROCESO
[2026-05-29 14:45:08,008] [INFO] [OptimaCaptureBot.Scraper] Iniciando consulta automatizada para referencia: 70026998559764468 (RFC: CIN010904D31)
[2026-05-29 14:45:16,278] [INFO] [OptimaCaptureBot.Scraper] Botón Buscar pulsado, esperando resultados...
[2026-05-29 14:45:18,364] [INFO] [OptimaCaptureBot.Scraper] Escenario detectado: YA_GENERADA
[2026-05-29 14:45:18,365] [INFO] [OptimaCaptureBot.Scraper] Consulta enviada. Esperando resultados...
[2026-05-29 14:45:20,371] [INFO] [OptimaCaptureBot.Scraper] Referencia ya generada, proceder a descarga directa.
[2026-05-29 14:45:20,396] [INFO] [OptimaCaptureBot.Scraper] Se encontraron 2 botones PDF para descargar.
[2026-05-29 14:45:20,397] [INFO] [OptimaCaptureBot.Scraper] Descargando PDF 1 de 2...
[2026-05-29 14:45:23,242] [INFO] [OptimaCaptureBot.Scraper] Descarga 1 completada y guardada en: C:\Users\dramos\Downloads\Facturas_Referencias\Lote_1\70026998559764468_CIN010904D31_20260529_1.pdf
[2026-05-29 14:45:23,242] [INFO] [OptimaCaptureBot.Scraper] Descargando PDF 2 de 2...
[2026-05-29 14:45:26,312] [INFO] [OptimaCaptureBot.Scraper] Descarga 2 completada y guardada en: C:\Users\dramos\Downloads\Facturas_Referencias\Lote_1\70026998559764468_CIN010904D31_20260529_2.pdf
[2026-05-29 14:45:26,317] [INFO] [OptimaCaptureBot.ExcelHandler] Copia de seguridad creada en temp\Optima_Capture_Bot.xlsx.bak
[2026-05-29 14:45:26,556] [INFO] [OptimaCaptureBot.ExcelHandler] Fila 6 de Excel actualizada exitosamente a estado: EXITOSO
[2026-05-29 14:45:26,557] [INFO] [OptimaCaptureBot.Orchestrator] Referencia 70026998559764468 descargada con éxito.
[2026-05-29 14:45:26,557] [INFO] [OptimaCaptureBot.Orchestrator] Procesando Fila 7: [Referencia: 70026998569764479] en carpeta Lote_1
[2026-05-29 14:45:26,703] [INFO] [OptimaCaptureBot.ExcelHandler] Copia de seguridad creada en temp\Optima_Capture_Bot.xlsx.bak
[2026-05-29 14:45:26,987] [INFO] [OptimaCaptureBot.ExcelHandler] Fila 7 de Excel actualizada exitosamente a estado: EN_PROCESO
[2026-05-29 14:45:26,988] [INFO] [OptimaCaptureBot.Scraper] Iniciando consulta automatizada para referencia: 70026998569764479 (RFC: CIN010904D31)
[2026-05-29 14:45:36,547] [INFO] [OptimaCaptureBot.Scraper] Botón Buscar pulsado, esperando resultados...
[2026-05-29 14:45:38,604] [INFO] [OptimaCaptureBot.Scraper] Escenario detectado: YA_GENERADA
[2026-05-29 14:45:38,604] [INFO] [OptimaCaptureBot.Scraper] Consulta enviada. Esperando resultados...
[2026-05-29 14:45:42,425] [INFO] [OptimaCaptureBot.Scraper] Referencia ya generada, proceder a descarga directa.
[2026-05-29 14:45:42,466] [INFO] [OptimaCaptureBot.Scraper] Se encontraron 2 botones PDF para descargar.
[2026-05-29 14:45:42,467] [INFO] [OptimaCaptureBot.Scraper] Descargando PDF 1 de 2...
[2026-05-29 14:45:45,508] [INFO] [OptimaCaptureBot.Scraper] Descarga 1 completada y guardada en: C:\Users\dramos\Downloads\Facturas_Referencias\Lote_1\70026998569764479_CIN010904D31_20260529_1.pdf
[2026-05-29 14:45:45,509] [INFO] [OptimaCaptureBot.Scraper] Descargando PDF 2 de 2...
[2026-05-29 14:45:49,218] [INFO] [OptimaCaptureBot.Scraper] Descarga 2 completada y guardada en: C:\Users\dramos\Downloads\Facturas_Referencias\Lote_1\70026998569764479_CIN010904D31_20260529_2.pdf
[2026-05-29 14:45:49,222] [INFO] [OptimaCaptureBot.ExcelHandler] Copia de seguridad creada en temp\Optima_Capture_Bot.xlsx.bak
[2026-05-29 14:45:49,445] [INFO] [OptimaCaptureBot.ExcelHandler] Fila 7 de Excel actualizada exitosamente a estado: EXITOSO
[2026-05-29 14:45:49,446] [INFO] [OptimaCaptureBot.Orchestrator] Referencia 70026998569764479 descargada con éxito.
[2026-05-29 14:45:49,446] [INFO] [OptimaCaptureBot.Orchestrator] Procesando Fila 8: [Referencia: 70026998869764421] en carpeta Lote_1
[2026-05-29 14:45:49,554] [INFO] [OptimaCaptureBot.ExcelHandler] Copia de seguridad creada en temp\Optima_Capture_Bot.xlsx.bak
[2026-05-29 14:45:49,783] [INFO] [OptimaCaptureBot.ExcelHandler] Fila 8 de Excel actualizada exitosamente a estado: EN_PROCESO
[2026-05-29 14:45:49,784] [INFO] [OptimaCaptureBot.Scraper] Iniciando consulta automatizada para referencia: 70026998869764421 (RFC: CIN010904D31)
[2026-05-29 14:45:58,584] [INFO] [OptimaCaptureBot.Scraper] Botón Buscar pulsado, esperando resultados...
[2026-05-29 14:46:00,633] [INFO] [OptimaCaptureBot.Scraper] Escenario detectado: YA_GENERADA
[2026-05-29 14:46:00,633] [INFO] [OptimaCaptureBot.Scraper] Consulta enviada. Esperando resultados...
[2026-05-29 14:46:03,644] [INFO] [OptimaCaptureBot.Scraper] Referencia ya generada, proceder a descarga directa.
[2026-05-29 14:46:03,700] [INFO] [OptimaCaptureBot.Scraper] Se encontraron 2 botones PDF para descargar.
[2026-05-29 14:46:03,701] [INFO] [OptimaCaptureBot.Scraper] Descargando PDF 1 de 2...
[2026-05-29 14:46:06,838] [INFO] [OptimaCaptureBot.Scraper] Descarga 1 completada y guardada en: C:\Users\dramos\Downloads\Facturas_Referencias\Lote_1\70026998869764421_CIN010904D31_20260529_1.pdf
[2026-05-29 14:46:06,839] [INFO] [OptimaCaptureBot.Scraper] Descargando PDF 2 de 2...
[2026-05-29 14:46:09,914] [INFO] [OptimaCaptureBot.Scraper] Descarga 2 completada y guardada en: C:\Users\dramos\Downloads\Facturas_Referencias\Lote_1\70026998869764421_CIN010904D31_20260529_2.pdf
[2026-05-29 14:46:09,922] [INFO] [OptimaCaptureBot.ExcelHandler] Copia de seguridad creada en temp\Optima_Capture_Bot.xlsx.bak
[2026-05-29 14:46:10,140] [INFO] [OptimaCaptureBot.ExcelHandler] Fila 8 de Excel actualizada exitosamente a estado: EXITOSO
[2026-05-29 14:46:10,140] [INFO] [OptimaCaptureBot.Orchestrator] Referencia 70026998869764421 descargada con éxito.
[2026-05-29 14:46:10,141] [INFO] [OptimaCaptureBot.Orchestrator] Procesamiento de registros completado.
[2026-05-29 14:46:10,141] [INFO] [OptimaCaptureBot.Orchestrator] El navegador permanece abierto. Ciérrelo manualmente cuando lo desee.
[2026-05-29 14:46:10,142] [INFO] [OptimaCaptureBot.Orchestrator] Orquestador finalizado de forma ordenada.
[2026-05-29 16:10:25,889] [WARNING] [root] Interrupción de teclado detectada. Cerrando bot...
[2026-05-29 16:10:25,932] [WARNING] [OptimaCaptureBot.Scraper] Error al cerrar los recursos de Playwright: cannot switch to a different thread (which happens to have exited)
[2026-05-29 16:10:25,934] [INFO] [root] Aplicación cerrada de forma limpia.
[2026-05-29 16:10:34,659] [INFO] [root] Sistema de logging inicializado exitosamente.
[2026-05-29 16:10:34,660] [INFO] [root] Archivo Excel localizado en: C:\Users\dramos\Documents\Proyecto_CapturaBot\Optima_Capture_Bot.xlsx
[2026-05-29 16:10:34,660] [INFO] [root] Lanzando interfaz gráfica en CustomTkinter...
[2026-05-29 16:11:45,226] [INFO] [root] Aplicación cerrada de forma limpia.
[2026-05-29 16:16:02,453] [INFO] [root] Sistema de logging inicializado exitosamente.
[2026-05-29 16:16:02,454] [INFO] [root] Archivo Excel localizado en: C:\Users\dramos\Documents\Proyecto_CapturaBot\Optima_Capture_Bot.xlsx
[2026-05-29 16:16:02,454] [INFO] [root] Lanzando interfaz gráfica en CustomTkinter...
[2026-05-29 16:37:52,965] [INFO] [root] Aplicación cerrada de forma limpia.
[2026-05-29 16:50:06,899] [INFO] [root] Sistema de logging inicializado exitosamente.
[2026-05-29 16:50:06,900] [INFO] [root] Archivo Excel localizado en: C:\Users\dramos\Documents\Proyecto_CapturaBot\Optima_Capture_Bot.xlsx
[2026-05-29 16:50:06,900] [INFO] [root] Lanzando interfaz gráfica en CustomTkinter...
[2026-05-29 16:50:23,489] [ERROR] [OptimaCaptureBot.ExcelHandler] Error al cargar el catálogo de RFC: Falta la hoja requerida: 'Catalogo_RFC' en el archivo Excel.
[2026-05-29 16:51:54,242] [INFO] [root] Aplicación cerrada de forma limpia.
[2026-05-29 16:52:13,062] [INFO] [root] Sistema de logging inicializado exitosamente.
[2026-05-29 16:52:13,063] [INFO] [root] Archivo Excel localizado en: C:\Users\dramos\Documents\Proyecto_CapturaBot\Optima_Capture_Bot.xlsx
[2026-05-29 16:52:13,063] [INFO] [root] Lanzando interfaz gráfica en CustomTkinter...
[2026-05-29 16:52:49,420] [INFO] [OptimaCaptureBot.Orchestrator] Iniciando orquestador operativo...
[2026-05-29 16:52:49,421] [INFO] [OptimaCaptureBot.Orchestrator] Cargando catálogo de RFC y registros del Excel...
[2026-05-29 16:52:52,315] [INFO] [OptimaCaptureBot.ExcelHandler] Cargados 1 registros desde Control_Referencias
[2026-05-29 16:52:52,315] [INFO] [OptimaCaptureBot.Orchestrator] Catálogo RFC: CIN010904D31 (CADU INMOBILIARIA)
[2026-05-29 16:52:52,316] [INFO] [OptimaCaptureBot.Orchestrator] Total registros cargados de Excel: 1
[2026-05-29 16:52:52,316] [INFO] [OptimaCaptureBot.Orchestrator] Ejecutando depuración previa y detección de duplicados locales...
[2026-05-29 16:52:52,323] [INFO] [OptimaCaptureBot.ExcelHandler] Copia de seguridad creada en temp\Optima_Capture_Bot.xlsx.bak
[2026-05-29 16:52:52,631] [INFO] [OptimaCaptureBot.ExcelHandler] Fila 2 de Excel actualizada exitosamente a estado: VALIDADO
[2026-05-29 16:52:52,631] [INFO] [OptimaCaptureBot.Orchestrator] Depuración previa completada de forma segura.
[2026-05-29 16:52:52,632] [INFO] [OptimaCaptureBot.Orchestrator] Iniciando navegador Playwright...
[2026-05-29 16:52:52,634] [INFO] [OptimaCaptureBot.Scraper] Iniciando Playwright...
[2026-05-29 16:52:53,327] [INFO] [OptimaCaptureBot.Scraper] Usando perfil persistente de Chrome en: C:\Users\dramos\Documents\Proyecto_CapturaBot\temp\perfil_bot
[2026-05-29 16:52:54,704] [INFO] [OptimaCaptureBot.Scraper] Navegando a la URL del SATQ: https://satq.qroo.gob.mx/paperless/timbrador.html
[2026-05-29 16:52:55,788] [INFO] [OptimaCaptureBot.Orchestrator] No se requiere inicio de sesión manual. Continuando con el proceso.
[2026-05-29 16:52:55,789] [INFO] [OptimaCaptureBot.Orchestrator] Procesando Fila 2: [Referencia: 70027099289764824] en carpeta Lote_1
[2026-05-29 16:52:55,795] [INFO] [OptimaCaptureBot.ExcelHandler] Copia de seguridad creada en temp\Optima_Capture_Bot.xlsx.bak
[2026-05-29 16:52:56,125] [INFO] [OptimaCaptureBot.ExcelHandler] Fila 2 de Excel actualizada exitosamente a estado: EN_PROCESO
[2026-05-29 16:52:56,126] [INFO] [OptimaCaptureBot.Scraper] Iniciando consulta automatizada para referencia: 70027099289764824 (RFC: CIN010904D31)
[2026-05-29 16:53:04,876] [INFO] [OptimaCaptureBot.Scraper] Botón Buscar pulsado, esperando resultados...
[2026-05-29 16:53:07,074] [INFO] [OptimaCaptureBot.Scraper] Escenario detectado: NO_GENERADA
[2026-05-29 16:53:07,075] [INFO] [OptimaCaptureBot.Scraper] Consulta enviada. Esperando resultados...
[2026-05-29 16:53:09,667] [INFO] [OptimaCaptureBot.Scraper] Clic en Generar CFDI ejecutado.
[2026-05-29 16:53:12,385] [ERROR] [OptimaCaptureBot.Scraper] Error procesando registro 70027099289764824: 'ElementHandle' object has no attribute 'triple_click'
[2026-05-29 16:53:12,640] [INFO] [OptimaCaptureBot.Scraper] Evidencia visual guardada exitosamente en screenshots\70027099289764824_20260529_165312_error.png
[2026-05-29 16:53:12,683] [INFO] [OptimaCaptureBot.ExcelHandler] Copia de seguridad creada en temp\Optima_Capture_Bot.xlsx.bak
[2026-05-29 16:53:13,074] [INFO] [OptimaCaptureBot.ExcelHandler] Fila 2 de Excel actualizada exitosamente a estado: ERROR_PORTAL
[2026-05-29 16:53:13,396] [ERROR] [OptimaCaptureBot.Orchestrator] Referencia 70027099289764824 falló: 'ElementHandle' object has no attribute 'triple_click'
[2026-05-29 16:53:13,396] [INFO] [OptimaCaptureBot.Orchestrator] Procesamiento de registros completado.
[2026-05-29 16:53:13,397] [INFO] [OptimaCaptureBot.Orchestrator] El navegador permanece abierto. Ciérrelo manualmente cuando lo desee.
[2026-05-29 16:53:13,397] [INFO] [OptimaCaptureBot.Orchestrator] Orquestador finalizado de forma ordenada.
[2026-05-29 16:54:37,631] [WARNING] [OptimaCaptureBot.Scraper] Error al cerrar los recursos de Playwright: cannot switch to a different thread (which happens to have exited)
[2026-05-29 16:54:37,632] [INFO] [root] Aplicación cerrada de forma limpia.
[2026-05-29 17:00:06,145] [INFO] [root] Sistema de logging inicializado exitosamente.
[2026-05-29 17:00:06,146] [INFO] [root] Archivo Excel localizado en: C:\Users\dramos\Documents\Proyecto_CapturaBot\Optima_Capture_Bot.xlsx
[2026-05-29 17:00:06,146] [INFO] [root] Lanzando interfaz gráfica en CustomTkinter...
[2026-05-29 17:00:39,281] [INFO] [OptimaCaptureBot.Orchestrator] Iniciando orquestador operativo...
[2026-05-29 17:00:39,282] [INFO] [OptimaCaptureBot.Orchestrator] Cargando catálogo de RFC y registros del Excel...
[2026-05-29 17:00:42,275] [INFO] [OptimaCaptureBot.ExcelHandler] Cargados 1 registros desde Control_Referencias
[2026-05-29 17:00:42,276] [INFO] [OptimaCaptureBot.Orchestrator] Catálogo RFC: CIN010904D31 (CADU INMOBILIARIA)
[2026-05-29 17:00:42,276] [INFO] [OptimaCaptureBot.Orchestrator] Total registros cargados de Excel: 1
[2026-05-29 17:00:42,276] [INFO] [OptimaCaptureBot.Orchestrator] Ejecutando depuración previa y detección de duplicados locales...
[2026-05-29 17:00:42,286] [INFO] [OptimaCaptureBot.ExcelHandler] Copia de seguridad creada en temp\Optima_Capture_Bot.xlsx.bak
[2026-05-29 17:00:42,622] [INFO] [OptimaCaptureBot.ExcelHandler] Fila 2 de Excel actualizada exitosamente a estado: VALIDADO
[2026-05-29 17:00:42,622] [INFO] [OptimaCaptureBot.Orchestrator] Depuración previa completada de forma segura.
[2026-05-29 17:00:42,623] [INFO] [OptimaCaptureBot.Orchestrator] Iniciando navegador Playwright...
[2026-05-29 17:00:42,625] [INFO] [OptimaCaptureBot.Scraper] Iniciando Playwright...
[2026-05-29 17:00:43,371] [INFO] [OptimaCaptureBot.Scraper] Usando perfil persistente de Chrome en: C:\Users\dramos\Documents\Proyecto_CapturaBot\temp\perfil_bot
[2026-05-29 17:00:44,681] [INFO] [OptimaCaptureBot.Scraper] Navegando a la URL del SATQ: https://satq.qroo.gob.mx/paperless/timbrador.html
[2026-05-29 17:00:45,803] [INFO] [OptimaCaptureBot.Orchestrator] No se requiere inicio de sesión manual. Continuando con el proceso.
[2026-05-29 17:00:45,804] [INFO] [OptimaCaptureBot.Orchestrator] Procesando Fila 2: [Referencia: 70027099289764824] en carpeta Lote_1
[2026-05-29 17:00:45,810] [INFO] [OptimaCaptureBot.ExcelHandler] Copia de seguridad creada en temp\Optima_Capture_Bot.xlsx.bak
[2026-05-29 17:00:46,140] [INFO] [OptimaCaptureBot.ExcelHandler] Fila 2 de Excel actualizada exitosamente a estado: EN_PROCESO
[2026-05-29 17:00:46,141] [INFO] [OptimaCaptureBot.Scraper] Iniciando consulta automatizada para referencia: 70027099289764824 (RFC: CIN010904D31)
[2026-05-29 17:00:53,956] [INFO] [OptimaCaptureBot.Scraper] Botón Buscar pulsado, esperando resultados...
[2026-05-29 17:00:56,017] [INFO] [OptimaCaptureBot.Scraper] Escenario detectado: NO_GENERADA
[2026-05-29 17:00:56,018] [INFO] [OptimaCaptureBot.Scraper] Consulta enviada. Esperando resultados...
[2026-05-29 17:00:59,508] [INFO] [OptimaCaptureBot.Scraper] Clic en Generar CFDI ejecutado.
[2026-05-29 17:01:02,484] [INFO] [OptimaCaptureBot.Scraper] Razón Social establecida: 'CADU INMOBILIARIA'
[2026-05-29 17:01:03,521] [INFO] [OptimaCaptureBot.Scraper] Código Postal establecido: '77503'
[2026-05-29 17:01:03,521] [INFO] [OptimaCaptureBot.Scraper] Datos de validación rellenados y verificados.
[2026-05-29 17:01:05,138] [INFO] [OptimaCaptureBot.Scraper] [VALIDACIÓN] Campos listos. Revise en Chrome antes de timbrar:
  · Razón Social → 'CADU INMOBILIARIA'
  · Código Postal → '77503'
Haga clic en 'Aprobar Timbrado' en la aplicación para continuar.
[2026-05-29 17:01:05,141] [WARNING] [OptimaCaptureBot.Orchestrator] [VALIDACIÓN] Esperando aprobación del operador. Razón Social='CADU INMOBILIARIA' | CP='77503'
[2026-05-29 17:02:24,205] [WARNING] [OptimaCaptureBot.Orchestrator] Detención segura solicitada. Cerrando procesos...
[2026-05-29 17:10:41,601] [INFO] [root] Sistema de logging inicializado exitosamente.
[2026-05-29 17:10:41,602] [INFO] [root] Archivo Excel localizado en: C:\Users\dramos\Documents\Proyecto_CapturaBot\Optima_Capture_Bot.xlsx
[2026-05-29 17:10:41,602] [INFO] [root] Lanzando interfaz gráfica en CustomTkinter...
[2026-05-29 17:11:14,048] [INFO] [OptimaCaptureBot.Orchestrator] Iniciando orquestador operativo...
[2026-05-29 17:11:14,048] [INFO] [OptimaCaptureBot.Orchestrator] Cargando catálogo de RFC y registros del Excel...
[2026-05-29 17:11:20,289] [INFO] [OptimaCaptureBot.ExcelHandler] Cargados 1 registros desde Control_Referencias
[2026-05-29 17:11:20,290] [INFO] [OptimaCaptureBot.Orchestrator] Catálogo RFC: CIN010904D31 (CADU INMOBILIARIA)
[2026-05-29 17:11:20,290] [INFO] [OptimaCaptureBot.Orchestrator] Total registros cargados de Excel: 1
[2026-05-29 17:11:20,291] [INFO] [OptimaCaptureBot.Orchestrator] Ejecutando depuración previa y detección de duplicados locales...
[2026-05-29 17:11:20,301] [INFO] [OptimaCaptureBot.ExcelHandler] Copia de seguridad creada en temp\Optima_Capture_Bot.xlsx.bak
[2026-05-29 17:11:20,823] [INFO] [OptimaCaptureBot.ExcelHandler] Fila 2 de Excel actualizada exitosamente a estado: VALIDADO
[2026-05-29 17:11:20,823] [INFO] [OptimaCaptureBot.Orchestrator] Depuración previa completada de forma segura.
[2026-05-29 17:11:20,824] [INFO] [OptimaCaptureBot.Orchestrator] Iniciando navegador Playwright...
[2026-05-29 17:11:20,827] [INFO] [OptimaCaptureBot.Scraper] Iniciando Playwright...
[2026-05-29 17:11:22,108] [INFO] [OptimaCaptureBot.Scraper] Usando perfil persistente de Chrome en: C:\Users\dramos\Documents\Proyecto_CapturaBot\temp\perfil_bot
[2026-05-29 17:11:24,158] [INFO] [OptimaCaptureBot.Scraper] Navegando a la URL del SATQ: https://satq.qroo.gob.mx/paperless/timbrador.html
[2026-05-29 17:11:25,890] [INFO] [OptimaCaptureBot.Orchestrator] No se requiere inicio de sesión manual. Continuando con el proceso.
[2026-05-29 17:11:25,891] [INFO] [OptimaCaptureBot.Orchestrator] Procesando Fila 2: [Referencia: 70027099289764824] en carpeta Lote_1
[2026-05-29 17:11:25,900] [INFO] [OptimaCaptureBot.ExcelHandler] Copia de seguridad creada en temp\Optima_Capture_Bot.xlsx.bak
[2026-05-29 17:11:26,501] [ERROR] [OptimaCaptureBot.ExcelHandler] Fallo de permisos al guardar fila 2: [WinError 32] El proceso no tiene acceso al archivo porque está siendo utilizado por otro proceso: 'temp\\tmp_9b53e29318944dab9db1e6288e25e0ca.xlsx'
[2026-05-29 17:11:26,501] [WARNING] [OptimaCaptureBot.Orchestrator] Advertencia: El archivo Excel está bloqueado. Pausando bot.
[2026-05-29 17:11:29,516] [INFO] [OptimaCaptureBot.ExcelHandler] Copia de seguridad creada en temp\Optima_Capture_Bot.xlsx.bak
[2026-05-29 17:11:30,116] [INFO] [OptimaCaptureBot.ExcelHandler] Fila 2 de Excel actualizada exitosamente a estado: EN_PROCESO
[2026-05-29 17:11:30,117] [INFO] [OptimaCaptureBot.Scraper] Iniciando consulta automatizada para referencia: 70027099289764824 (RFC: CIN010904D31)
[2026-05-29 17:11:39,282] [INFO] [OptimaCaptureBot.Scraper] Botón Buscar pulsado, esperando resultados...
[2026-05-29 17:11:41,355] [INFO] [OptimaCaptureBot.Scraper] Escenario detectado: NO_GENERADA
[2026-05-29 17:11:41,356] [INFO] [OptimaCaptureBot.Scraper] Consulta enviada. Esperando resultados...
[2026-05-29 17:11:43,599] [INFO] [OptimaCaptureBot.Scraper] Clic en Generar CFDI ejecutado.
[2026-05-29 17:11:47,577] [INFO] [OptimaCaptureBot.Scraper] Razón Social establecida: 'CADU INMOBILIARIA'
[2026-05-29 17:11:48,597] [INFO] [OptimaCaptureBot.Scraper] Código Postal establecido: '77503'
[2026-05-29 17:11:48,599] [INFO] [OptimaCaptureBot.Scraper] Datos de validación rellenados y verificados.
[2026-05-29 17:11:49,971] [INFO] [OptimaCaptureBot.Scraper] [VALIDACIÓN] Campos listos. Revise en Chrome antes de timbrar:
  · Razón Social → 'CADU INMOBILIARIA'
  · Código Postal → '77503'
Haga clic en 'Aprobar Timbrado' en la aplicación para continuar.
[2026-05-29 17:11:49,972] [WARNING] [OptimaCaptureBot.Orchestrator] [VALIDACIÓN] Esperando aprobación del operador. Razón Social='CADU INMOBILIARIA' | CP='77503'
[2026-05-29 17:14:13,346] [WARNING] [OptimaCaptureBot.Orchestrator] Detención segura solicitada. Cerrando procesos...
[2026-05-29 17:14:27,783] [WARNING] [OptimaCaptureBot.Scraper] Error al cerrar los recursos de Playwright: Cannot switch to a different thread
	Current:  <greenlet.greenlet object at 0x0000027931C37280 (otid=0x000002792E793D40) current active started main>
	Expected: <greenlet.greenlet object at 0x0000027931F24B40 (otid=0x000002792E58C790) suspended active started main>
[2026-05-29 17:14:27,785] [INFO] [root] Aplicación cerrada de forma limpia.
[2026-05-29 17:15:53,760] [INFO] [root] Sistema de logging inicializado exitosamente.
[2026-05-29 17:15:53,762] [INFO] [root] Archivo Excel localizado en: C:\Users\dramos\Documents\Proyecto_CapturaBot\Optima_Capture_Bot.xlsx
[2026-05-29 17:15:53,762] [INFO] [root] Lanzando interfaz gráfica en CustomTkinter...
[2026-05-29 17:16:27,914] [INFO] [OptimaCaptureBot.Orchestrator] Iniciando orquestador operativo...
[2026-05-29 17:16:27,914] [INFO] [OptimaCaptureBot.Orchestrator] Cargando catálogo de RFC y registros del Excel...
[2026-05-29 17:16:31,475] [INFO] [OptimaCaptureBot.ExcelHandler] Cargados 1 registros desde Control_Referencias
[2026-05-29 17:16:31,475] [INFO] [OptimaCaptureBot.Orchestrator] Catálogo RFC: CIN010904D31 (CADU INMOBILIARIA)
[2026-05-29 17:16:31,476] [INFO] [OptimaCaptureBot.Orchestrator] Total registros cargados de Excel: 1
[2026-05-29 17:16:31,476] [INFO] [OptimaCaptureBot.Orchestrator] Ejecutando depuración previa y detección de duplicados locales...
[2026-05-29 17:16:31,485] [INFO] [OptimaCaptureBot.ExcelHandler] Copia de seguridad creada en temp\Optima_Capture_Bot.xlsx.bak
[2026-05-29 17:16:31,824] [INFO] [OptimaCaptureBot.ExcelHandler] Fila 2 de Excel actualizada exitosamente a estado: VALIDADO
[2026-05-29 17:16:31,824] [INFO] [OptimaCaptureBot.Orchestrator] Depuración previa completada de forma segura.
[2026-05-29 17:16:31,824] [INFO] [OptimaCaptureBot.Orchestrator] Iniciando navegador Playwright...
[2026-05-29 17:16:31,827] [INFO] [OptimaCaptureBot.Scraper] Iniciando Playwright...
[2026-05-29 17:16:32,620] [INFO] [OptimaCaptureBot.Scraper] Usando perfil persistente de Chrome en: C:\Users\dramos\Documents\Proyecto_CapturaBot\temp\perfil_bot
[2026-05-29 17:16:33,989] [INFO] [OptimaCaptureBot.Scraper] Navegando a la URL del SATQ: https://satq.qroo.gob.mx/paperless/timbrador.html
[2026-05-29 17:16:35,239] [INFO] [OptimaCaptureBot.Orchestrator] No se requiere inicio de sesión manual. Continuando con el proceso.
[2026-05-29 17:16:35,240] [INFO] [OptimaCaptureBot.Orchestrator] Procesando Fila 2: [Referencia: 70027099289764824] en carpeta Lote_1
[2026-05-29 17:16:35,266] [INFO] [OptimaCaptureBot.ExcelHandler] Copia de seguridad creada en temp\Optima_Capture_Bot.xlsx.bak
[2026-05-29 17:16:35,688] [INFO] [OptimaCaptureBot.ExcelHandler] Fila 2 de Excel actualizada exitosamente a estado: EN_PROCESO
[2026-05-29 17:16:35,689] [INFO] [OptimaCaptureBot.Scraper] Iniciando consulta automatizada para referencia: 70027099289764824 (RFC: CIN010904D31)
[2026-05-29 17:16:44,882] [INFO] [OptimaCaptureBot.Scraper] Botón Buscar pulsado, esperando resultados...
[2026-05-29 17:16:46,931] [INFO] [OptimaCaptureBot.Scraper] Escenario detectado: NO_GENERADA
[2026-05-29 17:16:46,932] [INFO] [OptimaCaptureBot.Scraper] Consulta enviada. Esperando resultados...
[2026-05-29 17:16:49,179] [INFO] [OptimaCaptureBot.Scraper] Clic en Generar CFDI ejecutado.
[2026-05-29 17:16:52,737] [INFO] [OptimaCaptureBot.Scraper] Razón Social establecida: 'CADU INMOBILIARIA'
[2026-05-29 17:16:53,789] [INFO] [OptimaCaptureBot.Scraper] Código Postal establecido: '77503'
[2026-05-29 17:16:53,789] [INFO] [OptimaCaptureBot.Scraper] Datos de validación rellenados y verificados.
[2026-05-29 17:16:55,512] [INFO] [OptimaCaptureBot.Scraper] [VALIDACIÓN] Campos listos. Revise en Chrome antes de timbrar:
  · Razón Social → 'CADU INMOBILIARIA'
  · Código Postal → '77503'
Haga clic en 'Aprobar Timbrado' en la aplicación para continuar.
[2026-05-29 17:16:55,512] [WARNING] [OptimaCaptureBot.Orchestrator] [VALIDACIÓN] Esperando aprobación del operador. Razón Social='CADU INMOBILIARIA' | CP='77503'
[2026-05-29 17:17:14,695] [WARNING] [OptimaCaptureBot.Scraper] [VALIDACIÓN] Timbrado cancelado por el operador. Fila marcada para revisión manual.
[2026-05-29 17:17:14,695] [ERROR] [OptimaCaptureBot.Scraper] Error procesando registro 70027099289764824: Timbrado cancelado por el operador durante la validación previa.
[2026-05-29 17:17:14,796] [INFO] [OptimaCaptureBot.Scraper] Evidencia visual guardada exitosamente en screenshots\70027099289764824_20260529_171714_error.png
[2026-05-29 17:17:14,807] [INFO] [OptimaCaptureBot.ExcelHandler] Copia de seguridad creada en temp\Optima_Capture_Bot.xlsx.bak
[2026-05-29 17:17:15,165] [INFO] [OptimaCaptureBot.ExcelHandler] Fila 2 de Excel actualizada exitosamente a estado: ERROR_PORTAL
[2026-05-29 17:17:15,411] [ERROR] [OptimaCaptureBot.Orchestrator] Referencia 70027099289764824 falló: Timbrado cancelado por el operador durante la validación previa.
[2026-05-29 17:17:15,412] [INFO] [OptimaCaptureBot.Orchestrator] Procesamiento de registros completado.
[2026-05-29 17:17:15,412] [INFO] [OptimaCaptureBot.Orchestrator] El navegador permanece abierto. Ciérrelo manualmente cuando lo desee.
[2026-05-29 17:17:15,412] [INFO] [OptimaCaptureBot.Orchestrator] Orquestador finalizado de forma ordenada.
[2026-05-29 17:42:18,780] [WARNING] [OptimaCaptureBot.Scraper] Error al cerrar los recursos de Playwright: cannot switch to a different thread (which happens to have exited)
[2026-05-29 17:42:18,780] [INFO] [root] Aplicación cerrada de forma limpia.
[2026-05-29 17:45:13,306] [INFO] [root] Sistema de logging inicializado exitosamente.
[2026-05-29 17:45:13,307] [INFO] [root] Archivo Excel localizado en: C:\Users\dramos\Documents\Proyecto_CapturaBot\Optima_Capture_Bot.xlsx
[2026-05-29 17:45:13,307] [INFO] [root] Lanzando interfaz gráfica en CustomTkinter...
[2026-05-29 17:46:19,140] [INFO] [OptimaCaptureBot.Orchestrator] Iniciando orquestador operativo...
[2026-05-29 17:46:19,141] [INFO] [OptimaCaptureBot.Orchestrator] Cargando catálogo de RFC y registros del Excel...
[2026-05-29 17:46:22,241] [INFO] [OptimaCaptureBot.ExcelHandler] Cargados 1 registros desde Control_Referencias
[2026-05-29 17:46:22,241] [INFO] [OptimaCaptureBot.Orchestrator] Catálogo RFC: CIN010904D31 (CADU INMOBILIARIA)
[2026-05-29 17:46:22,241] [INFO] [OptimaCaptureBot.Orchestrator] Total registros cargados de Excel: 1
[2026-05-29 17:46:22,242] [INFO] [OptimaCaptureBot.Orchestrator] Ejecutando depuración previa y detección de duplicados locales...
[2026-05-29 17:46:22,249] [INFO] [OptimaCaptureBot.ExcelHandler] Copia de seguridad creada en temp\Optima_Capture_Bot.xlsx.bak
[2026-05-29 17:46:22,564] [INFO] [OptimaCaptureBot.ExcelHandler] Fila 2 de Excel actualizada exitosamente a estado: VALIDADO
[2026-05-29 17:46:22,565] [INFO] [OptimaCaptureBot.Orchestrator] Depuración previa completada de forma segura.
[2026-05-29 17:46:22,565] [INFO] [OptimaCaptureBot.Orchestrator] Iniciando navegador Playwright...
[2026-05-29 17:46:22,568] [INFO] [OptimaCaptureBot.Scraper] Iniciando Playwright...
[2026-05-29 17:46:23,279] [INFO] [OptimaCaptureBot.Scraper] Usando perfil persistente de Chrome en: C:\Users\dramos\Documents\Proyecto_CapturaBot\temp\perfil_bot
[2026-05-29 17:46:24,946] [INFO] [OptimaCaptureBot.Scraper] Navegando a la URL del SATQ: https://satq.qroo.gob.mx/paperless/timbrador.html
[2026-05-29 17:46:26,012] [INFO] [OptimaCaptureBot.Orchestrator] No se requiere inicio de sesión manual. Continuando con el proceso.
[2026-05-29 17:46:26,013] [INFO] [OptimaCaptureBot.Orchestrator] Procesando Fila 2: [Referencia: 70027099289764824] en carpeta Lote_1
[2026-05-29 17:46:26,022] [INFO] [OptimaCaptureBot.ExcelHandler] Copia de seguridad creada en temp\Optima_Capture_Bot.xlsx.bak
[2026-05-29 17:46:26,393] [INFO] [OptimaCaptureBot.ExcelHandler] Fila 2 de Excel actualizada exitosamente a estado: EN_PROCESO
[2026-05-29 17:46:26,394] [INFO] [OptimaCaptureBot.Scraper] Iniciando consulta automatizada para referencia: 70027099289764824 (RFC: CIN010904D31)
[2026-05-29 17:46:35,558] [INFO] [OptimaCaptureBot.Scraper] Botón Buscar pulsado, esperando resultados...
[2026-05-29 17:46:37,661] [INFO] [OptimaCaptureBot.Scraper] Escenario detectado: NO_GENERADA
[2026-05-29 17:46:37,661] [INFO] [OptimaCaptureBot.Scraper] Consulta enviada. Esperando resultados...
[2026-05-29 17:46:40,821] [INFO] [OptimaCaptureBot.Scraper] Clic en Generar CFDI ejecutado.
[2026-05-29 17:46:44,709] [INFO] [OptimaCaptureBot.Scraper] Razón Social establecida: 'CADU INMOBILIARIA'
[2026-05-29 17:46:45,996] [INFO] [OptimaCaptureBot.Scraper] Código Postal establecido: '77503'
[2026-05-29 17:46:45,996] [INFO] [OptimaCaptureBot.Scraper] Datos de validación rellenados y verificados.
[2026-05-29 17:46:47,848] [INFO] [OptimaCaptureBot.Scraper] [VALIDACIÓN] Campos listos. Revise en Chrome antes de timbrar:
  · Razón Social → 'CADU INMOBILIARIA'
  · Código Postal → '77503'
Haga clic en 'Aprobar Timbrado' en la aplicación para continuar.
[2026-05-29 17:46:47,850] [WARNING] [OptimaCaptureBot.Orchestrator] [VALIDACIÓN] Esperando aprobación del operador. Razón Social='CADU INMOBILIARIA' | CP='77503'
[2026-05-29 17:47:08,984] [INFO] [OptimaCaptureBot.Scraper] [VALIDACIÓN] Aprobado por el operador. Procediendo a timbrar...
[2026-05-29 17:47:09,076] [INFO] [OptimaCaptureBot.Scraper] Clic en Timbrar ejecutado.
[2026-05-29 17:47:12,893] [INFO] [OptimaCaptureBot.Scraper] Se encontraron 2 botones PDF para descargar.
[2026-05-29 17:47:12,894] [INFO] [OptimaCaptureBot.Scraper] Descargando PDF 1 de 2...
[2026-05-29 17:47:18,835] [INFO] [OptimaCaptureBot.Scraper] Descarga 1 completada y guardada en: C:\Users\dramos\Downloads\Facturas_Referencias\Lote_1\70027099289764824_CIN010904D31_20260529_1.pdf
[2026-05-29 17:47:18,836] [INFO] [OptimaCaptureBot.Scraper] Descargando PDF 2 de 2...
[2026-05-29 17:47:22,050] [INFO] [OptimaCaptureBot.Scraper] Descarga 2 completada y guardada en: C:\Users\dramos\Downloads\Facturas_Referencias\Lote_1\70027099289764824_CIN010904D31_20260529_2.pdf
[2026-05-29 17:47:22,059] [INFO] [OptimaCaptureBot.ExcelHandler] Copia de seguridad creada en temp\Optima_Capture_Bot.xlsx.bak
[2026-05-29 17:47:22,405] [INFO] [OptimaCaptureBot.ExcelHandler] Fila 2 de Excel actualizada exitosamente a estado: EXITOSO
[2026-05-29 17:47:22,405] [INFO] [OptimaCaptureBot.Orchestrator] Referencia 70027099289764824 descargada con éxito.
[2026-05-29 17:47:22,406] [INFO] [OptimaCaptureBot.Orchestrator] Procesamiento de registros completado.
[2026-05-29 17:47:22,406] [INFO] [OptimaCaptureBot.Orchestrator] El navegador permanece abierto. Ciérrelo manualmente cuando lo desee.
[2026-05-29 17:47:22,406] [INFO] [OptimaCaptureBot.Orchestrator] Orquestador finalizado de forma ordenada.
[2026-05-29 18:14:15,540] [WARNING] [OptimaCaptureBot.Scraper] Error al cerrar los recursos de Playwright: cannot switch to a different thread (which happens to have exited)
[2026-05-29 18:14:15,541] [INFO] [root] Aplicación cerrada de forma limpia.
[2026-05-29 18:19:18,245] [INFO] [root] Sistema de logging inicializado exitosamente.
[2026-05-29 18:19:18,246] [INFO] [root] Archivo Excel localizado en: C:\Users\dramos\Documents\Proyecto_CapturaBot\Optima_Capture_Bot.xlsx
[2026-05-29 18:19:18,246] [INFO] [root] Lanzando interfaz gráfica en CustomTkinter...
[2026-05-29 18:22:36,678] [INFO] [root] Aplicación cerrada de forma limpia.
[2026-05-29 18:24:59,544] [INFO] [root] Sistema de logging inicializado exitosamente.
[2026-05-29 18:24:59,545] [INFO] [root] Archivo Excel localizado en: C:\Users\dramos\Documents\Proyecto_CapturaBot\Optima_Capture_Bot.xlsx
[2026-05-29 18:24:59,545] [INFO] [root] Lanzando interfaz gráfica en CustomTkinter...
[2026-05-29 18:25:55,049] [INFO] [OptimaCaptureBot.Orchestrator] Iniciando orquestador operativo...
[2026-05-29 18:25:55,050] [INFO] [OptimaCaptureBot.Orchestrator] Cargando catálogo de RFC y registros del Excel...
[2026-05-29 18:25:58,056] [INFO] [OptimaCaptureBot.ExcelHandler] Cargados 3 registros desde Control_Referencias
[2026-05-29 18:25:58,056] [INFO] [OptimaCaptureBot.Orchestrator] Catálogo RFC: CIN010904D31 (CADU INMOBILIARIA)
[2026-05-29 18:25:58,057] [INFO] [OptimaCaptureBot.Orchestrator] Total registros cargados de Excel: 3
[2026-05-29 18:25:58,057] [INFO] [OptimaCaptureBot.Orchestrator] Ejecutando depuración previa y detección de duplicados locales...
[2026-05-29 18:25:58,185] [INFO] [OptimaCaptureBot.ExcelHandler] Copia de seguridad creada en temp\Optima_Capture_Bot.xlsx.bak
[2026-05-29 18:25:58,564] [INFO] [OptimaCaptureBot.ExcelHandler] Fila 2 de Excel actualizada exitosamente a estado: VALIDADO
[2026-05-29 18:25:58,701] [INFO] [OptimaCaptureBot.ExcelHandler] Copia de seguridad creada en temp\Optima_Capture_Bot.xlsx.bak
[2026-05-29 18:25:59,073] [INFO] [OptimaCaptureBot.ExcelHandler] Fila 3 de Excel actualizada exitosamente a estado: VALIDADO
[2026-05-29 18:25:59,197] [INFO] [OptimaCaptureBot.ExcelHandler] Copia de seguridad creada en temp\Optima_Capture_Bot.xlsx.bak
[2026-05-29 18:25:59,523] [INFO] [OptimaCaptureBot.ExcelHandler] Fila 4 de Excel actualizada exitosamente a estado: VALIDADO
[2026-05-29 18:25:59,524] [INFO] [OptimaCaptureBot.Orchestrator] Depuración previa completada de forma segura.
[2026-05-29 18:25:59,524] [INFO] [OptimaCaptureBot.Orchestrator] Iniciando navegador Playwright...
[2026-05-29 18:25:59,527] [INFO] [OptimaCaptureBot.Scraper] Iniciando Playwright...
[2026-05-29 18:26:00,422] [INFO] [OptimaCaptureBot.Scraper] Usando perfil persistente de Chrome en: C:\Users\dramos\Documents\Proyecto_CapturaBot\temp\perfil_bot
[2026-05-29 18:26:02,401] [INFO] [OptimaCaptureBot.Scraper] Navegando a la URL del SATQ: https://satq.qroo.gob.mx/paperless/timbrador.html
[2026-05-29 18:26:03,874] [INFO] [OptimaCaptureBot.Orchestrator] No se requiere inicio de sesión manual. Continuando con el proceso.
[2026-05-29 18:26:03,875] [INFO] [OptimaCaptureBot.Orchestrator] Procesando Fila 2: [Referencia: 70027099289764824] en carpeta Lote_1
[2026-05-29 18:26:03,881] [INFO] [OptimaCaptureBot.ExcelHandler] Copia de seguridad creada en temp\Optima_Capture_Bot.xlsx.bak
[2026-05-29 18:26:04,063] [INFO] [OptimaCaptureBot.ExcelHandler] Fila 2 de Excel actualizada exitosamente a estado: EN_PROCESO
[2026-05-29 18:26:04,064] [INFO] [OptimaCaptureBot.Scraper] Iniciando consulta automatizada para referencia: 70027099289764824 (RFC: CIN010904D31)
[2026-05-29 18:26:11,982] [INFO] [OptimaCaptureBot.Scraper] Botón Buscar pulsado, esperando resultados...
[2026-05-29 18:26:12,608] [INFO] [OptimaCaptureBot.Scraper] Escenario detectado: YA_GENERADA
[2026-05-29 18:26:12,608] [INFO] [OptimaCaptureBot.Scraper] Consulta enviada. Esperando resultados...
[2026-05-29 18:26:15,168] [INFO] [OptimaCaptureBot.Scraper] Referencia ya generada, proceder a descarga directa.
[2026-05-29 18:26:15,196] [INFO] [OptimaCaptureBot.Scraper] Se encontraron 2 botones PDF para descargar.
[2026-05-29 18:26:15,197] [INFO] [OptimaCaptureBot.Scraper] Procesando descarga PDF 1 de 2...
[2026-05-29 18:26:15,208] [INFO] [OptimaCaptureBot.Scraper] Interceptando archivo vía HTTP: https://shacienda.qroo.gob.mx/cfdi/get_cfdi_satq.php?tipo=pdf&uuid=41DDAB77-A743-4383-80C5-489BE1C180DD
[2026-05-29 18:26:15,436] [ERROR] [OptimaCaptureBot.Scraper] Error procesando registro 70027099289764824: APIRequestContext.get: unable to get local issuer certificate
Call log:
  - → GET https://shacienda.qroo.gob.mx/cfdi/get_cfdi_satq.php?tipo=pdf&uuid=41DDAB77-A743-4383-80C5-489BE1C180DD
    - user-agent: Mozilla/5.0 (Windows NT 10.0; Win64; x64) AppleWebKit/537.36 (KHTML, like Gecko) Chrome/120.0.0.0 Safari/537.36
    - accept: */*
    - accept-encoding: gzip,deflate,br
    - cookie: cookiesession1=678A8C37F410A7088CA267650A68975C

[2026-05-29 18:26:15,529] [INFO] [OptimaCaptureBot.Scraper] Evidencia visual guardada exitosamente en screenshots\70027099289764824_20260529_182615_error.png
[2026-05-29 18:26:15,538] [INFO] [OptimaCaptureBot.ExcelHandler] Copia de seguridad creada en temp\Optima_Capture_Bot.xlsx.bak
[2026-05-29 18:26:15,708] [INFO] [OptimaCaptureBot.ExcelHandler] Fila 2 de Excel actualizada exitosamente a estado: ERROR_PORTAL
[2026-05-29 18:26:15,870] [ERROR] [OptimaCaptureBot.Orchestrator] Referencia 70027099289764824 falló: APIRequestContext.get: unable to get local issuer certificate
Call log:
  - → GET https://shacienda.qroo.gob.mx/cfdi/get_cfdi_satq.php?tipo=pdf&uuid=41DDAB77-A743-4383-80C5-489BE1C180DD
    - user-agent: Mozilla/5.0 (Windows NT 10.0; Win64; x64) AppleWebKit/537.36 (KHTML, like Gecko) Chrome/120.0.0.0 Safari/537.36
    - accept: */*
    - accept-encoding: gzip,deflate,br
    - cookie: cookiesession1=678A8C37F410A7088CA267650A68975C

[2026-05-29 18:26:15,870] [INFO] [OptimaCaptureBot.Orchestrator] Procesando Fila 3: [Referencia: 70027099309764846] en carpeta Lote_1
[2026-05-29 18:26:15,876] [INFO] [OptimaCaptureBot.ExcelHandler] Copia de seguridad creada en temp\Optima_Capture_Bot.xlsx.bak
[2026-05-29 18:26:16,045] [INFO] [OptimaCaptureBot.ExcelHandler] Fila 3 de Excel actualizada exitosamente a estado: EN_PROCESO
[2026-05-29 18:26:16,046] [INFO] [OptimaCaptureBot.Scraper] Iniciando consulta automatizada para referencia: 70027099309764846 (RFC: CIN010904D31)
[2026-05-29 18:26:24,432] [INFO] [OptimaCaptureBot.Scraper] Botón Buscar pulsado, esperando resultados...
[2026-05-29 18:26:24,456] [INFO] [OptimaCaptureBot.Scraper] Escenario detectado: YA_GENERADA
[2026-05-29 18:26:24,456] [INFO] [OptimaCaptureBot.Scraper] Consulta enviada. Esperando resultados...
[2026-05-29 18:26:26,862] [INFO] [OptimaCaptureBot.Scraper] Referencia ya generada, proceder a descarga directa.
[2026-05-29 18:26:26,920] [INFO] [OptimaCaptureBot.Scraper] Se encontraron 2 botones PDF para descargar.
[2026-05-29 18:26:26,920] [INFO] [OptimaCaptureBot.Scraper] Procesando descarga PDF 1 de 2...
[2026-05-29 18:26:26,942] [INFO] [OptimaCaptureBot.Scraper] Interceptando archivo vía HTTP: https://shacienda.qroo.gob.mx/cfdi/get_cfdi_satq.php?tipo=pdf&uuid=
[2026-05-29 18:26:27,318] [ERROR] [OptimaCaptureBot.Scraper] Error procesando registro 70027099309764846: APIRequestContext.get: unable to get local issuer certificate
Call log:
  - → GET https://shacienda.qroo.gob.mx/cfdi/get_cfdi_satq.php?tipo=pdf&uuid=
    - user-agent: Mozilla/5.0 (Windows NT 10.0; Win64; x64) AppleWebKit/537.36 (KHTML, like Gecko) Chrome/120.0.0.0 Safari/537.36
    - accept: */*
    - accept-encoding: gzip,deflate,br
    - cookie: cookiesession1=678A8C37F410A7088CA267650A68975C

[2026-05-29 18:26:27,406] [INFO] [OptimaCaptureBot.Scraper] Evidencia visual guardada exitosamente en screenshots\70027099309764846_20260529_182627_error.png
[2026-05-29 18:26:27,411] [INFO] [OptimaCaptureBot.ExcelHandler] Copia de seguridad creada en temp\Optima_Capture_Bot.xlsx.bak
[2026-05-29 18:26:27,568] [INFO] [OptimaCaptureBot.ExcelHandler] Fila 3 de Excel actualizada exitosamente a estado: ERROR_PORTAL
[2026-05-29 18:26:27,705] [ERROR] [OptimaCaptureBot.Orchestrator] Referencia 70027099309764846 falló: APIRequestContext.get: unable to get local issuer certificate
Call log:
  - → GET https://shacienda.qroo.gob.mx/cfdi/get_cfdi_satq.php?tipo=pdf&uuid=
    - user-agent: Mozilla/5.0 (Windows NT 10.0; Win64; x64) AppleWebKit/537.36 (KHTML, like Gecko) Chrome/120.0.0.0 Safari/537.36
    - accept: */*
    - accept-encoding: gzip,deflate,br
    - cookie: cookiesession1=678A8C37F410A7088CA267650A68975C

[2026-05-29 18:26:27,707] [INFO] [OptimaCaptureBot.Orchestrator] Procesando Fila 4: [Referencia: 70027099329764868] en carpeta Lote_1
[2026-05-29 18:26:27,718] [INFO] [OptimaCaptureBot.ExcelHandler] Copia de seguridad creada en temp\Optima_Capture_Bot.xlsx.bak
[2026-05-29 18:26:27,995] [INFO] [OptimaCaptureBot.ExcelHandler] Fila 4 de Excel actualizada exitosamente a estado: EN_PROCESO
[2026-05-29 18:26:27,996] [INFO] [OptimaCaptureBot.Scraper] Iniciando consulta automatizada para referencia: 70027099329764868 (RFC: CIN010904D31)
[2026-05-29 18:26:36,008] [INFO] [OptimaCaptureBot.Scraper] Botón Buscar pulsado, esperando resultados...
[2026-05-29 18:26:36,034] [INFO] [OptimaCaptureBot.Scraper] Escenario detectado: NO_GENERADA
[2026-05-29 18:26:36,034] [INFO] [OptimaCaptureBot.Scraper] Consulta enviada. Esperando resultados...
[2026-05-29 18:26:39,398] [INFO] [OptimaCaptureBot.Scraper] Clic en Generar CFDI ejecutado.
[2026-05-29 18:26:43,347] [INFO] [OptimaCaptureBot.Scraper] Razón Social establecida: 'CADU INMOBILIARIA'
[2026-05-29 18:26:44,507] [INFO] [OptimaCaptureBot.Scraper] Código Postal establecido: '77503'
[2026-05-29 18:26:44,508] [INFO] [OptimaCaptureBot.Scraper] Datos de validación rellenados y verificados. Procediendo a timbrar de forma automática.
[2026-05-29 18:26:45,672] [INFO] [OptimaCaptureBot.Scraper] Clic en Timbrar ejecutado.
[2026-05-29 18:26:48,312] [ERROR] [OptimaCaptureBot.Scraper] Error procesando registro 70027099329764868: Documentos localizados pero no se encontraron botones de descarga 'PDF'.
[2026-05-29 18:26:48,391] [INFO] [OptimaCaptureBot.Scraper] Evidencia visual guardada exitosamente en screenshots\70027099329764868_20260529_182648_error.png
[2026-05-29 18:26:48,401] [INFO] [OptimaCaptureBot.ExcelHandler] Copia de seguridad creada en temp\Optima_Capture_Bot.xlsx.bak
[2026-05-29 18:26:48,693] [INFO] [OptimaCaptureBot.ExcelHandler] Fila 4 de Excel actualizada exitosamente a estado: ERROR_PORTAL
[2026-05-29 18:26:48,940] [ERROR] [OptimaCaptureBot.Orchestrator] Referencia 70027099329764868 falló: Documentos localizados pero no se encontraron botones de descarga 'PDF'.
[2026-05-29 18:26:48,940] [INFO] [OptimaCaptureBot.Orchestrator] Procesamiento de registros completado.
[2026-05-29 18:26:48,940] [INFO] [OptimaCaptureBot.Orchestrator] El navegador permanece abierto. Ciérrelo manualmente cuando lo desee.
[2026-05-29 18:26:48,941] [INFO] [OptimaCaptureBot.Orchestrator] Orquestador finalizado de forma ordenada.
[2026-05-29 18:30:47,776] [WARNING] [OptimaCaptureBot.Scraper] Error al cerrar los recursos de Playwright: cannot switch to a different thread (which happens to have exited)
[2026-05-29 18:30:47,776] [INFO] [root] Aplicación cerrada de forma limpia.
[2026-05-29 18:41:43,495] [INFO] [root] Sistema de logging inicializado exitosamente.
[2026-05-29 18:41:43,497] [INFO] [root] Archivo Excel localizado en: C:\Users\dramos\Documents\Proyecto_CapturaBot\Optima_Capture_Bot.xlsx
[2026-05-29 18:41:43,497] [INFO] [root] Lanzando interfaz gráfica en CustomTkinter...
[2026-05-29 18:42:18,103] [INFO] [OptimaCaptureBot.Orchestrator] Iniciando orquestador operativo...
[2026-05-29 18:42:18,105] [INFO] [OptimaCaptureBot.Orchestrator] Cargando catálogo de RFC y registros del Excel...
[2026-05-29 18:42:22,850] [INFO] [OptimaCaptureBot.ExcelHandler] Cargados 3 registros desde Control_Referencias
[2026-05-29 18:42:22,851] [INFO] [OptimaCaptureBot.Orchestrator] Catálogo RFC: CIN010904D31 (CADU INMOBILIARIA)
[2026-05-29 18:42:22,851] [INFO] [OptimaCaptureBot.Orchestrator] Total registros cargados de Excel: 3
[2026-05-29 18:42:22,852] [INFO] [OptimaCaptureBot.Orchestrator] Ejecutando depuración previa y detección de duplicados locales...
[2026-05-29 18:42:22,863] [INFO] [OptimaCaptureBot.ExcelHandler] Copia de seguridad creada en temp\Optima_Capture_Bot.xlsx.bak
[2026-05-29 18:42:23,317] [INFO] [OptimaCaptureBot.ExcelHandler] Fila 2 de Excel actualizada exitosamente a estado: VALIDADO
[2026-05-29 18:42:23,501] [INFO] [OptimaCaptureBot.ExcelHandler] Copia de seguridad creada en temp\Optima_Capture_Bot.xlsx.bak
[2026-05-29 18:42:23,919] [INFO] [OptimaCaptureBot.ExcelHandler] Fila 3 de Excel actualizada exitosamente a estado: VALIDADO
[2026-05-29 18:42:24,074] [INFO] [OptimaCaptureBot.ExcelHandler] Copia de seguridad creada en temp\Optima_Capture_Bot.xlsx.bak
[2026-05-29 18:42:24,552] [INFO] [OptimaCaptureBot.ExcelHandler] Fila 4 de Excel actualizada exitosamente a estado: VALIDADO
[2026-05-29 18:42:24,553] [INFO] [OptimaCaptureBot.Orchestrator] Depuración previa completada de forma segura.
[2026-05-29 18:42:24,554] [INFO] [OptimaCaptureBot.Orchestrator] Iniciando navegador Playwright...
[2026-05-29 18:42:24,556] [INFO] [OptimaCaptureBot.Scraper] Iniciando Playwright...
[2026-05-29 18:42:25,700] [INFO] [OptimaCaptureBot.Scraper] Usando perfil persistente de Chrome en: C:\Users\dramos\Documents\Proyecto_CapturaBot\temp\perfil_bot
[2026-05-29 18:42:27,898] [INFO] [OptimaCaptureBot.Scraper] Navegando a la URL del SATQ: https://satq.qroo.gob.mx/paperless/timbrador.html
[2026-05-29 18:42:29,012] [INFO] [OptimaCaptureBot.Orchestrator] No se requiere inicio de sesión manual. Continuando con el proceso.
[2026-05-29 18:42:29,013] [INFO] [OptimaCaptureBot.Orchestrator] Procesando Fila 2: [Referencia: 70027099289764824] en carpeta Lote_1
[2026-05-29 18:42:29,021] [INFO] [OptimaCaptureBot.ExcelHandler] Copia de seguridad creada en temp\Optima_Capture_Bot.xlsx.bak
[2026-05-29 18:42:29,375] [INFO] [OptimaCaptureBot.ExcelHandler] Fila 2 de Excel actualizada exitosamente a estado: EN_PROCESO
[2026-05-29 18:42:29,376] [INFO] [OptimaCaptureBot.Scraper] Iniciando consulta automatizada para referencia: 70027099289764824 (RFC: CIN010904D31)
[2026-05-29 18:42:37,851] [INFO] [OptimaCaptureBot.Scraper] Botón Buscar pulsado, esperando resultados...
[2026-05-29 18:42:39,994] [INFO] [OptimaCaptureBot.Scraper] Escenario detectado: YA_GENERADA
[2026-05-29 18:42:39,995] [INFO] [OptimaCaptureBot.Scraper] Consulta enviada. Esperando resultados...
[2026-05-29 18:42:42,082] [INFO] [OptimaCaptureBot.Scraper] Referencia ya generada, proceder a descarga directa.
[2026-05-29 18:42:42,118] [INFO] [OptimaCaptureBot.Scraper] Se encontraron 2 botones PDF para descargar.
[2026-05-29 18:42:42,119] [INFO] [OptimaCaptureBot.Scraper] Descargando PDF 1 de 2...
[2026-05-29 18:42:45,469] [INFO] [OptimaCaptureBot.Scraper] Descarga 1 completada y guardada en: C:\Users\dramos\Downloads\Facturas_Referencias\Lote_1\70027099289764824_CIN010904D31_20260529_1.pdf
[2026-05-29 18:42:45,470] [INFO] [OptimaCaptureBot.Scraper] Descargando PDF 2 de 2...
[2026-05-29 18:42:48,811] [INFO] [OptimaCaptureBot.Scraper] Descarga 2 completada y guardada en: C:\Users\dramos\Downloads\Facturas_Referencias\Lote_1\70027099289764824_CIN010904D31_20260529_2.pdf
[2026-05-29 18:42:48,827] [INFO] [OptimaCaptureBot.ExcelHandler] Copia de seguridad creada en temp\Optima_Capture_Bot.xlsx.bak
[2026-05-29 18:42:49,303] [INFO] [OptimaCaptureBot.ExcelHandler] Fila 2 de Excel actualizada exitosamente a estado: EXITOSO
[2026-05-29 18:42:49,304] [INFO] [OptimaCaptureBot.Orchestrator] Referencia 70027099289764824 descargada con éxito.
[2026-05-29 18:42:49,304] [INFO] [OptimaCaptureBot.Orchestrator] Procesando Fila 3: [Referencia: 70027099309764846] en carpeta Lote_1
[2026-05-29 18:42:49,474] [INFO] [OptimaCaptureBot.ExcelHandler] Copia de seguridad creada en temp\Optima_Capture_Bot.xlsx.bak
[2026-05-29 18:42:50,008] [INFO] [OptimaCaptureBot.ExcelHandler] Fila 3 de Excel actualizada exitosamente a estado: EN_PROCESO
[2026-05-29 18:42:50,009] [INFO] [OptimaCaptureBot.Scraper] Iniciando consulta automatizada para referencia: 70027099309764846 (RFC: CIN010904D31)
[2026-05-29 18:42:59,135] [INFO] [OptimaCaptureBot.Scraper] Botón Buscar pulsado, esperando resultados...
[2026-05-29 18:43:01,247] [INFO] [OptimaCaptureBot.Scraper] Escenario detectado: NO_GENERADA
[2026-05-29 18:43:01,248] [INFO] [OptimaCaptureBot.Scraper] Consulta enviada. Esperando resultados...
[2026-05-29 18:43:04,701] [INFO] [OptimaCaptureBot.Scraper] Clic en Generar CFDI ejecutado.
[2026-05-29 18:43:08,543] [INFO] [OptimaCaptureBot.Scraper] Razón Social establecida: 'CADU INMOBILIARIA'
[2026-05-29 18:43:09,912] [INFO] [OptimaCaptureBot.Scraper] Código Postal establecido: '77503'
[2026-05-29 18:43:09,913] [INFO] [OptimaCaptureBot.Scraper] Datos de validación rellenados y verificados.
[2026-05-29 18:43:10,946] [INFO] [OptimaCaptureBot.Scraper] [VALIDACIÓN] Campos listos. Revise en Chrome antes de timbrar:
  · Razón Social → 'CADU INMOBILIARIA'
  · Código Postal → '77503'
Haga clic en 'Aprobar Timbrado' en la aplicación para continuar.
[2026-05-29 18:43:10,947] [WARNING] [OptimaCaptureBot.Orchestrator] [VALIDACIÓN] Esperando aprobación del operador. Razón Social='CADU INMOBILIARIA' | CP='77503'
[2026-05-29 18:43:13,090] [INFO] [OptimaCaptureBot.Scraper] [VALIDACIÓN] Aprobado por el operador. Procediendo a timbrar...
[2026-05-29 18:43:13,234] [INFO] [OptimaCaptureBot.Scraper] Clic en Timbrar ejecutado.
[2026-05-29 18:43:16,123] [ERROR] [OptimaCaptureBot.Scraper] Error procesando registro 70027099309764846: Documentos localizados pero no se encontraron botones de descarga 'PDF'.
[2026-05-29 18:43:16,258] [INFO] [OptimaCaptureBot.Scraper] Evidencia visual guardada exitosamente en screenshots\70027099309764846_20260529_184316_error.png
[2026-05-29 18:43:16,266] [INFO] [OptimaCaptureBot.ExcelHandler] Copia de seguridad creada en temp\Optima_Capture_Bot.xlsx.bak
[2026-05-29 18:43:16,741] [INFO] [OptimaCaptureBot.ExcelHandler] Fila 3 de Excel actualizada exitosamente a estado: ERROR_PORTAL
[2026-05-29 18:43:17,065] [ERROR] [OptimaCaptureBot.Orchestrator] Referencia 70027099309764846 falló: Documentos localizados pero no se encontraron botones de descarga 'PDF'.
[2026-05-29 18:43:17,066] [INFO] [OptimaCaptureBot.Orchestrator] Procesando Fila 4: [Referencia: 70027099329764868] en carpeta Lote_1
[2026-05-29 18:43:17,219] [INFO] [OptimaCaptureBot.ExcelHandler] Copia de seguridad creada en temp\Optima_Capture_Bot.xlsx.bak
[2026-05-29 18:43:17,655] [INFO] [OptimaCaptureBot.ExcelHandler] Fila 4 de Excel actualizada exitosamente a estado: EN_PROCESO
[2026-05-29 18:43:17,657] [INFO] [OptimaCaptureBot.Scraper] Iniciando consulta automatizada para referencia: 70027099329764868 (RFC: CIN010904D31)
[2026-05-29 18:43:27,050] [INFO] [OptimaCaptureBot.Scraper] Botón Buscar pulsado, esperando resultados...
[2026-05-29 18:43:29,156] [INFO] [OptimaCaptureBot.Scraper] Escenario detectado: YA_GENERADA
[2026-05-29 18:43:29,158] [INFO] [OptimaCaptureBot.Scraper] Consulta enviada. Esperando resultados...
[2026-05-29 18:43:32,781] [INFO] [OptimaCaptureBot.Scraper] Referencia ya generada, proceder a descarga directa.
[2026-05-29 18:43:32,866] [INFO] [OptimaCaptureBot.Scraper] Se encontraron 2 botones PDF para descargar.
[2026-05-29 18:43:32,869] [INFO] [OptimaCaptureBot.Scraper] Descargando PDF 1 de 2...
[2026-05-29 18:43:36,247] [INFO] [OptimaCaptureBot.Scraper] Descarga 1 completada y guardada en: C:\Users\dramos\Downloads\Facturas_Referencias\Lote_1\70027099329764868_CIN010904D31_20260529_1.pdf
[2026-05-29 18:43:36,248] [INFO] [OptimaCaptureBot.Scraper] Descargando PDF 2 de 2...
[2026-05-29 18:43:40,303] [INFO] [OptimaCaptureBot.Scraper] Descarga 2 completada y guardada en: C:\Users\dramos\Downloads\Facturas_Referencias\Lote_1\70027099329764868_CIN010904D31_20260529_2.pdf
[2026-05-29 18:43:40,316] [INFO] [OptimaCaptureBot.ExcelHandler] Copia de seguridad creada en temp\Optima_Capture_Bot.xlsx.bak
[2026-05-29 18:43:40,754] [INFO] [OptimaCaptureBot.ExcelHandler] Fila 4 de Excel actualizada exitosamente a estado: EXITOSO
[2026-05-29 18:43:40,754] [INFO] [OptimaCaptureBot.Orchestrator] Referencia 70027099329764868 descargada con éxito.
[2026-05-29 18:43:40,754] [INFO] [OptimaCaptureBot.Orchestrator] Procesamiento de registros completado.
[2026-05-29 18:43:40,755] [INFO] [OptimaCaptureBot.Orchestrator] El navegador permanece abierto. Ciérrelo manualmente cuando lo desee.
[2026-05-29 18:43:40,755] [INFO] [OptimaCaptureBot.Orchestrator] Orquestador finalizado de forma ordenada.
[2026-05-29 18:49:25,611] [WARNING] [OptimaCaptureBot.Scraper] Error al cerrar los recursos de Playwright: cannot switch to a different thread (which happens to have exited)
[2026-05-29 18:49:25,615] [INFO] [root] Aplicación cerrada de forma limpia.
[2026-05-29 18:53:12,320] [INFO] [root] Sistema de logging inicializado exitosamente.
[2026-05-29 18:53:12,322] [INFO] [root] Archivo Excel localizado en: C:\Users\dramos\Documents\Proyecto_CapturaBot\Optima_Capture_Bot.xlsx
[2026-05-29 18:53:12,322] [INFO] [root] Lanzando interfaz gráfica en CustomTkinter...
[2026-05-29 18:53:53,844] [INFO] [OptimaCaptureBot.Orchestrator] Iniciando orquestador operativo...
[2026-05-29 18:53:53,846] [INFO] [OptimaCaptureBot.Orchestrator] Cargando catálogo de RFC y registros del Excel...
[2026-05-29 18:53:58,672] [INFO] [OptimaCaptureBot.ExcelHandler] Cargados 4 registros desde Control_Referencias
[2026-05-29 18:53:58,673] [INFO] [OptimaCaptureBot.Orchestrator] Catálogo RFC: CIN010904D31 (CADU INMOBILIARIA)
[2026-05-29 18:53:58,673] [INFO] [OptimaCaptureBot.Orchestrator] Total registros cargados de Excel: 4
[2026-05-29 18:53:58,674] [INFO] [OptimaCaptureBot.Orchestrator] Ejecutando depuración previa y detección de duplicados locales...
[2026-05-29 18:53:58,685] [INFO] [OptimaCaptureBot.ExcelHandler] Copia de seguridad creada en temp\Optima_Capture_Bot.xlsx.bak
[2026-05-29 18:53:59,089] [INFO] [OptimaCaptureBot.ExcelHandler] Fila 2 de Excel actualizada exitosamente a estado: VALIDADO
[2026-05-29 18:53:59,258] [INFO] [OptimaCaptureBot.ExcelHandler] Copia de seguridad creada en temp\Optima_Capture_Bot.xlsx.bak
[2026-05-29 18:53:59,698] [INFO] [OptimaCaptureBot.ExcelHandler] Fila 3 de Excel actualizada exitosamente a estado: VALIDADO
[2026-05-29 18:53:59,861] [INFO] [OptimaCaptureBot.ExcelHandler] Copia de seguridad creada en temp\Optima_Capture_Bot.xlsx.bak
[2026-05-29 18:54:00,339] [INFO] [OptimaCaptureBot.ExcelHandler] Fila 4 de Excel actualizada exitosamente a estado: VALIDADO
[2026-05-29 18:54:00,346] [INFO] [OptimaCaptureBot.ExcelHandler] Copia de seguridad creada en temp\Optima_Capture_Bot.xlsx.bak
[2026-05-29 18:54:00,582] [INFO] [OptimaCaptureBot.ExcelHandler] Fila 5 de Excel actualizada exitosamente a estado: VALIDADO
[2026-05-29 18:54:00,582] [INFO] [OptimaCaptureBot.Orchestrator] Depuración previa completada de forma segura.
[2026-05-29 18:54:00,583] [INFO] [OptimaCaptureBot.Orchestrator] Iniciando navegador Playwright...
[2026-05-29 18:54:00,587] [INFO] [OptimaCaptureBot.Scraper] Iniciando Playwright...
[2026-05-29 18:54:01,725] [INFO] [OptimaCaptureBot.Scraper] Usando perfil persistente de Chrome en: C:\Users\dramos\Documents\Proyecto_CapturaBot\temp\perfil_bot
[2026-05-29 18:54:03,922] [INFO] [OptimaCaptureBot.Scraper] Navegando a la URL del SATQ: https://satq.qroo.gob.mx/paperless/timbrador.html
[2026-05-29 18:54:05,404] [INFO] [OptimaCaptureBot.Orchestrator] No se requiere inicio de sesión manual. Continuando con el proceso.
[2026-05-29 18:54:05,404] [INFO] [OptimaCaptureBot.Orchestrator] Procesando Fila 2: [Referencia: 70027099289764824] en carpeta Lote_1
[2026-05-29 18:54:05,416] [INFO] [OptimaCaptureBot.ExcelHandler] Copia de seguridad creada en temp\Optima_Capture_Bot.xlsx.bak
[2026-05-29 18:54:05,811] [INFO] [OptimaCaptureBot.ExcelHandler] Fila 2 de Excel actualizada exitosamente a estado: EN_PROCESO
[2026-05-29 18:54:05,813] [INFO] [OptimaCaptureBot.Scraper] Iniciando consulta automatizada para referencia: 70027099289764824 (RFC: CIN010904D31)
[2026-05-29 18:54:15,936] [INFO] [OptimaCaptureBot.Scraper] Botón Buscar pulsado, esperando resultados...
[2026-05-29 18:54:18,060] [INFO] [OptimaCaptureBot.Scraper] Escenario detectado: YA_GENERADA
[2026-05-29 18:54:18,061] [INFO] [OptimaCaptureBot.Scraper] Consulta enviada. Esperando resultados...
[2026-05-29 18:54:20,344] [INFO] [OptimaCaptureBot.Scraper] Referencia ya generada, proceder a descarga directa.
[2026-05-29 18:54:20,391] [INFO] [OptimaCaptureBot.Scraper] Buscando botones de descarga PDF en la pantalla de resultados (esperando hasta 30s por la generación del PAC)...
[2026-05-29 18:54:20,456] [INFO] [OptimaCaptureBot.Scraper] Se encontraron 2 botones PDF para descargar.
[2026-05-29 18:54:20,458] [INFO] [OptimaCaptureBot.Scraper] Descargando PDF 1 de 2...
[2026-05-29 18:54:24,059] [INFO] [OptimaCaptureBot.Scraper] Descarga 1 completada y guardada en: C:\Users\dramos\Downloads\Facturas_Referencias\Lote_1\70027099289764824_CIN010904D31_20260529_1.pdf
[2026-05-29 18:54:24,060] [INFO] [OptimaCaptureBot.Scraper] Descargando PDF 2 de 2...
[2026-05-29 18:54:27,478] [INFO] [OptimaCaptureBot.Scraper] Descarga 2 completada y guardada en: C:\Users\dramos\Downloads\Facturas_Referencias\Lote_1\70027099289764824_CIN010904D31_20260529_2.pdf
[2026-05-29 18:54:27,492] [INFO] [OptimaCaptureBot.ExcelHandler] Copia de seguridad creada en temp\Optima_Capture_Bot.xlsx.bak
[2026-05-29 18:54:27,928] [INFO] [OptimaCaptureBot.ExcelHandler] Fila 2 de Excel actualizada exitosamente a estado: EXITOSO
[2026-05-29 18:54:27,929] [INFO] [OptimaCaptureBot.Orchestrator] Referencia 70027099289764824 descargada con éxito.
[2026-05-29 18:54:27,930] [INFO] [OptimaCaptureBot.Orchestrator] Procesando Fila 3: [Referencia: 70027099309764846] en carpeta Lote_1
[2026-05-29 18:54:28,078] [INFO] [OptimaCaptureBot.ExcelHandler] Copia de seguridad creada en temp\Optima_Capture_Bot.xlsx.bak
[2026-05-29 18:54:28,542] [INFO] [OptimaCaptureBot.ExcelHandler] Fila 3 de Excel actualizada exitosamente a estado: EN_PROCESO
[2026-05-29 18:54:28,543] [INFO] [OptimaCaptureBot.Scraper] Iniciando consulta automatizada para referencia: 70027099309764846 (RFC: CIN010904D31)
[2026-05-29 18:54:37,093] [INFO] [OptimaCaptureBot.Scraper] Botón Buscar pulsado, esperando resultados...
[2026-05-29 18:54:39,198] [INFO] [OptimaCaptureBot.Scraper] Escenario detectado: YA_GENERADA
[2026-05-29 18:54:39,199] [INFO] [OptimaCaptureBot.Scraper] Consulta enviada. Esperando resultados...
[2026-05-29 18:54:42,354] [INFO] [OptimaCaptureBot.Scraper] Referencia ya generada, proceder a descarga directa.
[2026-05-29 18:54:42,371] [INFO] [OptimaCaptureBot.Scraper] Buscando botones de descarga PDF en la pantalla de resultados (esperando hasta 30s por la generación del PAC)...
[2026-05-29 18:54:42,403] [INFO] [OptimaCaptureBot.Scraper] Se encontraron 2 botones PDF para descargar.
[2026-05-29 18:54:42,404] [INFO] [OptimaCaptureBot.Scraper] Descargando PDF 1 de 2...
[2026-05-29 18:54:45,749] [INFO] [OptimaCaptureBot.Scraper] Descarga 1 completada y guardada en: C:\Users\dramos\Downloads\Facturas_Referencias\Lote_1\70027099309764846_CIN010904D31_20260529_1.pdf
[2026-05-29 18:54:45,750] [INFO] [OptimaCaptureBot.Scraper] Descargando PDF 2 de 2...
[2026-05-29 18:54:49,212] [INFO] [OptimaCaptureBot.Scraper] Descarga 2 completada y guardada en: C:\Users\dramos\Downloads\Facturas_Referencias\Lote_1\70027099309764846_CIN010904D31_20260529_2.pdf
[2026-05-29 18:54:49,225] [INFO] [OptimaCaptureBot.ExcelHandler] Copia de seguridad creada en temp\Optima_Capture_Bot.xlsx.bak
[2026-05-29 18:54:49,706] [INFO] [OptimaCaptureBot.ExcelHandler] Fila 3 de Excel actualizada exitosamente a estado: EXITOSO
[2026-05-29 18:54:49,706] [INFO] [OptimaCaptureBot.Orchestrator] Referencia 70027099309764846 descargada con éxito.
[2026-05-29 18:54:49,707] [INFO] [OptimaCaptureBot.Orchestrator] Procesando Fila 4: [Referencia: 70027099329764868] en carpeta Lote_1
[2026-05-29 18:54:49,873] [INFO] [OptimaCaptureBot.ExcelHandler] Copia de seguridad creada en temp\Optima_Capture_Bot.xlsx.bak
[2026-05-29 18:54:50,286] [INFO] [OptimaCaptureBot.ExcelHandler] Fila 4 de Excel actualizada exitosamente a estado: EN_PROCESO
[2026-05-29 18:54:50,288] [INFO] [OptimaCaptureBot.Scraper] Iniciando consulta automatizada para referencia: 70027099329764868 (RFC: CIN010904D31)
[2026-05-29 18:54:59,808] [INFO] [OptimaCaptureBot.Scraper] Botón Buscar pulsado, esperando resultados...
[2026-05-29 18:55:01,924] [INFO] [OptimaCaptureBot.Scraper] Escenario detectado: YA_GENERADA
[2026-05-29 18:55:01,924] [INFO] [OptimaCaptureBot.Scraper] Consulta enviada. Esperando resultados...
[2026-05-29 18:55:04,889] [INFO] [OptimaCaptureBot.Scraper] Referencia ya generada, proceder a descarga directa.
[2026-05-29 18:55:04,903] [INFO] [OptimaCaptureBot.Scraper] Buscando botones de descarga PDF en la pantalla de resultados (esperando hasta 30s por la generación del PAC)...
[2026-05-29 18:55:04,933] [INFO] [OptimaCaptureBot.Scraper] Se encontraron 2 botones PDF para descargar.
[2026-05-29 18:55:04,933] [INFO] [OptimaCaptureBot.Scraper] Descargando PDF 1 de 2...
[2026-05-29 18:55:08,274] [INFO] [OptimaCaptureBot.Scraper] Descarga 1 completada y guardada en: C:\Users\dramos\Downloads\Facturas_Referencias\Lote_1\70027099329764868_CIN010904D31_20260529_1.pdf
[2026-05-29 18:55:08,275] [INFO] [OptimaCaptureBot.Scraper] Descargando PDF 2 de 2...
[2026-05-29 18:55:11,740] [INFO] [OptimaCaptureBot.Scraper] Descarga 2 completada y guardada en: C:\Users\dramos\Downloads\Facturas_Referencias\Lote_1\70027099329764868_CIN010904D31_20260529_2.pdf
[2026-05-29 18:55:11,750] [INFO] [OptimaCaptureBot.ExcelHandler] Copia de seguridad creada en temp\Optima_Capture_Bot.xlsx.bak
[2026-05-29 18:55:12,156] [INFO] [OptimaCaptureBot.ExcelHandler] Fila 4 de Excel actualizada exitosamente a estado: EXITOSO
[2026-05-29 18:55:12,156] [INFO] [OptimaCaptureBot.Orchestrator] Referencia 70027099329764868 descargada con éxito.
[2026-05-29 18:55:12,157] [INFO] [OptimaCaptureBot.Orchestrator] Procesando Fila 5: [Referencia: 70027099339764879] en carpeta Lote_1
[2026-05-29 18:55:12,305] [INFO] [OptimaCaptureBot.ExcelHandler] Copia de seguridad creada en temp\Optima_Capture_Bot.xlsx.bak
[2026-05-29 18:55:12,816] [INFO] [OptimaCaptureBot.ExcelHandler] Fila 5 de Excel actualizada exitosamente a estado: EN_PROCESO
[2026-05-29 18:55:12,817] [INFO] [OptimaCaptureBot.Scraper] Iniciando consulta automatizada para referencia: 70027099339764879 (RFC: CIN010904D31)
[2026-05-29 18:55:22,743] [INFO] [OptimaCaptureBot.Scraper] Botón Buscar pulsado, esperando resultados...
[2026-05-29 18:55:24,840] [INFO] [OptimaCaptureBot.Scraper] Escenario detectado: NO_GENERADA
[2026-05-29 18:55:24,841] [INFO] [OptimaCaptureBot.Scraper] Consulta enviada. Esperando resultados...
[2026-05-29 18:55:27,410] [INFO] [OptimaCaptureBot.Scraper] Clic en Generar CFDI ejecutado.
[2026-05-29 18:55:31,263] [INFO] [OptimaCaptureBot.Scraper] Razón Social establecida: 'CADU INMOBILIARIA'
[2026-05-29 18:55:32,269] [INFO] [OptimaCaptureBot.Scraper] Código Postal establecido: '77503'
[2026-05-29 18:55:32,269] [INFO] [OptimaCaptureBot.Scraper] Datos de validación rellenados y verificados.
[2026-05-29 18:55:34,223] [INFO] [OptimaCaptureBot.Scraper] [VALIDACIÓN] Campos listos. Revise en Chrome antes de timbrar:
  · Razón Social → 'CADU INMOBILIARIA'
  · Código Postal → '77503'
Haga clic en 'Aprobar Timbrado' en la aplicación para continuar.
[2026-05-29 18:55:34,224] [WARNING] [OptimaCaptureBot.Orchestrator] [VALIDACIÓN] Esperando aprobación del operador. Razón Social='CADU INMOBILIARIA' | CP='77503'
[2026-05-29 18:55:39,773] [INFO] [OptimaCaptureBot.Scraper] [VALIDACIÓN] Aprobado por el operador. Procediendo a timbrar...
[2026-05-29 18:55:39,879] [INFO] [OptimaCaptureBot.Scraper] Clic en Timbrar ejecutado.
[2026-05-29 18:55:43,879] [INFO] [OptimaCaptureBot.Scraper] Buscando botones de descarga PDF en la pantalla de resultados (esperando hasta 30s por la generación del PAC)...
[2026-05-29 18:56:13,906] [WARNING] [OptimaCaptureBot.Scraper] El tiempo de espera expiró o los botones PDF no aparecieron de inmediato.
[2026-05-29 18:56:13,914] [ERROR] [OptimaCaptureBot.Scraper] Error procesando registro 70027099339764879: Documentos localizados pero no se encontraron botones de descarga 'PDF'.
[2026-05-29 18:56:14,008] [INFO] [OptimaCaptureBot.Scraper] Evidencia visual guardada exitosamente en screenshots\70027099339764879_20260529_185613_error.png
[2026-05-29 18:56:14,018] [INFO] [OptimaCaptureBot.ExcelHandler] Copia de seguridad creada en temp\Optima_Capture_Bot.xlsx.bak
[2026-05-29 18:56:14,462] [INFO] [OptimaCaptureBot.ExcelHandler] Fila 5 de Excel actualizada exitosamente a estado: ERROR_PORTAL
[2026-05-29 18:56:14,782] [ERROR] [OptimaCaptureBot.Orchestrator] Referencia 70027099339764879 falló: Documentos localizados pero no se encontraron botones de descarga 'PDF'.
[2026-05-29 18:56:14,783] [INFO] [OptimaCaptureBot.Orchestrator] Procesamiento de registros completado.
[2026-05-29 18:56:14,784] [INFO] [OptimaCaptureBot.Orchestrator] El navegador permanece abierto. Ciérrelo manualmente cuando lo desee.
[2026-05-29 18:56:14,787] [INFO] [OptimaCaptureBot.Orchestrator] Orquestador finalizado de forma ordenada.
[2026-05-29 19:00:15,342] [WARNING] [root] Interrupción de teclado detectada. Cerrando bot...
[2026-05-29 19:00:15,354] [WARNING] [OptimaCaptureBot.Scraper] Error al cerrar los recursos de Playwright: cannot switch to a different thread (which happens to have exited)
[2026-05-29 19:00:15,355] [INFO] [root] Aplicación cerrada de forma limpia.
[2026-05-29 19:05:07,108] [INFO] [root] Sistema de logging inicializado exitosamente.
[2026-05-29 19:05:07,109] [INFO] [root] Archivo Excel localizado en: C:\Users\dramos\Documents\Proyecto_CapturaBot\Optima_Capture_Bot.xlsx
[2026-05-29 19:05:07,109] [INFO] [root] Lanzando interfaz gráfica en CustomTkinter...
[2026-05-29 19:06:03,915] [INFO] [OptimaCaptureBot.Orchestrator] Iniciando orquestador operativo...
[2026-05-29 19:06:03,916] [INFO] [OptimaCaptureBot.Orchestrator] Cargando catálogo de RFC y registros del Excel...
[2026-05-29 19:06:03,918] [WARNING] [OptimaCaptureBot.ExcelHandler] El archivo C:\Users\dramos\Documents\Proyecto_CapturaBot\Optima_Capture_Bot.xlsx está bloqueado por otro programa: [Errno 13] Permission denied: 'C:\\Users\\dramos\\Documents\\Proyecto_CapturaBot\\Optima_Capture_Bot.xlsx'
[2026-05-29 19:06:03,920] [INFO] [OptimaCaptureBot.Orchestrator] Orquestador finalizado de forma ordenada.
[2026-05-29 19:06:36,210] [INFO] [OptimaCaptureBot.Orchestrator] Iniciando orquestador operativo...
[2026-05-29 19:06:36,211] [INFO] [OptimaCaptureBot.Orchestrator] Cargando catálogo de RFC y registros del Excel...
[2026-05-29 19:06:39,368] [INFO] [OptimaCaptureBot.ExcelHandler] Cargados 5 registros desde Control_Referencias
[2026-05-29 19:06:39,368] [INFO] [OptimaCaptureBot.Orchestrator] Catálogo RFC: CIN010904D31 (CADU INMOBILIARIA)
[2026-05-29 19:06:39,368] [INFO] [OptimaCaptureBot.Orchestrator] Total registros cargados de Excel: 5
[2026-05-29 19:06:39,369] [INFO] [OptimaCaptureBot.Orchestrator] Ejecutando depuración previa y detección de duplicados locales...
[2026-05-29 19:06:39,375] [INFO] [OptimaCaptureBot.ExcelHandler] Copia de seguridad creada en temp\Optima_Capture_Bot.xlsx.bak
[2026-05-29 19:06:39,668] [INFO] [OptimaCaptureBot.ExcelHandler] Fila 2 de Excel actualizada exitosamente a estado: VALIDADO
[2026-05-29 19:06:39,776] [INFO] [OptimaCaptureBot.ExcelHandler] Copia de seguridad creada en temp\Optima_Capture_Bot.xlsx.bak
[2026-05-29 19:06:40,040] [INFO] [OptimaCaptureBot.ExcelHandler] Fila 3 de Excel actualizada exitosamente a estado: VALIDADO
[2026-05-29 19:06:40,140] [INFO] [OptimaCaptureBot.ExcelHandler] Copia de seguridad creada en temp\Optima_Capture_Bot.xlsx.bak
[2026-05-29 19:06:40,392] [INFO] [OptimaCaptureBot.ExcelHandler] Fila 4 de Excel actualizada exitosamente a estado: VALIDADO
[2026-05-29 19:06:40,396] [INFO] [OptimaCaptureBot.ExcelHandler] Copia de seguridad creada en temp\Optima_Capture_Bot.xlsx.bak
[2026-05-29 19:06:40,528] [INFO] [OptimaCaptureBot.ExcelHandler] Fila 5 de Excel actualizada exitosamente a estado: VALIDADO
[2026-05-29 19:06:40,534] [INFO] [OptimaCaptureBot.ExcelHandler] Copia de seguridad creada en temp\Optima_Capture_Bot.xlsx.bak
[2026-05-29 19:06:40,687] [INFO] [OptimaCaptureBot.ExcelHandler] Fila 6 de Excel actualizada exitosamente a estado: VALIDADO
[2026-05-29 19:06:40,688] [INFO] [OptimaCaptureBot.Orchestrator] Depuración previa completada de forma segura.
[2026-05-29 19:06:40,688] [INFO] [OptimaCaptureBot.Orchestrator] Iniciando navegador Playwright...
[2026-05-29 19:06:40,690] [INFO] [OptimaCaptureBot.Scraper] Iniciando Playwright...
[2026-05-29 19:06:41,423] [INFO] [OptimaCaptureBot.Scraper] Usando perfil persistente de Chrome en: C:\Users\dramos\Documents\Proyecto_CapturaBot\temp\perfil_bot
[2026-05-29 19:06:42,787] [INFO] [OptimaCaptureBot.Scraper] Navegando a la URL del SATQ: https://satq.qroo.gob.mx/paperless/timbrador.html
[2026-05-29 19:06:43,798] [INFO] [OptimaCaptureBot.Orchestrator] No se requiere inicio de sesión manual. Continuando con el proceso.
[2026-05-29 19:06:43,798] [INFO] [OptimaCaptureBot.Orchestrator] Procesando Fila 2: [Referencia: 70027099289764824] en carpeta Lote_1
[2026-05-29 19:06:43,805] [INFO] [OptimaCaptureBot.ExcelHandler] Copia de seguridad creada en temp\Optima_Capture_Bot.xlsx.bak
[2026-05-29 19:06:43,977] [INFO] [OptimaCaptureBot.ExcelHandler] Fila 2 de Excel actualizada exitosamente a estado: EN_PROCESO
[2026-05-29 19:06:43,978] [INFO] [OptimaCaptureBot.Scraper] Iniciando consulta automatizada para referencia: 70027099289764824 (RFC: CIN010904D31)
[2026-05-29 19:06:53,250] [INFO] [OptimaCaptureBot.Scraper] Botón Buscar pulsado, esperando resultados...
[2026-05-29 19:06:55,365] [INFO] [OptimaCaptureBot.Scraper] Escenario detectado: YA_GENERADA
[2026-05-29 19:06:55,366] [INFO] [OptimaCaptureBot.Scraper] Consulta enviada. Esperando resultados...
[2026-05-29 19:06:58,889] [INFO] [OptimaCaptureBot.Scraper] Referencia ya generada, proceder a descarga directa.
[2026-05-29 19:06:58,926] [INFO] [OptimaCaptureBot.Scraper] Buscando botones de descarga PDF en la pantalla de resultados (esperando hasta 30s por la generación del PAC)...
[2026-05-29 19:06:58,990] [INFO] [OptimaCaptureBot.Scraper] Se encontraron 2 botones PDF para descargar.
[2026-05-29 19:06:58,991] [INFO] [OptimaCaptureBot.Scraper] Descargando PDF 1 de 2...
[2026-05-29 19:07:02,094] [INFO] [OptimaCaptureBot.Scraper] Descarga 1 completada y guardada en: C:\Users\dramos\Downloads\Facturas_Referencias\Lote_1\70027099289764824_CIN010904D31_20260529_1.pdf
[2026-05-29 19:07:02,095] [INFO] [OptimaCaptureBot.Scraper] Descargando PDF 2 de 2...
[2026-05-29 19:07:05,001] [INFO] [OptimaCaptureBot.Scraper] Descarga 2 completada y guardada en: C:\Users\dramos\Downloads\Facturas_Referencias\Lote_1\70027099289764824_CIN010904D31_20260529_2.pdf
[2026-05-29 19:07:05,009] [INFO] [OptimaCaptureBot.ExcelHandler] Copia de seguridad creada en temp\Optima_Capture_Bot.xlsx.bak
[2026-05-29 19:07:05,379] [INFO] [OptimaCaptureBot.ExcelHandler] Fila 2 de Excel actualizada exitosamente a estado: EXITOSO
[2026-05-29 19:07:05,382] [INFO] [OptimaCaptureBot.Orchestrator] Referencia 70027099289764824 descargada con éxito.
[2026-05-29 19:07:05,383] [INFO] [OptimaCaptureBot.Orchestrator] Procesando Fila 3: [Referencia: 70027099309764846] en carpeta Lote_1
[2026-05-29 19:07:05,536] [INFO] [OptimaCaptureBot.ExcelHandler] Copia de seguridad creada en temp\Optima_Capture_Bot.xlsx.bak
[2026-05-29 19:07:05,819] [INFO] [OptimaCaptureBot.ExcelHandler] Fila 3 de Excel actualizada exitosamente a estado: EN_PROCESO
[2026-05-29 19:07:05,820] [INFO] [OptimaCaptureBot.Scraper] Iniciando consulta automatizada para referencia: 70027099309764846 (RFC: CIN010904D31)
[2026-05-29 19:07:14,650] [INFO] [OptimaCaptureBot.Scraper] Botón Buscar pulsado, esperando resultados...
[2026-05-29 19:07:16,763] [INFO] [OptimaCaptureBot.Scraper] Escenario detectado: YA_GENERADA
[2026-05-29 19:07:16,764] [INFO] [OptimaCaptureBot.Scraper] Consulta enviada. Esperando resultados...
[2026-05-29 19:07:18,839] [INFO] [OptimaCaptureBot.Scraper] Referencia ya generada, proceder a descarga directa.
[2026-05-29 19:07:18,868] [INFO] [OptimaCaptureBot.Scraper] Buscando botones de descarga PDF en la pantalla de resultados (esperando hasta 30s por la generación del PAC)...
[2026-05-29 19:07:18,924] [INFO] [OptimaCaptureBot.Scraper] Se encontraron 2 botones PDF para descargar.
[2026-05-29 19:07:18,925] [INFO] [OptimaCaptureBot.Scraper] Descargando PDF 1 de 2...
[2026-05-29 19:07:22,048] [INFO] [OptimaCaptureBot.Scraper] Descarga 1 completada y guardada en: C:\Users\dramos\Downloads\Facturas_Referencias\Lote_1\70027099309764846_CIN010904D31_20260529_1.pdf
[2026-05-29 19:07:22,048] [INFO] [OptimaCaptureBot.Scraper] Descargando PDF 2 de 2...
[2026-05-29 19:07:24,935] [INFO] [OptimaCaptureBot.Scraper] Descarga 2 completada y guardada en: C:\Users\dramos\Downloads\Facturas_Referencias\Lote_1\70027099309764846_CIN010904D31_20260529_2.pdf
[2026-05-29 19:07:24,943] [INFO] [OptimaCaptureBot.ExcelHandler] Copia de seguridad creada en temp\Optima_Capture_Bot.xlsx.bak
[2026-05-29 19:07:25,264] [INFO] [OptimaCaptureBot.ExcelHandler] Fila 3 de Excel actualizada exitosamente a estado: EXITOSO
[2026-05-29 19:07:25,265] [INFO] [OptimaCaptureBot.Orchestrator] Referencia 70027099309764846 descargada con éxito.
[2026-05-29 19:07:25,265] [INFO] [OptimaCaptureBot.Orchestrator] Procesando Fila 4: [Referencia: 70027099329764868] en carpeta Lote_1
[2026-05-29 19:07:25,384] [INFO] [OptimaCaptureBot.ExcelHandler] Copia de seguridad creada en temp\Optima_Capture_Bot.xlsx.bak
[2026-05-29 19:07:25,704] [INFO] [OptimaCaptureBot.ExcelHandler] Fila 4 de Excel actualizada exitosamente a estado: EN_PROCESO
[2026-05-29 19:07:25,705] [INFO] [OptimaCaptureBot.Scraper] Iniciando consulta automatizada para referencia: 70027099329764868 (RFC: CIN010904D31)
[2026-05-29 19:07:35,638] [INFO] [OptimaCaptureBot.Scraper] Botón Buscar pulsado, esperando resultados...
[2026-05-29 19:07:37,757] [INFO] [OptimaCaptureBot.Scraper] Escenario detectado: YA_GENERADA
[2026-05-29 19:07:37,758] [INFO] [OptimaCaptureBot.Scraper] Consulta enviada. Esperando resultados...
[2026-05-29 19:07:41,131] [INFO] [OptimaCaptureBot.Scraper] Referencia ya generada, proceder a descarga directa.
[2026-05-29 19:07:41,159] [INFO] [OptimaCaptureBot.Scraper] Buscando botones de descarga PDF en la pantalla de resultados (esperando hasta 30s por la generación del PAC)...
[2026-05-29 19:07:41,208] [INFO] [OptimaCaptureBot.Scraper] Se encontraron 2 botones PDF para descargar.
[2026-05-29 19:07:41,209] [INFO] [OptimaCaptureBot.Scraper] Descargando PDF 1 de 2...
[2026-05-29 19:07:44,206] [INFO] [OptimaCaptureBot.Scraper] Descarga 1 completada y guardada en: C:\Users\dramos\Downloads\Facturas_Referencias\Lote_1\70027099329764868_CIN010904D31_20260529_1.pdf
[2026-05-29 19:07:44,206] [INFO] [OptimaCaptureBot.Scraper] Descargando PDF 2 de 2...
[2026-05-29 19:07:47,228] [INFO] [OptimaCaptureBot.Scraper] Descarga 2 completada y guardada en: C:\Users\dramos\Downloads\Facturas_Referencias\Lote_1\70027099329764868_CIN010904D31_20260529_2.pdf
[2026-05-29 19:07:47,233] [INFO] [OptimaCaptureBot.ExcelHandler] Copia de seguridad creada en temp\Optima_Capture_Bot.xlsx.bak
[2026-05-29 19:07:47,566] [INFO] [OptimaCaptureBot.ExcelHandler] Fila 4 de Excel actualizada exitosamente a estado: EXITOSO
[2026-05-29 19:07:47,567] [INFO] [OptimaCaptureBot.Orchestrator] Referencia 70027099329764868 descargada con éxito.
[2026-05-29 19:07:47,567] [INFO] [OptimaCaptureBot.Orchestrator] Procesando Fila 5: [Referencia: 70027099339764879] en carpeta Lote_1
[2026-05-29 19:07:47,693] [INFO] [OptimaCaptureBot.ExcelHandler] Copia de seguridad creada en temp\Optima_Capture_Bot.xlsx.bak
[2026-05-29 19:07:47,980] [INFO] [OptimaCaptureBot.ExcelHandler] Fila 5 de Excel actualizada exitosamente a estado: EN_PROCESO
[2026-05-29 19:07:47,981] [INFO] [OptimaCaptureBot.Scraper] Iniciando consulta automatizada para referencia: 70027099339764879 (RFC: CIN010904D31)
[2026-05-29 19:07:58,112] [INFO] [OptimaCaptureBot.Scraper] Botón Buscar pulsado, esperando resultados...
[2026-05-29 19:08:00,218] [INFO] [OptimaCaptureBot.Scraper] Escenario detectado: YA_GENERADA
[2026-05-29 19:08:00,219] [INFO] [OptimaCaptureBot.Scraper] Consulta enviada. Esperando resultados...
[2026-05-29 19:08:03,456] [INFO] [OptimaCaptureBot.Scraper] Referencia ya generada, proceder a descarga directa.
[2026-05-29 19:08:03,484] [INFO] [OptimaCaptureBot.Scraper] Buscando botones de descarga PDF en la pantalla de resultados (esperando hasta 30s por la generación del PAC)...
[2026-05-29 19:08:03,537] [INFO] [OptimaCaptureBot.Scraper] Se encontraron 2 botones PDF para descargar.
[2026-05-29 19:08:03,538] [INFO] [OptimaCaptureBot.Scraper] Descargando PDF 1 de 2...
[2026-05-29 19:08:06,658] [INFO] [OptimaCaptureBot.Scraper] Descarga 1 completada y guardada en: C:\Users\dramos\Downloads\Facturas_Referencias\Lote_1\70027099339764879_CIN010904D31_20260529_1.pdf
[2026-05-29 19:08:06,658] [INFO] [OptimaCaptureBot.Scraper] Descargando PDF 2 de 2...
[2026-05-29 19:08:09,713] [INFO] [OptimaCaptureBot.Scraper] Descarga 2 completada y guardada en: C:\Users\dramos\Downloads\Facturas_Referencias\Lote_1\70027099339764879_CIN010904D31_20260529_2.pdf
[2026-05-29 19:08:09,718] [INFO] [OptimaCaptureBot.ExcelHandler] Copia de seguridad creada en temp\Optima_Capture_Bot.xlsx.bak
[2026-05-29 19:08:10,003] [INFO] [OptimaCaptureBot.ExcelHandler] Fila 5 de Excel actualizada exitosamente a estado: EXITOSO
[2026-05-29 19:08:10,003] [INFO] [OptimaCaptureBot.Orchestrator] Referencia 70027099339764879 descargada con éxito.
[2026-05-29 19:08:10,003] [INFO] [OptimaCaptureBot.Orchestrator] Procesando Fila 6: [Referencia: 70027099359764804] en carpeta Lote_1
[2026-05-29 19:08:10,112] [INFO] [OptimaCaptureBot.ExcelHandler] Copia de seguridad creada en temp\Optima_Capture_Bot.xlsx.bak
[2026-05-29 19:08:10,394] [INFO] [OptimaCaptureBot.ExcelHandler] Fila 6 de Excel actualizada exitosamente a estado: EN_PROCESO
[2026-05-29 19:08:10,395] [INFO] [OptimaCaptureBot.Scraper] Iniciando consulta automatizada para referencia: 70027099359764804 (RFC: CIN010904D31)
[2026-05-29 19:08:20,457] [INFO] [OptimaCaptureBot.Scraper] Botón Buscar pulsado, esperando resultados...
[2026-05-29 19:08:22,537] [INFO] [OptimaCaptureBot.Scraper] Escenario detectado: NO_GENERADA
[2026-05-29 19:08:22,538] [INFO] [OptimaCaptureBot.Scraper] Consulta enviada. Esperando resultados...
[2026-05-29 19:08:25,713] [INFO] [OptimaCaptureBot.Scraper] Clic en Generar CFDI ejecutado.
[2026-05-29 19:08:29,714] [INFO] [OptimaCaptureBot.Scraper] Razón Social establecida: 'CADU INMOBILIARIA'
[2026-05-29 19:08:30,856] [INFO] [OptimaCaptureBot.Scraper] Código Postal establecido: '77503'
[2026-05-29 19:08:30,857] [INFO] [OptimaCaptureBot.Scraper] Datos de validación rellenados y verificados.
[2026-05-29 19:08:32,317] [INFO] [OptimaCaptureBot.Scraper] [VALIDACIÓN] Campos listos. Revise en Chrome antes de timbrar:
  · Razón Social → 'CADU INMOBILIARIA'
  · Código Postal → '77503'
Haga clic en 'Aprobar Timbrado' en la aplicación para continuar.
[2026-05-29 19:08:32,318] [WARNING] [OptimaCaptureBot.Orchestrator] [VALIDACIÓN] Esperando aprobación del operador. Razón Social='CADU INMOBILIARIA' | CP='77503'
[2026-05-29 19:08:40,152] [INFO] [OptimaCaptureBot.Scraper] [VALIDACIÓN] Aprobado por el operador. Procediendo a timbrar...
[2026-05-29 19:08:40,253] [INFO] [OptimaCaptureBot.Scraper] Clic en Timbrar ejecutado.
[2026-05-29 19:08:43,057] [INFO] [OptimaCaptureBot.Scraper] Buscando botones de descarga PDF en la pantalla de resultados (esperando hasta 30s por la generación del PAC)...
[2026-05-29 19:08:43,955] [INFO] [OptimaCaptureBot.Scraper] Se encontraron 2 botones PDF para descargar.
[2026-05-29 19:08:43,956] [INFO] [OptimaCaptureBot.Scraper] Descargando PDF 1 de 2...
[2026-05-29 19:08:47,580] [INFO] [OptimaCaptureBot.Scraper] Descarga 1 completada y guardada en: C:\Users\dramos\Downloads\Facturas_Referencias\Lote_1\70027099359764804_CIN010904D31_20260529_1.pdf
[2026-05-29 19:08:47,581] [INFO] [OptimaCaptureBot.Scraper] Descargando PDF 2 de 2...
[2026-05-29 19:08:50,764] [INFO] [OptimaCaptureBot.Scraper] Descarga 2 completada y guardada en: C:\Users\dramos\Downloads\Facturas_Referencias\Lote_1\70027099359764804_CIN010904D31_20260529_2.pdf
[2026-05-29 19:08:50,772] [INFO] [OptimaCaptureBot.ExcelHandler] Copia de seguridad creada en temp\Optima_Capture_Bot.xlsx.bak
[2026-05-29 19:08:51,071] [INFO] [OptimaCaptureBot.ExcelHandler] Fila 6 de Excel actualizada exitosamente a estado: EXITOSO
[2026-05-29 19:08:51,071] [INFO] [OptimaCaptureBot.Orchestrator] Referencia 70027099359764804 descargada con éxito.
[2026-05-29 19:08:51,071] [INFO] [OptimaCaptureBot.Orchestrator] Procesamiento de registros completado.
[2026-05-29 19:08:51,072] [INFO] [OptimaCaptureBot.Orchestrator] El navegador permanece abierto. Ciérrelo manualmente cuando lo desee.
[2026-05-29 19:08:51,072] [INFO] [OptimaCaptureBot.Orchestrator] Orquestador finalizado de forma ordenada.
[2026-05-29 19:20:47,571] [WARNING] [OptimaCaptureBot.Scraper] Error al cerrar los recursos de Playwright: cannot switch to a different thread (which happens to have exited)
[2026-05-29 19:20:47,572] [INFO] [root] Aplicación cerrada de forma limpia.
[2026-05-29 19:21:14,460] [INFO] [root] Sistema de logging inicializado exitosamente.
[2026-05-29 19:21:14,461] [INFO] [root] Archivo Excel localizado en: C:\Users\dramos\Documents\Proyecto_CapturaBot\Optima_Capture_Bot.xlsx
[2026-05-29 19:21:14,461] [INFO] [root] Lanzando interfaz gráfica en CustomTkinter...
[2026-05-29 19:22:30,165] [INFO] [OptimaCaptureBot.Orchestrator] Iniciando orquestador operativo...
[2026-05-29 19:22:30,166] [INFO] [OptimaCaptureBot.Orchestrator] Cargando catálogo de RFC y registros del Excel...
[2026-05-29 19:22:33,133] [INFO] [OptimaCaptureBot.ExcelHandler] Cargados 7 registros desde Control_Referencias
[2026-05-29 19:22:33,134] [INFO] [OptimaCaptureBot.Orchestrator] Catálogo RFC: CIN010904D31 (CADU INMOBILIARIA)
[2026-05-29 19:22:33,134] [INFO] [OptimaCaptureBot.Orchestrator] Total registros cargados de Excel: 7
[2026-05-29 19:22:33,134] [INFO] [OptimaCaptureBot.Orchestrator] Ejecutando depuración previa y detección de duplicados locales...
[2026-05-29 19:22:33,141] [INFO] [OptimaCaptureBot.ExcelHandler] Copia de seguridad creada en temp\Optima_Capture_Bot.xlsx.bak
[2026-05-29 19:22:33,440] [INFO] [OptimaCaptureBot.ExcelHandler] Fila 2 de Excel actualizada exitosamente a estado: VALIDADO
[2026-05-29 19:22:33,554] [INFO] [OptimaCaptureBot.ExcelHandler] Copia de seguridad creada en temp\Optima_Capture_Bot.xlsx.bak
[2026-05-29 19:22:33,928] [INFO] [OptimaCaptureBot.ExcelHandler] Fila 3 de Excel actualizada exitosamente a estado: VALIDADO
[2026-05-29 19:22:34,052] [INFO] [OptimaCaptureBot.ExcelHandler] Copia de seguridad creada en temp\Optima_Capture_Bot.xlsx.bak
[2026-05-29 19:22:34,346] [INFO] [OptimaCaptureBot.ExcelHandler] Fila 4 de Excel actualizada exitosamente a estado: VALIDADO
[2026-05-29 19:22:34,350] [INFO] [OptimaCaptureBot.ExcelHandler] Copia de seguridad creada en temp\Optima_Capture_Bot.xlsx.bak
[2026-05-29 19:22:34,521] [INFO] [OptimaCaptureBot.ExcelHandler] Fila 5 de Excel actualizada exitosamente a estado: VALIDADO
[2026-05-29 19:22:34,528] [INFO] [OptimaCaptureBot.ExcelHandler] Copia de seguridad creada en temp\Optima_Capture_Bot.xlsx.bak
[2026-05-29 19:22:34,684] [INFO] [OptimaCaptureBot.ExcelHandler] Fila 6 de Excel actualizada exitosamente a estado: VALIDADO
[2026-05-29 19:22:34,690] [INFO] [OptimaCaptureBot.ExcelHandler] Copia de seguridad creada en temp\Optima_Capture_Bot.xlsx.bak
[2026-05-29 19:22:34,836] [INFO] [OptimaCaptureBot.ExcelHandler] Fila 7 de Excel actualizada exitosamente a estado: VALIDADO
[2026-05-29 19:22:34,842] [INFO] [OptimaCaptureBot.ExcelHandler] Copia de seguridad creada en temp\Optima_Capture_Bot.xlsx.bak
[2026-05-29 19:22:35,018] [INFO] [OptimaCaptureBot.ExcelHandler] Fila 8 de Excel actualizada exitosamente a estado: VALIDADO
[2026-05-29 19:22:35,018] [INFO] [OptimaCaptureBot.Orchestrator] Depuración previa completada de forma segura.
[2026-05-29 19:22:35,018] [INFO] [OptimaCaptureBot.Orchestrator] Iniciando navegador Playwright...
[2026-05-29 19:22:35,021] [INFO] [OptimaCaptureBot.Scraper] Iniciando Playwright...
[2026-05-29 19:22:35,705] [INFO] [OptimaCaptureBot.Scraper] Usando perfil persistente de Chrome en: C:\Users\dramos\Documents\Proyecto_CapturaBot\temp\perfil_bot
[2026-05-29 19:22:37,053] [INFO] [OptimaCaptureBot.Scraper] Navegando a la URL del SATQ: https://satq.qroo.gob.mx/paperless/timbrador.html
[2026-05-29 19:22:38,470] [INFO] [OptimaCaptureBot.Scraper] Portal cargado exitosamente.
[2026-05-29 19:22:38,470] [INFO] [OptimaCaptureBot.Orchestrator] No se requiere inicio de sesión manual. Continuando con el proceso.
[2026-05-29 19:22:38,470] [INFO] [OptimaCaptureBot.Orchestrator] Procesando Fila 2: [Referencia: 70027099289764824] en carpeta Lote_1
[2026-05-29 19:22:38,475] [INFO] [OptimaCaptureBot.ExcelHandler] Copia de seguridad creada en temp\Optima_Capture_Bot.xlsx.bak
[2026-05-29 19:22:38,650] [INFO] [OptimaCaptureBot.ExcelHandler] Fila 2 de Excel actualizada exitosamente a estado: EN_PROCESO
[2026-05-29 19:22:38,651] [INFO] [OptimaCaptureBot.Scraper] Iniciando consulta automatizada para referencia: 70027099289764824 (RFC: CIN010904D31)
[2026-05-29 19:22:48,985] [INFO] [OptimaCaptureBot.Scraper] Botón Buscar pulsado, esperando resultados...
[2026-05-29 19:22:51,119] [INFO] [OptimaCaptureBot.Scraper] Escenario detectado: YA_GENERADA
[2026-05-29 19:22:51,120] [INFO] [OptimaCaptureBot.Scraper] Consulta enviada. Esperando resultados...
[2026-05-29 19:22:53,330] [INFO] [OptimaCaptureBot.Scraper] Referencia ya generada, proceder a descarga directa.
[2026-05-29 19:22:53,368] [INFO] [OptimaCaptureBot.Scraper] Buscando botones de descarga PDF en la pantalla de resultados (esperando hasta 30s por la generación del PAC)...
[2026-05-29 19:22:53,443] [INFO] [OptimaCaptureBot.Scraper] Se encontraron 2 botones PDF para descargar.
[2026-05-29 19:22:53,444] [INFO] [OptimaCaptureBot.Scraper] Descargando PDF 1 de 2...
[2026-05-29 19:22:56,807] [INFO] [OptimaCaptureBot.Scraper] Descarga 1 completada y guardada en: C:\Users\dramos\Downloads\Facturas_Referencias\Lote_1\70027099289764824_CIN010904D31_20260529_1.pdf
[2026-05-29 19:22:56,808] [INFO] [OptimaCaptureBot.Scraper] Descargando PDF 2 de 2...
[2026-05-29 19:23:00,016] [INFO] [OptimaCaptureBot.Scraper] Descarga 2 completada y guardada en: C:\Users\dramos\Downloads\Facturas_Referencias\Lote_1\70027099289764824_CIN010904D31_20260529_2.pdf
[2026-05-29 19:23:00,043] [INFO] [OptimaCaptureBot.ExcelHandler] Copia de seguridad creada en temp\Optima_Capture_Bot.xlsx.bak
[2026-05-29 19:23:00,367] [INFO] [OptimaCaptureBot.ExcelHandler] Fila 2 de Excel actualizada exitosamente a estado: OK-YA GENERADA
[2026-05-29 19:23:00,367] [ERROR] [OptimaCaptureBot.Orchestrator] Referencia 70027099289764824 falló: None
[2026-05-29 19:23:00,368] [INFO] [OptimaCaptureBot.Orchestrator] Procesando Fila 3: [Referencia: 70027099309764846] en carpeta Lote_1
[2026-05-29 19:23:00,514] [INFO] [OptimaCaptureBot.ExcelHandler] Copia de seguridad creada en temp\Optima_Capture_Bot.xlsx.bak
[2026-05-29 19:23:00,805] [INFO] [OptimaCaptureBot.ExcelHandler] Fila 3 de Excel actualizada exitosamente a estado: EN_PROCESO
[2026-05-29 19:23:00,806] [INFO] [OptimaCaptureBot.Scraper] Iniciando consulta automatizada para referencia: 70027099309764846 (RFC: CIN010904D31)
[2026-05-29 19:23:08,991] [INFO] [OptimaCaptureBot.Scraper] Botón Buscar pulsado, esperando resultados...
[2026-05-29 19:23:11,103] [INFO] [OptimaCaptureBot.Scraper] Escenario detectado: YA_GENERADA
[2026-05-29 19:23:11,104] [INFO] [OptimaCaptureBot.Scraper] Consulta enviada. Esperando resultados...
[2026-05-29 19:23:14,196] [INFO] [OptimaCaptureBot.Scraper] Referencia ya generada, proceder a descarga directa.
[2026-05-29 19:23:14,208] [INFO] [OptimaCaptureBot.Scraper] Buscando botones de descarga PDF en la pantalla de resultados (esperando hasta 30s por la generación del PAC)...
[2026-05-29 19:23:14,236] [INFO] [OptimaCaptureBot.Scraper] Se encontraron 2 botones PDF para descargar.
[2026-05-29 19:23:14,237] [INFO] [OptimaCaptureBot.Scraper] Descargando PDF 1 de 2...
[2026-05-29 19:23:17,444] [INFO] [OptimaCaptureBot.Scraper] Descarga 1 completada y guardada en: C:\Users\dramos\Downloads\Facturas_Referencias\Lote_1\70027099309764846_CIN010904D31_20260529_1.pdf
[2026-05-29 19:23:17,444] [INFO] [OptimaCaptureBot.Scraper] Descargando PDF 2 de 2...
[2026-05-29 19:23:20,702] [INFO] [OptimaCaptureBot.Scraper] Descarga 2 completada y guardada en: C:\Users\dramos\Downloads\Facturas_Referencias\Lote_1\70027099309764846_CIN010904D31_20260529_2.pdf
[2026-05-29 19:23:20,706] [INFO] [OptimaCaptureBot.ExcelHandler] Copia de seguridad creada en temp\Optima_Capture_Bot.xlsx.bak
[2026-05-29 19:23:21,011] [INFO] [OptimaCaptureBot.ExcelHandler] Fila 3 de Excel actualizada exitosamente a estado: OK-YA GENERADA
[2026-05-29 19:23:21,012] [ERROR] [OptimaCaptureBot.Orchestrator] Referencia 70027099309764846 falló: None
[2026-05-29 19:23:21,012] [INFO] [OptimaCaptureBot.Orchestrator] Procesando Fila 4: [Referencia: 70027099329764868] en carpeta Lote_1
[2026-05-29 19:23:21,130] [INFO] [OptimaCaptureBot.ExcelHandler] Copia de seguridad creada en temp\Optima_Capture_Bot.xlsx.bak
[2026-05-29 19:23:21,422] [INFO] [OptimaCaptureBot.ExcelHandler] Fila 4 de Excel actualizada exitosamente a estado: EN_PROCESO
[2026-05-29 19:23:21,423] [INFO] [OptimaCaptureBot.Scraper] Iniciando consulta automatizada para referencia: 70027099329764868 (RFC: CIN010904D31)
[2026-05-29 19:23:31,364] [INFO] [OptimaCaptureBot.Scraper] Botón Buscar pulsado, esperando resultados...
[2026-05-29 19:23:33,493] [INFO] [OptimaCaptureBot.Scraper] Escenario detectado: YA_GENERADA
[2026-05-29 19:23:33,494] [INFO] [OptimaCaptureBot.Scraper] Consulta enviada. Esperando resultados...
[2026-05-29 19:23:37,207] [INFO] [OptimaCaptureBot.Scraper] Referencia ya generada, proceder a descarga directa.
[2026-05-29 19:23:37,238] [INFO] [OptimaCaptureBot.Scraper] Buscando botones de descarga PDF en la pantalla de resultados (esperando hasta 30s por la generación del PAC)...
[2026-05-29 19:23:37,297] [INFO] [OptimaCaptureBot.Scraper] Se encontraron 2 botones PDF para descargar.
[2026-05-29 19:23:37,298] [INFO] [OptimaCaptureBot.Scraper] Descargando PDF 1 de 2...
[2026-05-29 19:23:40,557] [INFO] [OptimaCaptureBot.Scraper] Descarga 1 completada y guardada en: C:\Users\dramos\Downloads\Facturas_Referencias\Lote_1\70027099329764868_CIN010904D31_20260529_1.pdf
[2026-05-29 19:23:40,557] [INFO] [OptimaCaptureBot.Scraper] Descargando PDF 2 de 2...
[2026-05-29 19:23:43,773] [INFO] [OptimaCaptureBot.Scraper] Descarga 2 completada y guardada en: C:\Users\dramos\Downloads\Facturas_Referencias\Lote_1\70027099329764868_CIN010904D31_20260529_2.pdf
[2026-05-29 19:23:43,778] [INFO] [OptimaCaptureBot.ExcelHandler] Copia de seguridad creada en temp\Optima_Capture_Bot.xlsx.bak
[2026-05-29 19:23:44,073] [INFO] [OptimaCaptureBot.ExcelHandler] Fila 4 de Excel actualizada exitosamente a estado: OK-YA GENERADA
[2026-05-29 19:23:44,074] [ERROR] [OptimaCaptureBot.Orchestrator] Referencia 70027099329764868 falló: None
[2026-05-29 19:23:44,074] [INFO] [OptimaCaptureBot.Orchestrator] Procesando Fila 5: [Referencia: 70027099339764879] en carpeta Lote_1
[2026-05-29 19:23:44,186] [INFO] [OptimaCaptureBot.ExcelHandler] Copia de seguridad creada en temp\Optima_Capture_Bot.xlsx.bak
[2026-05-29 19:23:44,484] [INFO] [OptimaCaptureBot.ExcelHandler] Fila 5 de Excel actualizada exitosamente a estado: EN_PROCESO
[2026-05-29 19:23:44,485] [INFO] [OptimaCaptureBot.Scraper] Iniciando consulta automatizada para referencia: 70027099339764879 (RFC: CIN010904D31)
[2026-05-29 19:23:54,304] [INFO] [OptimaCaptureBot.Scraper] Botón Buscar pulsado, esperando resultados...
[2026-05-29 19:23:56,416] [INFO] [OptimaCaptureBot.Scraper] Escenario detectado: YA_GENERADA
[2026-05-29 19:23:56,417] [INFO] [OptimaCaptureBot.Scraper] Consulta enviada. Esperando resultados...
[2026-05-29 19:23:59,256] [INFO] [OptimaCaptureBot.Scraper] Referencia ya generada, proceder a descarga directa.
[2026-05-29 19:23:59,288] [INFO] [OptimaCaptureBot.Scraper] Buscando botones de descarga PDF en la pantalla de resultados (esperando hasta 30s por la generación del PAC)...
[2026-05-29 19:23:59,346] [INFO] [OptimaCaptureBot.Scraper] Se encontraron 2 botones PDF para descargar.
[2026-05-29 19:23:59,348] [INFO] [OptimaCaptureBot.Scraper] Descargando PDF 1 de 2...
[2026-05-29 19:24:02,712] [INFO] [OptimaCaptureBot.Scraper] Descarga 1 completada y guardada en: C:\Users\dramos\Downloads\Facturas_Referencias\Lote_1\70027099339764879_CIN010904D31_20260529_1.pdf
[2026-05-29 19:24:02,713] [INFO] [OptimaCaptureBot.Scraper] Descargando PDF 2 de 2...
[2026-05-29 19:24:05,963] [INFO] [OptimaCaptureBot.Scraper] Descarga 2 completada y guardada en: C:\Users\dramos\Downloads\Facturas_Referencias\Lote_1\70027099339764879_CIN010904D31_20260529_2.pdf
[2026-05-29 19:24:05,970] [INFO] [OptimaCaptureBot.ExcelHandler] Copia de seguridad creada en temp\Optima_Capture_Bot.xlsx.bak
[2026-05-29 19:24:06,406] [INFO] [OptimaCaptureBot.ExcelHandler] Fila 5 de Excel actualizada exitosamente a estado: OK-YA GENERADA
[2026-05-29 19:24:06,407] [ERROR] [OptimaCaptureBot.Orchestrator] Referencia 70027099339764879 falló: None
[2026-05-29 19:24:06,407] [INFO] [OptimaCaptureBot.Orchestrator] Procesando Fila 6: [Referencia: 70027099359764804] en carpeta Lote_1
[2026-05-29 19:24:06,616] [INFO] [OptimaCaptureBot.ExcelHandler] Copia de seguridad creada en temp\Optima_Capture_Bot.xlsx.bak
[2026-05-29 19:24:06,934] [INFO] [OptimaCaptureBot.ExcelHandler] Fila 6 de Excel actualizada exitosamente a estado: EN_PROCESO
[2026-05-29 19:24:06,935] [INFO] [OptimaCaptureBot.Scraper] Iniciando consulta automatizada para referencia: 70027099359764804 (RFC: CIN010904D31)
[2026-05-29 19:24:16,230] [INFO] [OptimaCaptureBot.Scraper] Botón Buscar pulsado, esperando resultados...
[2026-05-29 19:24:18,348] [INFO] [OptimaCaptureBot.Scraper] Escenario detectado: YA_GENERADA
[2026-05-29 19:24:18,349] [INFO] [OptimaCaptureBot.Scraper] Consulta enviada. Esperando resultados...
[2026-05-29 19:24:22,121] [INFO] [OptimaCaptureBot.Scraper] Referencia ya generada, proceder a descarga directa.
[2026-05-29 19:24:22,137] [INFO] [OptimaCaptureBot.Scraper] Buscando botones de descarga PDF en la pantalla de resultados (esperando hasta 30s por la generación del PAC)...
[2026-05-29 19:24:22,167] [INFO] [OptimaCaptureBot.Scraper] Se encontraron 2 botones PDF para descargar.
[2026-05-29 19:24:22,167] [INFO] [OptimaCaptureBot.Scraper] Descargando PDF 1 de 2...
[2026-05-29 19:24:25,328] [INFO] [OptimaCaptureBot.Scraper] Descarga 1 completada y guardada en: C:\Users\dramos\Downloads\Facturas_Referencias\Lote_1\70027099359764804_CIN010904D31_20260529_1.pdf
[2026-05-29 19:24:25,329] [INFO] [OptimaCaptureBot.Scraper] Descargando PDF 2 de 2...
[2026-05-29 19:24:28,675] [INFO] [OptimaCaptureBot.Scraper] Descarga 2 completada y guardada en: C:\Users\dramos\Downloads\Facturas_Referencias\Lote_1\70027099359764804_CIN010904D31_20260529_2.pdf
[2026-05-29 19:24:28,681] [INFO] [OptimaCaptureBot.ExcelHandler] Copia de seguridad creada en temp\Optima_Capture_Bot.xlsx.bak
[2026-05-29 19:24:28,985] [INFO] [OptimaCaptureBot.ExcelHandler] Fila 6 de Excel actualizada exitosamente a estado: OK-YA GENERADA
[2026-05-29 19:24:28,985] [ERROR] [OptimaCaptureBot.Orchestrator] Referencia 70027099359764804 falló: None
[2026-05-29 19:24:28,985] [INFO] [OptimaCaptureBot.Orchestrator] Procesando Fila 7: [Referencia: 70027099369764815] en carpeta Lote_1
[2026-05-29 19:24:29,105] [INFO] [OptimaCaptureBot.ExcelHandler] Copia de seguridad creada en temp\Optima_Capture_Bot.xlsx.bak
[2026-05-29 19:24:29,411] [INFO] [OptimaCaptureBot.ExcelHandler] Fila 7 de Excel actualizada exitosamente a estado: EN_PROCESO
[2026-05-29 19:24:29,412] [INFO] [OptimaCaptureBot.Scraper] Iniciando consulta automatizada para referencia: 70027099369764815 (RFC: CIN010904D31)
[2026-05-29 19:24:37,417] [INFO] [OptimaCaptureBot.Scraper] Botón Buscar pulsado, esperando resultados...
[2026-05-29 19:24:39,530] [INFO] [OptimaCaptureBot.Scraper] Escenario detectado: NO_GENERADA
[2026-05-29 19:24:39,531] [INFO] [OptimaCaptureBot.Scraper] Consulta enviada. Esperando resultados...
[2026-05-29 19:24:42,995] [INFO] [OptimaCaptureBot.Scraper] Clic en Generar CFDI ejecutado.
[2026-05-29 19:24:46,376] [INFO] [OptimaCaptureBot.Scraper] Razón Social establecida: 'CADU INMOBILIARIA'
[2026-05-29 19:24:47,573] [INFO] [OptimaCaptureBot.Scraper] Código Postal establecido: '77503'
[2026-05-29 19:24:47,574] [INFO] [OptimaCaptureBot.Scraper] Datos de validación rellenados y verificados.
[2026-05-29 19:24:49,403] [INFO] [OptimaCaptureBot.Scraper] [VALIDACIÓN] Campos listos. Revise en Chrome antes de timbrar:
  · Razón Social → 'CADU INMOBILIARIA'
  · Código Postal → '77503'
Haga clic en 'Aprobar Timbrado' en la aplicación para continuar.
[2026-05-29 19:24:49,404] [WARNING] [OptimaCaptureBot.Orchestrator] [VALIDACIÓN] Esperando aprobación del operador. Razón Social='CADU INMOBILIARIA' | CP='77503'
[2026-05-29 19:24:52,189] [INFO] [OptimaCaptureBot.Scraper] [VALIDACIÓN] Aprobado por el operador. Procediendo a timbrar...
[2026-05-29 19:24:52,265] [INFO] [OptimaCaptureBot.Scraper] Clic en Timbrar ejecutado.
[2026-05-29 19:24:55,355] [INFO] [OptimaCaptureBot.Scraper] Buscando botones de descarga PDF en la pantalla de resultados (esperando hasta 30s por la generación del PAC)...
[2026-05-29 19:24:55,629] [INFO] [OptimaCaptureBot.Scraper] Se encontraron 2 botones PDF para descargar.
[2026-05-29 19:24:55,629] [INFO] [OptimaCaptureBot.Scraper] Descargando PDF 1 de 2...
[2026-05-29 19:24:59,732] [INFO] [OptimaCaptureBot.Scraper] Descarga 1 completada y guardada en: C:\Users\dramos\Downloads\Facturas_Referencias\Lote_1\70027099369764815_CIN010904D31_20260529_1.pdf
[2026-05-29 19:24:59,733] [INFO] [OptimaCaptureBot.Scraper] Descargando PDF 2 de 2...
[2026-05-29 19:25:03,809] [INFO] [OptimaCaptureBot.Scraper] Descarga 2 completada y guardada en: C:\Users\dramos\Downloads\Facturas_Referencias\Lote_1\70027099369764815_CIN010904D31_20260529_2.pdf
[2026-05-29 19:25:03,822] [INFO] [OptimaCaptureBot.ExcelHandler] Copia de seguridad creada en temp\Optima_Capture_Bot.xlsx.bak
[2026-05-29 19:25:04,192] [INFO] [OptimaCaptureBot.ExcelHandler] Fila 7 de Excel actualizada exitosamente a estado: OK-GENERADA
[2026-05-29 19:25:04,193] [ERROR] [OptimaCaptureBot.Orchestrator] Referencia 70027099369764815 falló: None
[2026-05-29 19:25:04,193] [INFO] [OptimaCaptureBot.Orchestrator] Procesando Fila 8: [Referencia: 70027099389764837] en carpeta Lote_1
[2026-05-29 19:25:04,303] [INFO] [OptimaCaptureBot.ExcelHandler] Copia de seguridad creada en temp\Optima_Capture_Bot.xlsx.bak
[2026-05-29 19:25:04,607] [INFO] [OptimaCaptureBot.ExcelHandler] Fila 8 de Excel actualizada exitosamente a estado: EN_PROCESO
[2026-05-29 19:25:04,608] [INFO] [OptimaCaptureBot.Scraper] Iniciando consulta automatizada para referencia: 70027099389764837 (RFC: CIN010904D31)
[2026-05-29 19:25:15,378] [INFO] [OptimaCaptureBot.Scraper] Botón Buscar pulsado, esperando resultados...
[2026-05-29 19:25:17,490] [INFO] [OptimaCaptureBot.Scraper] Escenario detectado: NO_GENERADA
[2026-05-29 19:25:17,490] [INFO] [OptimaCaptureBot.Scraper] Consulta enviada. Esperando resultados...
[2026-05-29 19:25:21,438] [INFO] [OptimaCaptureBot.Scraper] Clic en Generar CFDI ejecutado.
[2026-05-29 19:25:24,651] [INFO] [OptimaCaptureBot.Scraper] Razón Social establecida: 'CADU INMOBILIARIA'
[2026-05-29 19:25:25,709] [INFO] [OptimaCaptureBot.Scraper] Código Postal establecido: '77503'
[2026-05-29 19:25:25,710] [INFO] [OptimaCaptureBot.Scraper] Datos de validación rellenados y verificados.
[2026-05-29 19:25:26,827] [INFO] [OptimaCaptureBot.Scraper] [VALIDACIÓN] Campos listos. Revise en Chrome antes de timbrar:
  · Razón Social → 'CADU INMOBILIARIA'
  · Código Postal → '77503'
Haga clic en 'Aprobar Timbrado' en la aplicación para continuar.
[2026-05-29 19:25:26,829] [WARNING] [OptimaCaptureBot.Orchestrator] [VALIDACIÓN] Esperando aprobación del operador. Razón Social='CADU INMOBILIARIA' | CP='77503'
[2026-05-29 19:25:31,080] [INFO] [OptimaCaptureBot.Scraper] [VALIDACIÓN] Aprobado por el operador. Procediendo a timbrar...
[2026-05-29 19:25:31,151] [INFO] [OptimaCaptureBot.Scraper] Clic en Timbrar ejecutado.
[2026-05-29 19:25:34,882] [INFO] [OptimaCaptureBot.Scraper] Buscando botones de descarga PDF en la pantalla de resultados (esperando hasta 30s por la generación del PAC)...
[2026-05-29 19:25:34,949] [INFO] [OptimaCaptureBot.Scraper] Se encontraron 2 botones PDF para descargar.
[2026-05-29 19:25:34,949] [INFO] [OptimaCaptureBot.Scraper] Descargando PDF 1 de 2...
[2026-05-29 19:25:38,545] [INFO] [OptimaCaptureBot.Scraper] Descarga 1 completada y guardada en: C:\Users\dramos\Downloads\Facturas_Referencias\Lote_1\70027099389764837_CIN010904D31_20260529_1.pdf
[2026-05-29 19:25:38,545] [INFO] [OptimaCaptureBot.Scraper] Descargando PDF 2 de 2...
[2026-05-29 19:25:43,340] [INFO] [OptimaCaptureBot.Scraper] Descarga 2 completada y guardada en: C:\Users\dramos\Downloads\Facturas_Referencias\Lote_1\70027099389764837_CIN010904D31_20260529_2.pdf
[2026-05-29 19:25:43,347] [INFO] [OptimaCaptureBot.ExcelHandler] Copia de seguridad creada en temp\Optima_Capture_Bot.xlsx.bak
[2026-05-29 19:25:43,653] [INFO] [OptimaCaptureBot.ExcelHandler] Fila 8 de Excel actualizada exitosamente a estado: OK-GENERADA
[2026-05-29 19:25:43,653] [ERROR] [OptimaCaptureBot.Orchestrator] Referencia 70027099389764837 falló: None
[2026-05-29 19:25:43,653] [INFO] [OptimaCaptureBot.Orchestrator] Procesamiento de registros completado.
[2026-05-29 19:25:43,654] [INFO] [OptimaCaptureBot.Orchestrator] El navegador permanece abierto. Ciérrelo manualmente cuando lo desee.
[2026-05-29 19:25:43,654] [INFO] [OptimaCaptureBot.Orchestrator] Orquestador finalizado de forma ordenada.
[2026-05-30 10:10:20,565] [INFO] [root] Sistema de logging inicializado exitosamente.
[2026-05-30 10:10:20,566] [INFO] [root] Archivo Excel localizado en: C:\Users\dramos\Documents\Proyecto_CapturaBot\Optima_Capture_Bot.xlsx
[2026-05-30 10:10:20,567] [INFO] [root] Lanzando interfaz gráfica en CustomTkinter...
[2026-05-30 10:23:20,725] [INFO] [OptimaCaptureBot.Orchestrator] Iniciando orquestador operativo...
[2026-05-30 10:23:20,726] [INFO] [OptimaCaptureBot.Orchestrator] Cargando catálogo de RFC y registros del Excel...
[2026-05-30 10:23:24,116] [INFO] [OptimaCaptureBot.ExcelHandler] Cargados 7 registros desde Control_Referencias
[2026-05-30 10:23:24,117] [INFO] [OptimaCaptureBot.Orchestrator] Catálogo RFC: CIN010904D31 (CADU INMOBILIARIA)
[2026-05-30 10:23:24,117] [INFO] [OptimaCaptureBot.Orchestrator] Total registros cargados de Excel: 7
[2026-05-30 10:23:24,117] [INFO] [OptimaCaptureBot.Orchestrator] Ejecutando depuración previa y detección de duplicados locales...
[2026-05-30 10:23:24,117] [INFO] [OptimaCaptureBot.Orchestrator] Depuración previa completada de forma segura.
[2026-05-30 10:23:24,118] [INFO] [OptimaCaptureBot.Orchestrator] No existen referencias pendientes de consulta en el portal SATQ.
[2026-05-30 10:23:24,118] [INFO] [OptimaCaptureBot.Orchestrator] Orquestador finalizado de forma ordenada.
[2026-05-30 10:24:44,075] [INFO] [OptimaCaptureBot.Orchestrator] Iniciando orquestador operativo...
[2026-05-30 10:24:44,077] [INFO] [OptimaCaptureBot.Orchestrator] Cargando catálogo de RFC y registros del Excel...
[2026-05-30 10:24:47,579] [INFO] [OptimaCaptureBot.ExcelHandler] Cargados 7 registros desde Control_Referencias
[2026-05-30 10:24:47,579] [INFO] [OptimaCaptureBot.Orchestrator] Catálogo RFC: CIN010904D31 (CADU INMOBILIARIA)
[2026-05-30 10:24:47,580] [INFO] [OptimaCaptureBot.Orchestrator] Total registros cargados de Excel: 7
[2026-05-30 10:24:47,580] [INFO] [OptimaCaptureBot.Orchestrator] Ejecutando depuración previa y detección de duplicados locales...
[2026-05-30 10:24:47,682] [INFO] [OptimaCaptureBot.ExcelHandler] Copia de seguridad creada en temp\Optima_Capture_Bot.xlsx.bak
[2026-05-30 10:24:48,032] [INFO] [OptimaCaptureBot.ExcelHandler] Fila 8 de Excel actualizada exitosamente a estado: VALIDADO
[2026-05-30 10:24:48,032] [INFO] [OptimaCaptureBot.Orchestrator] Depuración previa completada de forma segura.
[2026-05-30 10:24:48,032] [INFO] [OptimaCaptureBot.Orchestrator] Iniciando navegador Playwright...
[2026-05-30 10:24:48,035] [INFO] [OptimaCaptureBot.Scraper] Iniciando Playwright...
[2026-05-30 10:24:50,732] [INFO] [OptimaCaptureBot.Scraper] Usando perfil persistente de Chrome en: C:\Users\dramos\Documents\Proyecto_CapturaBot\temp\perfil_bot
[2026-05-30 10:24:52,821] [INFO] [OptimaCaptureBot.Scraper] Navegando a la URL del SATQ: https://satq.qroo.gob.mx/paperless/timbrador.html
[2026-05-30 10:24:54,725] [INFO] [OptimaCaptureBot.Scraper] Portal cargado exitosamente.
[2026-05-30 10:24:54,725] [INFO] [OptimaCaptureBot.Orchestrator] No se requiere inicio de sesión manual. Continuando con el proceso.
[2026-05-30 10:24:54,726] [INFO] [OptimaCaptureBot.Orchestrator] Procesando Fila 8: [Referencia: 70027099389764837] en carpeta Lote_1
[2026-05-30 10:24:54,733] [INFO] [OptimaCaptureBot.ExcelHandler] Copia de seguridad creada en temp\Optima_Capture_Bot.xlsx.bak
[2026-05-30 10:24:55,193] [INFO] [OptimaCaptureBot.ExcelHandler] Fila 8 de Excel actualizada exitosamente a estado: EN_PROCESO
[2026-05-30 10:24:55,196] [INFO] [OptimaCaptureBot.Scraper] Iniciando consulta automatizada para referencia: 70027099389764837 (RFC: CIN010904D31)
[2026-05-30 10:25:04,741] [INFO] [OptimaCaptureBot.Scraper] Botón Buscar pulsado, esperando resultados...
[2026-05-30 10:25:06,881] [INFO] [OptimaCaptureBot.Scraper] Escenario detectado: YA_GENERADA
[2026-05-30 10:25:06,882] [INFO] [OptimaCaptureBot.Scraper] Consulta enviada. Esperando resultados...
[2026-05-30 10:25:10,004] [INFO] [OptimaCaptureBot.Scraper] Referencia 70027099389764837 ya generada. Omitiendo por configuración del operador.
[2026-05-30 10:25:10,028] [INFO] [OptimaCaptureBot.ExcelHandler] Copia de seguridad creada en temp\Optima_Capture_Bot.xlsx.bak
[2026-05-30 10:25:10,475] [INFO] [OptimaCaptureBot.ExcelHandler] Fila 8 de Excel actualizada exitosamente a estado: OMITIDO-YA GENERADA
[2026-05-30 10:25:10,476] [ERROR] [OptimaCaptureBot.Orchestrator] Referencia 70027099389764837 falló: None
[2026-05-30 10:25:10,476] [INFO] [OptimaCaptureBot.Orchestrator] Procesamiento de registros completado.
[2026-05-30 10:25:10,477] [INFO] [OptimaCaptureBot.Orchestrator] El navegador permanece abierto. Ciérrelo manualmente cuando lo desee.
[2026-05-30 10:25:10,477] [INFO] [OptimaCaptureBot.Orchestrator] Orquestador finalizado de forma ordenada.
[2026-05-30 10:27:19,675] [INFO] [OptimaCaptureBot.Orchestrator] Iniciando orquestador operativo...
[2026-05-30 10:27:19,675] [INFO] [OptimaCaptureBot.Orchestrator] Cargando catálogo de RFC y registros del Excel...
[2026-05-30 10:27:23,005] [INFO] [OptimaCaptureBot.ExcelHandler] Cargados 7 registros desde Control_Referencias
[2026-05-30 10:27:23,005] [INFO] [OptimaCaptureBot.Orchestrator] Catálogo RFC: CIN010904D31 (CADU INMOBILIARIA)
[2026-05-30 10:27:23,005] [INFO] [OptimaCaptureBot.Orchestrator] Total registros cargados de Excel: 7
[2026-05-30 10:27:23,006] [INFO] [OptimaCaptureBot.Orchestrator] Ejecutando depuración previa y detección de duplicados locales...
[2026-05-30 10:27:23,011] [INFO] [OptimaCaptureBot.ExcelHandler] Copia de seguridad creada en temp\Optima_Capture_Bot.xlsx.bak
[2026-05-30 10:27:23,325] [INFO] [OptimaCaptureBot.ExcelHandler] Fila 7 de Excel actualizada exitosamente a estado: VALIDADO
[2026-05-30 10:27:23,397] [INFO] [OptimaCaptureBot.ExcelHandler] Copia de seguridad creada en temp\Optima_Capture_Bot.xlsx.bak
[2026-05-30 10:27:23,712] [INFO] [OptimaCaptureBot.ExcelHandler] Fila 8 de Excel actualizada exitosamente a estado: VALIDADO
[2026-05-30 10:27:23,712] [INFO] [OptimaCaptureBot.Orchestrator] Depuración previa completada de forma segura.
[2026-05-30 10:27:23,713] [INFO] [OptimaCaptureBot.Orchestrator] Iniciando navegador Playwright...
[2026-05-30 10:27:23,715] [INFO] [OptimaCaptureBot.Scraper] Iniciando Playwright...
[2026-05-30 10:27:24,437] [INFO] [OptimaCaptureBot.Scraper] Usando perfil persistente de Chrome en: C:\Users\dramos\Documents\Proyecto_CapturaBot\temp\perfil_bot
[2026-05-30 10:27:25,737] [INFO] [OptimaCaptureBot.Scraper] Navegando a la URL del SATQ: https://satq.qroo.gob.mx/paperless/timbrador.html
[2026-05-30 10:27:26,844] [INFO] [OptimaCaptureBot.Scraper] Portal cargado exitosamente.
[2026-05-30 10:27:26,844] [INFO] [OptimaCaptureBot.Orchestrator] No se requiere inicio de sesión manual. Continuando con el proceso.
[2026-05-30 10:27:26,844] [INFO] [OptimaCaptureBot.Orchestrator] Procesando Fila 7: [Referencia: 70027099369764815] en carpeta Lote_1
[2026-05-30 10:27:26,851] [INFO] [OptimaCaptureBot.ExcelHandler] Copia de seguridad creada en temp\Optima_Capture_Bot.xlsx.bak
[2026-05-30 10:27:27,175] [INFO] [OptimaCaptureBot.ExcelHandler] Fila 7 de Excel actualizada exitosamente a estado: EN_PROCESO
[2026-05-30 10:27:27,176] [INFO] [OptimaCaptureBot.Scraper] Iniciando consulta automatizada para referencia: 70027099369764815 (RFC: CIN010904D31)
[2026-05-30 10:27:36,305] [INFO] [OptimaCaptureBot.Scraper] Botón Buscar pulsado, esperando resultados...
[2026-05-30 10:27:38,441] [INFO] [OptimaCaptureBot.Scraper] Escenario detectado: YA_GENERADA
[2026-05-30 10:27:38,443] [INFO] [OptimaCaptureBot.Scraper] Consulta enviada. Esperando resultados...
[2026-05-30 10:27:41,523] [INFO] [OptimaCaptureBot.Scraper] Referencia 70027099369764815 ya generada. Omitiendo por configuración del operador.
[2026-05-30 10:27:41,540] [INFO] [OptimaCaptureBot.ExcelHandler] Copia de seguridad creada en temp\Optima_Capture_Bot.xlsx.bak
[2026-05-30 10:27:42,050] [INFO] [OptimaCaptureBot.ExcelHandler] Fila 7 de Excel actualizada exitosamente a estado: OMITIDO-YA GENERADA
[2026-05-30 10:27:42,051] [ERROR] [OptimaCaptureBot.Orchestrator] Referencia 70027099369764815 falló: None
[2026-05-30 10:27:42,052] [INFO] [OptimaCaptureBot.Orchestrator] Procesando Fila 8: [Referencia: 70027099389764837] en carpeta Lote_1
[2026-05-30 10:27:42,067] [INFO] [OptimaCaptureBot.ExcelHandler] Copia de seguridad creada en temp\Optima_Capture_Bot.xlsx.bak
[2026-05-30 10:27:42,298] [INFO] [OptimaCaptureBot.ExcelHandler] Fila 8 de Excel actualizada exitosamente a estado: EN_PROCESO
[2026-05-30 10:27:42,299] [INFO] [OptimaCaptureBot.Scraper] Iniciando consulta automatizada para referencia: 70027099389764837 (RFC: CIN010904D31)
[2026-05-30 10:27:51,324] [INFO] [OptimaCaptureBot.Scraper] Botón Buscar pulsado, esperando resultados...
[2026-05-30 10:27:53,444] [INFO] [OptimaCaptureBot.Scraper] Escenario detectado: YA_GENERADA
[2026-05-30 10:27:53,445] [INFO] [OptimaCaptureBot.Scraper] Consulta enviada. Esperando resultados...
[2026-05-30 10:27:57,066] [INFO] [OptimaCaptureBot.Scraper] Referencia 70027099389764837 ya generada. Omitiendo por configuración del operador.
[2026-05-30 10:27:57,081] [INFO] [OptimaCaptureBot.ExcelHandler] Copia de seguridad creada en temp\Optima_Capture_Bot.xlsx.bak
[2026-05-30 10:27:57,394] [INFO] [OptimaCaptureBot.ExcelHandler] Fila 8 de Excel actualizada exitosamente a estado: OMITIDO-YA GENERADA
[2026-05-30 10:27:57,395] [ERROR] [OptimaCaptureBot.Orchestrator] Referencia 70027099389764837 falló: None
[2026-05-30 10:27:57,396] [INFO] [OptimaCaptureBot.Orchestrator] Procesamiento de registros completado.
[2026-05-30 10:27:57,396] [INFO] [OptimaCaptureBot.Orchestrator] El navegador permanece abierto. Ciérrelo manualmente cuando lo desee.
[2026-05-30 10:27:57,397] [INFO] [OptimaCaptureBot.Orchestrator] Orquestador finalizado de forma ordenada.
[2026-05-30 10:56:20,391] [WARNING] [OptimaCaptureBot.Scraper] Error al cerrar los recursos de Playwright: cannot switch to a different thread (which happens to have exited)
[2026-05-30 10:56:21,168] [INFO] [OptimaCaptureBot.Scraper] Navegador Playwright cerrado de forma ordenada.
[2026-05-30 10:56:21,168] [INFO] [root] Aplicación cerrada de forma limpia.
[2026-05-30 10:56:28,736] [INFO] [root] Sistema de logging inicializado exitosamente.
[2026-05-30 10:56:28,737] [INFO] [root] Archivo Excel localizado en: C:\Users\dramos\Documents\Proyecto_CapturaBot\Optima_Capture_Bot.xlsx
[2026-05-30 10:56:28,737] [INFO] [root] Lanzando interfaz gráfica en CustomTkinter...
[2026-05-30 10:56:56,344] [INFO] [OptimaCaptureBot.Orchestrator] Iniciando orquestador operativo...
[2026-05-30 10:56:56,345] [INFO] [OptimaCaptureBot.Orchestrator] Cargando catálogo de RFC y registros del Excel...
[2026-05-30 10:56:59,664] [INFO] [OptimaCaptureBot.ExcelHandler] Cargados 9 registros desde Control_Referencias
[2026-05-30 10:56:59,664] [INFO] [OptimaCaptureBot.Orchestrator] Catálogo RFC: CIN010904D31 (CADU INMOBILIARIA)
[2026-05-30 10:56:59,665] [INFO] [OptimaCaptureBot.Orchestrator] Total registros cargados de Excel: 9
[2026-05-30 10:56:59,665] [INFO] [OptimaCaptureBot.Orchestrator] Ejecutando depuración previa y detección de duplicados locales...
[2026-05-30 10:56:59,675] [INFO] [OptimaCaptureBot.ExcelHandler] Copia de seguridad creada en temp\Optima_Capture_Bot.xlsx.bak
[2026-05-30 10:57:00,014] [INFO] [OptimaCaptureBot.ExcelHandler] Fila 9 de Excel actualizada exitosamente a estado: VALIDADO
[2026-05-30 10:57:00,140] [INFO] [OptimaCaptureBot.ExcelHandler] Copia de seguridad creada en temp\Optima_Capture_Bot.xlsx.bak
[2026-05-30 10:57:00,569] [INFO] [OptimaCaptureBot.ExcelHandler] Fila 10 de Excel actualizada exitosamente a estado: VALIDADO
[2026-05-30 10:57:00,569] [INFO] [OptimaCaptureBot.Orchestrator] Depuración previa completada de forma segura.
[2026-05-30 10:57:00,570] [INFO] [OptimaCaptureBot.Orchestrator] Iniciando navegador Playwright...
[2026-05-30 10:57:00,573] [INFO] [OptimaCaptureBot.Scraper] Iniciando Playwright...
[2026-05-30 10:57:01,302] [INFO] [OptimaCaptureBot.Scraper] Usando perfil persistente de Chrome en: C:\Users\dramos\Documents\Proyecto_CapturaBot\temp\perfil_bot
[2026-05-30 10:57:02,682] [INFO] [OptimaCaptureBot.Scraper] Navegando a la URL del SATQ: https://satq.qroo.gob.mx/paperless/timbrador.html
[2026-05-30 10:57:03,715] [INFO] [OptimaCaptureBot.Scraper] Portal cargado exitosamente.
[2026-05-30 10:57:03,715] [INFO] [OptimaCaptureBot.Orchestrator] No se requiere inicio de sesión manual. Continuando con el proceso.
[2026-05-30 10:57:03,715] [INFO] [OptimaCaptureBot.Orchestrator] Procesando Fila 9: [Referencia: 70027099399764848] en carpeta Lote_1
[2026-05-30 10:57:03,724] [INFO] [OptimaCaptureBot.ExcelHandler] Copia de seguridad creada en temp\Optima_Capture_Bot.xlsx.bak
[2026-05-30 10:57:04,050] [INFO] [OptimaCaptureBot.ExcelHandler] Fila 9 de Excel actualizada exitosamente a estado: EN_PROCESO
[2026-05-30 10:57:04,051] [INFO] [OptimaCaptureBot.Scraper] Iniciando consulta automatizada para referencia: 70027099399764848 (RFC: CIN010904D31)
[2026-05-30 10:57:13,114] [INFO] [OptimaCaptureBot.Scraper] Botón Buscar pulsado, esperando resultados...
[2026-05-30 10:57:15,249] [INFO] [OptimaCaptureBot.Scraper] Escenario detectado: NO_GENERADA
[2026-05-30 10:57:15,250] [INFO] [OptimaCaptureBot.Scraper] Consulta enviada. Esperando resultados...
[2026-05-30 10:57:18,974] [INFO] [OptimaCaptureBot.Scraper] Clic en Generar CFDI ejecutado.
[2026-05-30 10:57:21,194] [INFO] [OptimaCaptureBot.Scraper] Razón Social establecida: 'CADU INMOBILIARIA'
[2026-05-30 10:57:21,574] [INFO] [OptimaCaptureBot.Scraper] Código Postal establecido: '77503'
[2026-05-30 10:57:21,576] [INFO] [OptimaCaptureBot.Scraper] Datos de validación rellenados y verificados.
[2026-05-30 10:57:23,277] [INFO] [OptimaCaptureBot.Scraper] [VALIDACIÓN] Campos listos. Revise en Chrome antes de timbrar:
  · Razón Social → 'CADU INMOBILIARIA'
  · Código Postal → '77503'
Haga clic en 'Aprobar Timbrado' en la aplicación para continuar.
[2026-05-30 10:57:23,278] [WARNING] [OptimaCaptureBot.Orchestrator] [VALIDACIÓN] Esperando aprobación del operador. Razón Social='CADU INMOBILIARIA' | CP='77503'
[2026-05-30 10:57:30,505] [INFO] [OptimaCaptureBot.Scraper] [VALIDACIÓN] Aprobado por el operador. Procediendo a timbrar...
[2026-05-30 10:57:30,641] [INFO] [OptimaCaptureBot.Scraper] Clic en Timbrar ejecutado.
[2026-05-30 10:57:34,355] [INFO] [OptimaCaptureBot.Scraper] Buscando botones de descarga PDF en la pantalla de resultados (esperando hasta 30s por la generación del PAC)...
[2026-05-30 10:57:34,383] [INFO] [OptimaCaptureBot.Scraper] Se encontraron 2 botones PDF para descargar.
[2026-05-30 10:57:34,384] [INFO] [OptimaCaptureBot.Scraper] Descargando PDF 1 de 2...
[2026-05-30 10:57:37,591] [INFO] [OptimaCaptureBot.Scraper] Descarga 1 completada y guardada en: C:\Users\dramos\Downloads\Facturas_Referencias\Lote_1\70027099399764848_CIN010904D31_20260530_1.pdf
[2026-05-30 10:57:37,591] [INFO] [OptimaCaptureBot.Scraper] Descargando PDF 2 de 2...
[2026-05-30 10:57:41,118] [INFO] [OptimaCaptureBot.Scraper] Descarga 2 completada y guardada en: C:\Users\dramos\Downloads\Facturas_Referencias\Lote_1\70027099399764848_CIN010904D31_20260530_2.pdf
[2026-05-30 10:57:41,129] [INFO] [OptimaCaptureBot.ExcelHandler] Copia de seguridad creada en temp\Optima_Capture_Bot.xlsx.bak
[2026-05-30 10:57:41,463] [INFO] [OptimaCaptureBot.ExcelHandler] Fila 9 de Excel actualizada exitosamente a estado: OK-GENERADA
[2026-05-30 10:57:41,464] [ERROR] [OptimaCaptureBot.Orchestrator] Referencia 70027099399764848 falló: None
[2026-05-30 10:57:41,464] [INFO] [OptimaCaptureBot.Orchestrator] Procesando Fila 10: [Referencia: 70027099419764870] en carpeta Lote_1
[2026-05-30 10:57:41,611] [INFO] [OptimaCaptureBot.ExcelHandler] Copia de seguridad creada en temp\Optima_Capture_Bot.xlsx.bak
[2026-05-30 10:57:42,061] [INFO] [OptimaCaptureBot.ExcelHandler] Fila 10 de Excel actualizada exitosamente a estado: EN_PROCESO
[2026-05-30 10:57:42,062] [INFO] [OptimaCaptureBot.Scraper] Iniciando consulta automatizada para referencia: 70027099419764870 (RFC: CIN010904D31)
[2026-05-30 10:57:51,648] [INFO] [OptimaCaptureBot.Scraper] Botón Buscar pulsado, esperando resultados...
[2026-05-30 10:57:53,771] [INFO] [OptimaCaptureBot.Scraper] Escenario detectado: NO_GENERADA
[2026-05-30 10:57:53,772] [INFO] [OptimaCaptureBot.Scraper] Consulta enviada. Esperando resultados...
[2026-05-30 10:57:57,376] [INFO] [OptimaCaptureBot.Scraper] Clic en Generar CFDI ejecutado.
[2026-05-30 10:57:59,635] [INFO] [OptimaCaptureBot.Scraper] Razón Social establecida: 'CADU INMOBILIARIA'
[2026-05-30 10:58:00,138] [INFO] [OptimaCaptureBot.Scraper] Código Postal establecido: '77503'
[2026-05-30 10:58:00,139] [INFO] [OptimaCaptureBot.Scraper] Datos de validación rellenados y verificados.
[2026-05-30 10:58:02,014] [INFO] [OptimaCaptureBot.Scraper] [VALIDACIÓN] Campos listos. Revise en Chrome antes de timbrar:
  · Razón Social → 'CADU INMOBILIARIA'
  · Código Postal → '77503'
Haga clic en 'Aprobar Timbrado' en la aplicación para continuar.
[2026-05-30 10:58:02,015] [WARNING] [OptimaCaptureBot.Orchestrator] [VALIDACIÓN] Esperando aprobación del operador. Razón Social='CADU INMOBILIARIA' | CP='77503'
[2026-05-30 10:58:10,745] [INFO] [OptimaCaptureBot.Scraper] [VALIDACIÓN] Aprobado por el operador. Procediendo a timbrar...
[2026-05-30 10:58:10,916] [INFO] [OptimaCaptureBot.Scraper] Clic en Timbrar ejecutado.
[2026-05-30 10:58:13,012] [INFO] [OptimaCaptureBot.Scraper] Buscando botones de descarga PDF en la pantalla de resultados (esperando hasta 30s por la generación del PAC)...
[2026-05-30 10:58:13,971] [INFO] [OptimaCaptureBot.Scraper] Se encontraron 2 botones PDF para descargar.
[2026-05-30 10:58:13,971] [INFO] [OptimaCaptureBot.Scraper] Descargando PDF 1 de 2...
[2026-05-30 10:58:16,908] [INFO] [OptimaCaptureBot.Scraper] Descarga 1 completada y guardada en: C:\Users\dramos\Downloads\Facturas_Referencias\Lote_1\70027099419764870_CIN010904D31_20260530_1.pdf
[2026-05-30 10:58:16,908] [INFO] [OptimaCaptureBot.Scraper] Descargando PDF 2 de 2...
[2026-05-30 10:58:20,066] [INFO] [OptimaCaptureBot.Scraper] Descarga 2 completada y guardada en: C:\Users\dramos\Downloads\Facturas_Referencias\Lote_1\70027099419764870_CIN010904D31_20260530_2.pdf
[2026-05-30 10:58:20,080] [INFO] [OptimaCaptureBot.ExcelHandler] Copia de seguridad creada en temp\Optima_Capture_Bot.xlsx.bak
[2026-05-30 10:58:20,488] [INFO] [OptimaCaptureBot.ExcelHandler] Fila 10 de Excel actualizada exitosamente a estado: OK-GENERADA
[2026-05-30 10:58:20,488] [ERROR] [OptimaCaptureBot.Orchestrator] Referencia 70027099419764870 falló: None
[2026-05-30 10:58:20,488] [INFO] [OptimaCaptureBot.Orchestrator] Procesamiento de registros completado.
[2026-05-30 10:58:20,489] [INFO] [OptimaCaptureBot.Orchestrator] El navegador permanece abierto. Ciérrelo manualmente cuando lo desee.
[2026-05-30 10:58:20,489] [INFO] [OptimaCaptureBot.Orchestrator] Orquestador finalizado de forma ordenada.
[2026-05-30 11:10:49,713] [WARNING] [OptimaCaptureBot.Scraper] Error al cerrar los recursos de Playwright: cannot switch to a different thread (which happens to have exited)
[2026-05-30 11:10:50,301] [INFO] [OptimaCaptureBot.Scraper] Navegador Playwright cerrado de forma ordenada.
[2026-05-30 11:10:50,303] [INFO] [root] Aplicación cerrada de forma limpia.
[2026-05-30 11:24:16,765] [INFO] [root] Sistema de logging inicializado exitosamente.
[2026-05-30 11:24:16,766] [INFO] [root] Archivo Excel localizado en: C:\Users\dramos\Documents\Proyecto_CapturaBot\Optima_Capture_Bot.xlsx
[2026-05-30 11:24:16,766] [INFO] [root] Lanzando interfaz gráfica en CustomTkinter...
[2026-05-30 11:25:04,658] [INFO] [OptimaCaptureBot.Orchestrator] Iniciando orquestador operativo...
[2026-05-30 11:25:04,659] [INFO] [OptimaCaptureBot.Orchestrator] Cargando catálogo de RFC y registros del Excel...
[2026-05-30 11:25:04,662] [WARNING] [OptimaCaptureBot.ExcelHandler] El archivo C:\Users\dramos\Documents\Proyecto_CapturaBot\Optima_Capture_Bot.xlsx está bloqueado por otro programa: [Errno 13] Permission denied: 'C:\\Users\\dramos\\Documents\\Proyecto_CapturaBot\\Optima_Capture_Bot.xlsx'
[2026-05-30 11:25:04,664] [INFO] [OptimaCaptureBot.Orchestrator] Orquestador finalizado de forma ordenada.
[2026-05-30 11:25:17,254] [INFO] [OptimaCaptureBot.Orchestrator] Iniciando orquestador operativo...
[2026-05-30 11:25:17,256] [INFO] [OptimaCaptureBot.Orchestrator] Cargando catálogo de RFC y registros del Excel...
[2026-05-30 11:25:18,169] [INFO] [OptimaCaptureBot.ExcelHandler] Cargados 9 registros desde Control_Referencias
[2026-05-30 11:25:18,169] [INFO] [OptimaCaptureBot.Orchestrator] Catálogo RFC: CIN010904D31 (CADU INMOBILIARIA)
[2026-05-30 11:25:18,169] [INFO] [OptimaCaptureBot.Orchestrator] Total registros cargados de Excel: 9
[2026-05-30 11:25:18,170] [INFO] [OptimaCaptureBot.Orchestrator] Ejecutando depuración previa y detección de duplicados locales...
[2026-05-30 11:25:18,170] [INFO] [OptimaCaptureBot.Orchestrator] Depuración previa completada de forma segura.
[2026-05-30 11:25:18,171] [INFO] [OptimaCaptureBot.Orchestrator] No existen referencias pendientes de consulta en el portal SATQ.
[2026-05-30 11:25:18,171] [INFO] [OptimaCaptureBot.Orchestrator] Orquestador finalizado de forma ordenada.
[2026-05-30 11:48:17,391] [WARNING] [root] Interrupción de teclado detectada. Cerrando bot...
[2026-05-30 11:48:17,393] [INFO] [root] Aplicación cerrada de forma limpia.
[2026-05-30 11:49:28,088] [INFO] [root] Sistema de logging inicializado exitosamente.
[2026-05-30 11:49:28,089] [INFO] [root] Archivo Excel localizado en: C:\Users\dramos\Documents\Proyecto_CapturaBot\Optima_Capture_Bot.xlsx
[2026-05-30 11:49:28,090] [INFO] [root] Lanzando interfaz gráfica en CustomTkinter...
[2026-05-30 11:50:24,876] [INFO] [OptimaCaptureBot.Orchestrator] Iniciando orquestador operativo...
[2026-05-30 11:50:24,878] [INFO] [OptimaCaptureBot.Orchestrator] Cargando catálogo de RFC y registros del Excel...
[2026-05-30 11:50:24,881] [WARNING] [OptimaCaptureBot.ExcelHandler] El archivo C:\Users\dramos\Documents\Proyecto_CapturaBot\Optima_Capture_Bot.xlsx está bloqueado por otro programa: [Errno 13] Permission denied: 'C:\\Users\\dramos\\Documents\\Proyecto_CapturaBot\\Optima_Capture_Bot.xlsx'
[2026-05-30 11:50:24,882] [INFO] [OptimaCaptureBot.Orchestrator] Orquestador finalizado de forma ordenada.
[2026-05-30 11:50:51,390] [INFO] [OptimaCaptureBot.Orchestrator] Iniciando orquestador operativo...
[2026-05-30 11:50:51,392] [INFO] [OptimaCaptureBot.Orchestrator] Cargando catálogo de RFC y registros del Excel...
[2026-05-30 11:50:55,133] [INFO] [OptimaCaptureBot.ExcelHandler] Cargados 11 registros desde Control_Referencias
[2026-05-30 11:50:55,134] [INFO] [OptimaCaptureBot.Orchestrator] Catálogo RFC: CIN010904D31 (CADU INMOBILIARIA)
[2026-05-30 11:50:55,134] [INFO] [OptimaCaptureBot.Orchestrator] Total registros cargados de Excel: 11
[2026-05-30 11:50:55,134] [INFO] [OptimaCaptureBot.Orchestrator] Ejecutando depuración previa y detección de duplicados locales...
[2026-05-30 11:50:55,282] [INFO] [OptimaCaptureBot.ExcelHandler] Copia de seguridad creada en temp\Optima_Capture_Bot.xlsx.bak
[2026-05-30 11:50:56,072] [INFO] [OptimaCaptureBot.ExcelHandler] Fila 11 de Excel actualizada exitosamente a estado: VALIDADO
[2026-05-30 11:50:56,150] [INFO] [OptimaCaptureBot.ExcelHandler] Copia de seguridad creada en temp\Optima_Capture_Bot.xlsx.bak
[2026-05-30 11:50:56,463] [INFO] [OptimaCaptureBot.ExcelHandler] Fila 12 de Excel actualizada exitosamente a estado: VALIDADO
[2026-05-30 11:50:56,463] [INFO] [OptimaCaptureBot.Orchestrator] Depuración previa completada de forma segura.
[2026-05-30 11:50:56,463] [INFO] [OptimaCaptureBot.Orchestrator] Iniciando navegador Playwright...
[2026-05-30 11:50:56,466] [INFO] [OptimaCaptureBot.Scraper] Iniciando Playwright...
[2026-05-30 11:50:57,453] [INFO] [OptimaCaptureBot.Scraper] Usando perfil persistente de Chrome en: C:\Users\dramos\Documents\Proyecto_CapturaBot\temp\perfil_bot
[2026-05-30 11:50:59,075] [INFO] [OptimaCaptureBot.Scraper] Navegando a la URL del SATQ: https://satq.qroo.gob.mx/paperless/timbrador.html
[2026-05-30 11:51:00,732] [INFO] [OptimaCaptureBot.Scraper] Portal cargado exitosamente.
[2026-05-30 11:51:00,733] [INFO] [OptimaCaptureBot.Orchestrator] No se requiere inicio de sesión manual. Continuando con el proceso.
[2026-05-30 11:51:00,734] [INFO] [OptimaCaptureBot.Orchestrator] Procesando Fila 11: [Referencia: 70027099439764892] en carpeta Lote_1
[2026-05-30 11:51:00,745] [INFO] [OptimaCaptureBot.ExcelHandler] Copia de seguridad creada en temp\Optima_Capture_Bot.xlsx.bak
[2026-05-30 11:51:01,079] [INFO] [OptimaCaptureBot.ExcelHandler] Fila 11 de Excel actualizada exitosamente a estado: EN_PROCESO
[2026-05-30 11:51:01,080] [INFO] [OptimaCaptureBot.Scraper] Iniciando consulta automatizada para referencia: 70027099439764892 (RFC: CIN010904D31)
[2026-05-30 11:51:10,445] [INFO] [OptimaCaptureBot.Scraper] Botón Buscar pulsado, esperando resultados...
[2026-05-30 11:51:12,496] [INFO] [OptimaCaptureBot.Scraper] Escenario detectado: NO_GENERADA
[2026-05-30 11:51:12,496] [INFO] [OptimaCaptureBot.Scraper] Consulta enviada. Esperando resultados...
[2026-05-30 11:51:15,424] [INFO] [OptimaCaptureBot.Scraper] Clic en Generar CFDI ejecutado.
[2026-05-30 11:51:17,916] [INFO] [OptimaCaptureBot.Scraper] Razón Social establecida: 'CADU INMOBILIARIA'
[2026-05-30 11:51:18,279] [INFO] [OptimaCaptureBot.Scraper] Código Postal establecido: '77503'
[2026-05-30 11:51:18,279] [INFO] [OptimaCaptureBot.Scraper] Datos de validación rellenados y verificados.
[2026-05-30 11:51:19,809] [INFO] [OptimaCaptureBot.Scraper] [VALIDACIÓN] Campos listos. Revise en Chrome antes de timbrar:
  · Razón Social → 'CADU INMOBILIARIA'
  · Código Postal → '77503'
Haga clic en 'Aprobar Timbrado' en la aplicación para continuar.
[2026-05-30 11:51:19,811] [WARNING] [OptimaCaptureBot.Orchestrator] [AUTÓNOMO] ✓ Timbrado aprobado automáticamente. Razón Social='CADU INMOBILIARIA' | CP='77503'
[2026-05-30 11:51:19,814] [INFO] [OptimaCaptureBot.Scraper] [VALIDACIÓN] Aprobado por el operador. Procediendo a timbrar...
[2026-05-30 11:51:19,887] [INFO] [OptimaCaptureBot.Scraper] Clic en Timbrar ejecutado.
[2026-05-30 11:51:21,967] [INFO] [OptimaCaptureBot.Scraper] Buscando botones de descarga PDF en la pantalla de resultados (esperando hasta 30s por la generación del PAC)...
[2026-05-30 11:51:22,915] [INFO] [OptimaCaptureBot.Scraper] Se encontraron 2 botones PDF para descargar.
[2026-05-30 11:51:22,915] [INFO] [OptimaCaptureBot.Scraper] Descargando PDF 1 de 2...
[2026-05-30 11:51:26,993] [INFO] [OptimaCaptureBot.Scraper] Descarga 1 completada y guardada en: C:\Users\dramos\Downloads\Facturas_Referencias\Lote_1\70027099439764892_CIN010904D31_20260530_1.pdf
[2026-05-30 11:51:26,994] [INFO] [OptimaCaptureBot.Scraper] Descargando PDF 2 de 2...
[2026-05-30 11:51:30,624] [INFO] [OptimaCaptureBot.Scraper] Descarga 2 completada y guardada en: C:\Users\dramos\Downloads\Facturas_Referencias\Lote_1\70027099439764892_CIN010904D31_20260530_2.pdf
[2026-05-30 11:51:30,632] [INFO] [OptimaCaptureBot.ExcelHandler] Copia de seguridad creada en temp\Optima_Capture_Bot.xlsx.bak
[2026-05-30 11:51:30,980] [INFO] [OptimaCaptureBot.ExcelHandler] Fila 11 de Excel actualizada exitosamente a estado: OK-GENERADA
[2026-05-30 11:51:30,981] [ERROR] [OptimaCaptureBot.Orchestrator] Referencia 70027099439764892 falló: None
[2026-05-30 11:51:30,981] [INFO] [OptimaCaptureBot.Orchestrator] Procesando Fila 12: [Referencia: 70027099449764806] en carpeta Lote_1
[2026-05-30 11:51:31,055] [INFO] [OptimaCaptureBot.ExcelHandler] Copia de seguridad creada en temp\Optima_Capture_Bot.xlsx.bak
[2026-05-30 11:51:31,395] [INFO] [OptimaCaptureBot.ExcelHandler] Fila 12 de Excel actualizada exitosamente a estado: EN_PROCESO
[2026-05-30 11:51:31,396] [INFO] [OptimaCaptureBot.Scraper] Iniciando consulta automatizada para referencia: 70027099449764806 (RFC: CIN010904D31)
[2026-05-30 11:51:40,684] [INFO] [OptimaCaptureBot.Scraper] Botón Buscar pulsado, esperando resultados...
[2026-05-30 11:51:42,853] [INFO] [OptimaCaptureBot.Scraper] Escenario detectado: NO_GENERADA
[2026-05-30 11:51:42,855] [INFO] [OptimaCaptureBot.Scraper] Consulta enviada. Esperando resultados...
[2026-05-30 11:51:45,997] [INFO] [OptimaCaptureBot.Scraper] Clic en Generar CFDI ejecutado.
[2026-05-30 11:51:48,842] [INFO] [OptimaCaptureBot.Scraper] Razón Social establecida: 'CADU INMOBILIARIA'
[2026-05-30 11:51:49,260] [INFO] [OptimaCaptureBot.Scraper] Código Postal establecido: '77503'
[2026-05-30 11:51:49,260] [INFO] [OptimaCaptureBot.Scraper] Datos de validación rellenados y verificados.
[2026-05-30 11:51:50,419] [INFO] [OptimaCaptureBot.Scraper] [VALIDACIÓN] Campos listos. Revise en Chrome antes de timbrar:
  · Razón Social → 'CADU INMOBILIARIA'
  · Código Postal → '77503'
Haga clic en 'Aprobar Timbrado' en la aplicación para continuar.
[2026-05-30 11:51:50,421] [WARNING] [OptimaCaptureBot.Orchestrator] [AUTÓNOMO] ✓ Timbrado aprobado automáticamente. Razón Social='CADU INMOBILIARIA' | CP='77503'
[2026-05-30 11:51:50,425] [INFO] [OptimaCaptureBot.Scraper] [VALIDACIÓN] Aprobado por el operador. Procediendo a timbrar...
[2026-05-30 11:51:50,499] [INFO] [OptimaCaptureBot.Scraper] Clic en Timbrar ejecutado.
[2026-05-30 11:51:54,288] [INFO] [OptimaCaptureBot.Scraper] Buscando botones de descarga PDF en la pantalla de resultados (esperando hasta 30s por la generación del PAC)...
[2026-05-30 11:51:54,334] [INFO] [OptimaCaptureBot.Scraper] Se encontraron 2 botones PDF para descargar.
[2026-05-30 11:51:54,335] [INFO] [OptimaCaptureBot.Scraper] Descargando PDF 1 de 2...
[2026-05-30 11:51:58,156] [INFO] [OptimaCaptureBot.Scraper] Descarga 1 completada y guardada en: C:\Users\dramos\Downloads\Facturas_Referencias\Lote_1\70027099449764806_CIN010904D31_20260530_1.pdf
[2026-05-30 11:51:58,156] [INFO] [OptimaCaptureBot.Scraper] Descargando PDF 2 de 2...
[2026-05-30 11:52:01,662] [INFO] [OptimaCaptureBot.Scraper] Descarga 2 completada y guardada en: C:\Users\dramos\Downloads\Facturas_Referencias\Lote_1\70027099449764806_CIN010904D31_20260530_2.pdf
[2026-05-30 11:52:01,674] [INFO] [OptimaCaptureBot.ExcelHandler] Copia de seguridad creada en temp\Optima_Capture_Bot.xlsx.bak
[2026-05-30 11:52:02,142] [INFO] [OptimaCaptureBot.ExcelHandler] Fila 12 de Excel actualizada exitosamente a estado: OK-GENERADA
[2026-05-30 11:52:02,142] [ERROR] [OptimaCaptureBot.Orchestrator] Referencia 70027099449764806 falló: None
[2026-05-30 11:52:02,143] [INFO] [OptimaCaptureBot.Orchestrator] Procesamiento de registros completado.
[2026-05-30 11:52:02,143] [INFO] [OptimaCaptureBot.Orchestrator] El navegador permanece abierto. Ciérrelo manualmente cuando lo desee.
[2026-05-30 11:52:02,144] [INFO] [OptimaCaptureBot.Orchestrator] Orquestador finalizado de forma ordenada.
[2026-05-30 11:59:25,350] [WARNING] [root] Interrupción de teclado detectada. Cerrando bot...
[2026-05-30 11:59:25,355] [WARNING] [OptimaCaptureBot.Scraper] Error al cerrar los recursos de Playwright: cannot switch to a different thread (which happens to have exited)
[2026-05-30 11:59:25,355] [INFO] [root] Aplicación cerrada de forma limpia.
[2026-05-30 11:59:28,578] [INFO] [root] Sistema de logging inicializado exitosamente.
[2026-05-30 11:59:28,579] [INFO] [root] Archivo Excel localizado en: C:\Users\dramos\Documents\Proyecto_CapturaBot\Optima_Capture_Bot.xlsx
[2026-05-30 11:59:28,580] [INFO] [root] Lanzando interfaz gráfica en CustomTkinter...
[2026-05-30 12:01:05,524] [WARNING] [root] Interrupción de teclado detectada. Cerrando bot...
[2026-05-30 12:01:05,524] [INFO] [root] Aplicación cerrada de forma limpia.
[2026-05-30 12:01:08,499] [INFO] [root] Sistema de logging inicializado exitosamente.
[2026-05-30 12:01:08,500] [INFO] [root] Archivo Excel localizado en: C:\Users\dramos\Documents\Proyecto_CapturaBot\Optima_Capture_Bot.xlsx
[2026-05-30 12:01:08,501] [INFO] [root] Lanzando interfaz gráfica en CustomTkinter...
[2026-05-30 12:01:15,762] [INFO] [root] Aplicación cerrada de forma limpia.
[2026-05-30 12:01:52,179] [INFO] [root] Sistema de logging inicializado exitosamente.
[2026-05-30 12:01:52,180] [INFO] [root] Archivo Excel localizado en: C:\Users\dramos\Documents\Proyecto_CapturaBot\Optima_Capture_Bot.xlsx
[2026-05-30 12:01:52,181] [INFO] [root] Lanzando interfaz gráfica en CustomTkinter...
[2026-05-30 12:01:57,184] [INFO] [root] Aplicación cerrada de forma limpia.
[2026-05-30 12:02:27,420] [INFO] [root] Sistema de logging inicializado exitosamente.
[2026-05-30 12:02:27,420] [INFO] [root] Archivo Excel localizado en: C:\Users\dramos\Documents\Proyecto_CapturaBot\Optima_Capture_Bot.xlsx
[2026-05-30 12:02:27,421] [INFO] [root] Lanzando interfaz gráfica en CustomTkinter...
[2026-05-30 12:05:08,066] [WARNING] [root] Interrupción de teclado detectada. Cerrando bot...
[2026-05-30 12:05:08,068] [INFO] [root] Aplicación cerrada de forma limpia.
[2026-05-30 12:05:11,301] [INFO] [root] Sistema de logging inicializado exitosamente.
[2026-05-30 12:05:11,302] [INFO] [root] Archivo Excel localizado en: C:\Users\dramos\Documents\Proyecto_CapturaBot\Optima_Capture_Bot.xlsx
[2026-05-30 12:05:11,302] [INFO] [root] Lanzando interfaz gráfica en CustomTkinter...
[2026-05-30 12:05:32,506] [INFO] [root] Aplicación cerrada de forma limpia.
[2026-05-30 12:21:05,451] [INFO] [root] Sistema de logging inicializado exitosamente.
[2026-05-30 12:21:05,452] [INFO] [root] Archivo Excel localizado en: C:\Users\dramos\Documents\Proyecto_CapturaBot\Optima_Capture_Bot.xlsx
[2026-05-30 12:21:05,452] [INFO] [root] Lanzando interfaz gráfica en CustomTkinter...
[2026-05-30 12:21:40,091] [INFO] [OptimaCaptureBot.Orchestrator] Iniciando orquestador operativo...
[2026-05-30 12:21:40,093] [INFO] [OptimaCaptureBot.Orchestrator] Cargando catálogo de RFC y registros del Excel...
[2026-05-30 12:21:43,742] [INFO] [OptimaCaptureBot.ExcelHandler] Cargados 28 registros desde Control_Referencias
[2026-05-30 12:21:43,742] [INFO] [OptimaCaptureBot.Orchestrator] Catálogo RFC: CIN010904D31 (CADU INMOBILIARIA)
[2026-05-30 12:21:43,742] [INFO] [OptimaCaptureBot.Orchestrator] Total registros cargados de Excel: 28
[2026-05-30 12:21:43,743] [INFO] [OptimaCaptureBot.Orchestrator] Ejecutando depuración previa y detección de duplicados locales...
[2026-05-30 12:21:43,751] [INFO] [OptimaCaptureBot.ExcelHandler] Copia de seguridad creada en temp\Optima_Capture_Bot.xlsx.bak
[2026-05-30 12:21:44,326] [INFO] [OptimaCaptureBot.ExcelHandler] Fila 13 de Excel actualizada exitosamente a estado: VALIDADO
[2026-05-30 12:21:44,470] [INFO] [OptimaCaptureBot.ExcelHandler] Copia de seguridad creada en temp\Optima_Capture_Bot.xlsx.bak
[2026-05-30 12:21:44,771] [INFO] [OptimaCaptureBot.ExcelHandler] Fila 14 de Excel actualizada exitosamente a estado: VALIDADO
[2026-05-30 12:21:44,894] [INFO] [OptimaCaptureBot.ExcelHandler] Copia de seguridad creada en temp\Optima_Capture_Bot.xlsx.bak
[2026-05-30 12:21:45,213] [INFO] [OptimaCaptureBot.ExcelHandler] Fila 15 de Excel actualizada exitosamente a estado: VALIDADO
[2026-05-30 12:21:45,219] [INFO] [OptimaCaptureBot.ExcelHandler] Copia de seguridad creada en temp\Optima_Capture_Bot.xlsx.bak
[2026-05-30 12:21:45,377] [INFO] [OptimaCaptureBot.ExcelHandler] Fila 16 de Excel actualizada exitosamente a estado: VALIDADO
[2026-05-30 12:21:45,383] [INFO] [OptimaCaptureBot.ExcelHandler] Copia de seguridad creada en temp\Optima_Capture_Bot.xlsx.bak
[2026-05-30 12:21:45,630] [INFO] [OptimaCaptureBot.ExcelHandler] Fila 17 de Excel actualizada exitosamente a estado: VALIDADO
[2026-05-30 12:21:45,637] [INFO] [OptimaCaptureBot.ExcelHandler] Copia de seguridad creada en temp\Optima_Capture_Bot.xlsx.bak
[2026-05-30 12:21:45,826] [INFO] [OptimaCaptureBot.ExcelHandler] Fila 18 de Excel actualizada exitosamente a estado: VALIDADO
[2026-05-30 12:21:45,831] [INFO] [OptimaCaptureBot.ExcelHandler] Copia de seguridad creada en temp\Optima_Capture_Bot.xlsx.bak
[2026-05-30 12:21:45,988] [INFO] [OptimaCaptureBot.ExcelHandler] Fila 19 de Excel actualizada exitosamente a estado: VALIDADO
[2026-05-30 12:21:45,993] [INFO] [OptimaCaptureBot.ExcelHandler] Copia de seguridad creada en temp\Optima_Capture_Bot.xlsx.bak
[2026-05-30 12:21:46,143] [INFO] [OptimaCaptureBot.ExcelHandler] Fila 20 de Excel actualizada exitosamente a estado: VALIDADO
[2026-05-30 12:21:46,148] [INFO] [OptimaCaptureBot.ExcelHandler] Copia de seguridad creada en temp\Optima_Capture_Bot.xlsx.bak
[2026-05-30 12:21:46,296] [INFO] [OptimaCaptureBot.ExcelHandler] Fila 21 de Excel actualizada exitosamente a estado: VALIDADO
[2026-05-30 12:21:46,301] [INFO] [OptimaCaptureBot.ExcelHandler] Copia de seguridad creada en temp\Optima_Capture_Bot.xlsx.bak
[2026-05-30 12:21:46,497] [INFO] [OptimaCaptureBot.ExcelHandler] Fila 22 de Excel actualizada exitosamente a estado: VALIDADO
[2026-05-30 12:21:46,501] [INFO] [OptimaCaptureBot.ExcelHandler] Copia de seguridad creada en temp\Optima_Capture_Bot.xlsx.bak
[2026-05-30 12:21:46,685] [INFO] [OptimaCaptureBot.ExcelHandler] Fila 23 de Excel actualizada exitosamente a estado: VALIDADO
[2026-05-30 12:21:46,691] [INFO] [OptimaCaptureBot.ExcelHandler] Copia de seguridad creada en temp\Optima_Capture_Bot.xlsx.bak
[2026-05-30 12:21:46,868] [INFO] [OptimaCaptureBot.ExcelHandler] Fila 24 de Excel actualizada exitosamente a estado: VALIDADO
[2026-05-30 12:21:46,873] [INFO] [OptimaCaptureBot.ExcelHandler] Copia de seguridad creada en temp\Optima_Capture_Bot.xlsx.bak
[2026-05-30 12:21:47,063] [INFO] [OptimaCaptureBot.ExcelHandler] Fila 25 de Excel actualizada exitosamente a estado: VALIDADO
[2026-05-30 12:21:47,067] [INFO] [OptimaCaptureBot.ExcelHandler] Copia de seguridad creada en temp\Optima_Capture_Bot.xlsx.bak
[2026-05-30 12:21:47,226] [INFO] [OptimaCaptureBot.ExcelHandler] Fila 26 de Excel actualizada exitosamente a estado: VALIDADO
[2026-05-30 12:21:47,231] [INFO] [OptimaCaptureBot.ExcelHandler] Copia de seguridad creada en temp\Optima_Capture_Bot.xlsx.bak
[2026-05-30 12:21:47,382] [INFO] [OptimaCaptureBot.ExcelHandler] Fila 27 de Excel actualizada exitosamente a estado: VALIDADO
[2026-05-30 12:21:47,386] [INFO] [OptimaCaptureBot.ExcelHandler] Copia de seguridad creada en temp\Optima_Capture_Bot.xlsx.bak
[2026-05-30 12:21:47,563] [INFO] [OptimaCaptureBot.ExcelHandler] Fila 28 de Excel actualizada exitosamente a estado: VALIDADO
[2026-05-30 12:21:47,568] [INFO] [OptimaCaptureBot.ExcelHandler] Copia de seguridad creada en temp\Optima_Capture_Bot.xlsx.bak
[2026-05-30 12:21:47,719] [INFO] [OptimaCaptureBot.ExcelHandler] Fila 29 de Excel actualizada exitosamente a estado: VALIDADO
[2026-05-30 12:21:47,719] [INFO] [OptimaCaptureBot.Orchestrator] Depuración previa completada de forma segura.
[2026-05-30 12:21:47,720] [INFO] [OptimaCaptureBot.Orchestrator] Iniciando navegador Playwright...
[2026-05-30 12:21:47,722] [INFO] [OptimaCaptureBot.Scraper] Iniciando Playwright...
[2026-05-30 12:21:48,364] [INFO] [OptimaCaptureBot.Scraper] Usando perfil persistente de Chrome en: C:\Users\dramos\Documents\Proyecto_CapturaBot\temp\perfil_bot
[2026-05-30 12:21:49,726] [INFO] [OptimaCaptureBot.Scraper] Navegando a la URL del SATQ: https://satq.qroo.gob.mx/paperless/timbrador.html
[2026-05-30 12:21:50,816] [INFO] [OptimaCaptureBot.Scraper] Portal cargado exitosamente.
[2026-05-30 12:21:50,816] [INFO] [OptimaCaptureBot.Orchestrator] No se requiere inicio de sesión manual. Continuando con el proceso.
[2026-05-30 12:21:50,816] [INFO] [OptimaCaptureBot.Orchestrator] Procesando Fila 13: [Referencia: 70027099469764828] en carpeta Lote_1
[2026-05-30 12:21:50,822] [INFO] [OptimaCaptureBot.ExcelHandler] Copia de seguridad creada en temp\Optima_Capture_Bot.xlsx.bak
[2026-05-30 12:21:50,990] [INFO] [OptimaCaptureBot.ExcelHandler] Fila 13 de Excel actualizada exitosamente a estado: EN_PROCESO
[2026-05-30 12:21:50,991] [INFO] [OptimaCaptureBot.Scraper] Iniciando consulta automatizada para referencia: 70027099469764828 (RFC: CIN010904D31)
[2026-05-30 12:22:00,546] [INFO] [OptimaCaptureBot.Scraper] Botón Buscar pulsado, esperando resultados...
[2026-05-30 12:22:02,656] [INFO] [OptimaCaptureBot.Scraper] Escenario detectado: NO_GENERADA
[2026-05-30 12:22:02,657] [INFO] [OptimaCaptureBot.Scraper] Consulta enviada. Esperando resultados...
[2026-05-30 12:22:05,315] [INFO] [OptimaCaptureBot.Scraper] Clic en Generar CFDI ejecutado.
[2026-05-30 12:22:08,385] [INFO] [OptimaCaptureBot.Scraper] Razón Social establecida: 'CADU INMOBILIARIA'
[2026-05-30 12:22:08,834] [INFO] [OptimaCaptureBot.Scraper] Código Postal establecido: '77503'
[2026-05-30 12:22:08,835] [INFO] [OptimaCaptureBot.Scraper] Datos de validación rellenados y verificados.
[2026-05-30 12:22:09,906] [INFO] [OptimaCaptureBot.Scraper] [VALIDACIÓN] Campos listos. Revise en Chrome antes de timbrar:
  · Razón Social → 'CADU INMOBILIARIA'
  · Código Postal → '77503'
Haga clic en 'Aprobar Timbrado' en la aplicación para continuar.
[2026-05-30 12:22:09,910] [WARNING] [OptimaCaptureBot.Orchestrator] [AUTÓNOMO] ✓ Timbrado aprobado automáticamente. Razón Social='CADU INMOBILIARIA' | CP='77503'
[2026-05-30 12:22:09,917] [INFO] [OptimaCaptureBot.Scraper] [VALIDACIÓN] Aprobado por el operador. Procediendo a timbrar...
[2026-05-30 12:22:10,082] [INFO] [OptimaCaptureBot.Scraper] Clic en Timbrar ejecutado.
[2026-05-30 12:22:12,160] [INFO] [OptimaCaptureBot.Scraper] Buscando botones de descarga PDF en la pantalla de resultados (esperando hasta 30s por la generación del PAC)...
[2026-05-30 12:22:13,630] [INFO] [OptimaCaptureBot.Scraper] Se encontraron 2 botones PDF para descargar.
[2026-05-30 12:22:13,631] [INFO] [OptimaCaptureBot.Scraper] Descargando PDF 1 de 2...
[2026-05-30 12:22:16,903] [INFO] [OptimaCaptureBot.Scraper] Descarga 1 completada y guardada en: C:\Users\dramos\Downloads\Facturas_Referencias\Lote_1\70027099469764828_CIN010904D31_1.pdf
[2026-05-30 12:22:16,904] [INFO] [OptimaCaptureBot.Scraper] Descargando PDF 2 de 2...
[2026-05-30 12:22:20,539] [INFO] [OptimaCaptureBot.Scraper] Descarga 2 completada y guardada en: C:\Users\dramos\Downloads\Facturas_Referencias\Lote_1\70027099469764828_CIN010904D31_2.pdf
[2026-05-30 12:22:20,544] [INFO] [OptimaCaptureBot.ExcelHandler] Copia de seguridad creada en temp\Optima_Capture_Bot.xlsx.bak
[2026-05-30 12:22:20,889] [INFO] [OptimaCaptureBot.ExcelHandler] Fila 13 de Excel actualizada exitosamente a estado: OK-GENERADA
[2026-05-30 12:22:20,890] [ERROR] [OptimaCaptureBot.Orchestrator] Referencia 70027099469764828 falló: None
[2026-05-30 12:22:20,890] [INFO] [OptimaCaptureBot.Orchestrator] Procesando Fila 14: [Referencia: 70027099489764850] en carpeta Lote_1
[2026-05-30 12:22:21,073] [INFO] [OptimaCaptureBot.ExcelHandler] Copia de seguridad creada en temp\Optima_Capture_Bot.xlsx.bak
[2026-05-30 12:22:21,409] [INFO] [OptimaCaptureBot.ExcelHandler] Fila 14 de Excel actualizada exitosamente a estado: EN_PROCESO
[2026-05-30 12:22:21,410] [INFO] [OptimaCaptureBot.Scraper] Iniciando consulta automatizada para referencia: 70027099489764850 (RFC: CIN010904D31)
[2026-05-30 12:22:30,616] [INFO] [OptimaCaptureBot.Scraper] Botón Buscar pulsado, esperando resultados...
[2026-05-30 12:22:32,738] [INFO] [OptimaCaptureBot.Scraper] Escenario detectado: NO_GENERADA
[2026-05-30 12:22:32,739] [INFO] [OptimaCaptureBot.Scraper] Consulta enviada. Esperando resultados...
[2026-05-30 12:22:34,868] [INFO] [OptimaCaptureBot.Scraper] Clic en Generar CFDI ejecutado.
[2026-05-30 12:22:37,626] [INFO] [OptimaCaptureBot.Scraper] Razón Social establecida: 'CADU INMOBILIARIA'
[2026-05-30 12:22:38,158] [INFO] [OptimaCaptureBot.Scraper] Código Postal establecido: '77503'
[2026-05-30 12:22:38,159] [INFO] [OptimaCaptureBot.Scraper] Datos de validación rellenados y verificados.
[2026-05-30 12:22:39,364] [INFO] [OptimaCaptureBot.Scraper] [VALIDACIÓN] Campos listos. Revise en Chrome antes de timbrar:
  · Razón Social → 'CADU INMOBILIARIA'
  · Código Postal → '77503'
Haga clic en 'Aprobar Timbrado' en la aplicación para continuar.
[2026-05-30 12:22:39,367] [WARNING] [OptimaCaptureBot.Orchestrator] [AUTÓNOMO] ✓ Timbrado aprobado automáticamente. Razón Social='CADU INMOBILIARIA' | CP='77503'
[2026-05-30 12:22:39,374] [INFO] [OptimaCaptureBot.Scraper] [VALIDACIÓN] Aprobado por el operador. Procediendo a timbrar...
[2026-05-30 12:22:39,530] [INFO] [OptimaCaptureBot.Scraper] Clic en Timbrar ejecutado.
[2026-05-30 12:22:41,832] [INFO] [OptimaCaptureBot.Scraper] Buscando botones de descarga PDF en la pantalla de resultados (esperando hasta 30s por la generación del PAC)...
[2026-05-30 12:22:42,773] [INFO] [OptimaCaptureBot.Scraper] Se encontraron 2 botones PDF para descargar.
[2026-05-30 12:22:42,774] [INFO] [OptimaCaptureBot.Scraper] Descargando PDF 1 de 2...
[2026-05-30 12:22:45,982] [INFO] [OptimaCaptureBot.Scraper] Descarga 1 completada y guardada en: C:\Users\dramos\Downloads\Facturas_Referencias\Lote_1\70027099489764850_CIN010904D31_1.pdf
[2026-05-30 12:22:45,983] [INFO] [OptimaCaptureBot.Scraper] Descargando PDF 2 de 2...
[2026-05-30 12:22:49,130] [INFO] [OptimaCaptureBot.Scraper] Descarga 2 completada y guardada en: C:\Users\dramos\Downloads\Facturas_Referencias\Lote_1\70027099489764850_CIN010904D31_2.pdf
[2026-05-30 12:22:49,137] [INFO] [OptimaCaptureBot.ExcelHandler] Copia de seguridad creada en temp\Optima_Capture_Bot.xlsx.bak
[2026-05-30 12:22:49,584] [INFO] [OptimaCaptureBot.ExcelHandler] Fila 14 de Excel actualizada exitosamente a estado: OK-GENERADA
[2026-05-30 12:22:49,585] [ERROR] [OptimaCaptureBot.Orchestrator] Referencia 70027099489764850 falló: None
[2026-05-30 12:22:49,585] [INFO] [OptimaCaptureBot.Orchestrator] Procesando Fila 15: [Referencia: 70027099499764861] en carpeta Lote_1
[2026-05-30 12:22:49,701] [INFO] [OptimaCaptureBot.ExcelHandler] Copia de seguridad creada en temp\Optima_Capture_Bot.xlsx.bak
[2026-05-30 12:22:49,992] [INFO] [OptimaCaptureBot.ExcelHandler] Fila 15 de Excel actualizada exitosamente a estado: EN_PROCESO
[2026-05-30 12:22:49,993] [INFO] [OptimaCaptureBot.Scraper] Iniciando consulta automatizada para referencia: 70027099499764861 (RFC: CIN010904D31)
[2026-05-30 12:22:59,948] [INFO] [OptimaCaptureBot.Scraper] Botón Buscar pulsado, esperando resultados...
[2026-05-30 12:23:02,049] [INFO] [OptimaCaptureBot.Scraper] Escenario detectado: NO_GENERADA
[2026-05-30 12:23:02,050] [INFO] [OptimaCaptureBot.Scraper] Consulta enviada. Esperando resultados...
[2026-05-30 12:23:05,776] [INFO] [OptimaCaptureBot.Scraper] Clic en Generar CFDI ejecutado.
[2026-05-30 12:23:08,828] [INFO] [OptimaCaptureBot.Scraper] Razón Social establecida: 'CADU INMOBILIARIA'
[2026-05-30 12:23:09,238] [INFO] [OptimaCaptureBot.Scraper] Código Postal establecido: '77503'
[2026-05-30 12:23:09,239] [INFO] [OptimaCaptureBot.Scraper] Datos de validación rellenados y verificados.
[2026-05-30 12:23:10,659] [INFO] [OptimaCaptureBot.Scraper] [VALIDACIÓN] Campos listos. Revise en Chrome antes de timbrar:
  · Razón Social → 'CADU INMOBILIARIA'
  · Código Postal → '77503'
Haga clic en 'Aprobar Timbrado' en la aplicación para continuar.
[2026-05-30 12:23:10,662] [WARNING] [OptimaCaptureBot.Orchestrator] [AUTÓNOMO] ✓ Timbrado aprobado automáticamente. Razón Social='CADU INMOBILIARIA' | CP='77503'
[2026-05-30 12:23:10,669] [INFO] [OptimaCaptureBot.Scraper] [VALIDACIÓN] Aprobado por el operador. Procediendo a timbrar...
[2026-05-30 12:23:10,850] [INFO] [OptimaCaptureBot.Scraper] Clic en Timbrar ejecutado.
[2026-05-30 12:23:14,200] [INFO] [OptimaCaptureBot.Scraper] Buscando botones de descarga PDF en la pantalla de resultados (esperando hasta 30s por la generación del PAC)...
[2026-05-30 12:23:14,277] [INFO] [OptimaCaptureBot.Scraper] Se encontraron 2 botones PDF para descargar.
[2026-05-30 12:23:14,279] [INFO] [OptimaCaptureBot.Scraper] Descargando PDF 1 de 2...
[2026-05-30 12:23:17,534] [INFO] [OptimaCaptureBot.Scraper] Descarga 1 completada y guardada en: C:\Users\dramos\Downloads\Facturas_Referencias\Lote_1\70027099499764861_CIN010904D31_1.pdf
[2026-05-30 12:23:17,534] [INFO] [OptimaCaptureBot.Scraper] Descargando PDF 2 de 2...
[2026-05-30 12:23:21,278] [INFO] [OptimaCaptureBot.Scraper] Descarga 2 completada y guardada en: C:\Users\dramos\Downloads\Facturas_Referencias\Lote_1\70027099499764861_CIN010904D31_2.pdf
[2026-05-30 12:23:21,283] [INFO] [OptimaCaptureBot.ExcelHandler] Copia de seguridad creada en temp\Optima_Capture_Bot.xlsx.bak
[2026-05-30 12:23:21,736] [INFO] [OptimaCaptureBot.ExcelHandler] Fila 15 de Excel actualizada exitosamente a estado: OK-GENERADA
[2026-05-30 12:23:21,737] [ERROR] [OptimaCaptureBot.Orchestrator] Referencia 70027099499764861 falló: None
[2026-05-30 12:23:21,737] [INFO] [OptimaCaptureBot.Orchestrator] Procesando Fila 16: [Referencia: 70027099519764883] en carpeta Lote_1
[2026-05-30 12:23:21,887] [INFO] [OptimaCaptureBot.ExcelHandler] Copia de seguridad creada en temp\Optima_Capture_Bot.xlsx.bak
[2026-05-30 12:23:22,148] [INFO] [OptimaCaptureBot.ExcelHandler] Fila 16 de Excel actualizada exitosamente a estado: EN_PROCESO
[2026-05-30 12:23:22,149] [INFO] [OptimaCaptureBot.Scraper] Iniciando consulta automatizada para referencia: 70027099519764883 (RFC: CIN010904D31)
[2026-05-30 12:23:31,459] [INFO] [OptimaCaptureBot.Scraper] Botón Buscar pulsado, esperando resultados...
[2026-05-30 12:23:33,584] [INFO] [OptimaCaptureBot.Scraper] Escenario detectado: NO_GENERADA
[2026-05-30 12:23:33,585] [INFO] [OptimaCaptureBot.Scraper] Consulta enviada. Esperando resultados...
[2026-05-30 12:23:37,215] [INFO] [OptimaCaptureBot.Scraper] Clic en Generar CFDI ejecutado.
[2026-05-30 12:23:39,705] [INFO] [OptimaCaptureBot.Scraper] Razón Social establecida: 'CADU INMOBILIARIA'
[2026-05-30 12:23:40,120] [INFO] [OptimaCaptureBot.Scraper] Código Postal establecido: '77503'
[2026-05-30 12:23:40,121] [INFO] [OptimaCaptureBot.Scraper] Datos de validación rellenados y verificados.
[2026-05-30 12:23:41,598] [INFO] [OptimaCaptureBot.Scraper] [VALIDACIÓN] Campos listos. Revise en Chrome antes de timbrar:
  · Razón Social → 'CADU INMOBILIARIA'
  · Código Postal → '77503'
Haga clic en 'Aprobar Timbrado' en la aplicación para continuar.
[2026-05-30 12:23:41,602] [WARNING] [OptimaCaptureBot.Orchestrator] [AUTÓNOMO] ✓ Timbrado aprobado automáticamente. Razón Social='CADU INMOBILIARIA' | CP='77503'
[2026-05-30 12:23:41,610] [INFO] [OptimaCaptureBot.Scraper] [VALIDACIÓN] Aprobado por el operador. Procediendo a timbrar...
[2026-05-30 12:23:41,771] [INFO] [OptimaCaptureBot.Scraper] Clic en Timbrar ejecutado.
[2026-05-30 12:23:45,498] [INFO] [OptimaCaptureBot.Scraper] Buscando botones de descarga PDF en la pantalla de resultados (esperando hasta 30s por la generación del PAC)...
[2026-05-30 12:23:45,573] [INFO] [OptimaCaptureBot.Scraper] Se encontraron 2 botones PDF para descargar.
[2026-05-30 12:23:45,575] [INFO] [OptimaCaptureBot.Scraper] Descargando PDF 1 de 2...
[2026-05-30 12:23:48,957] [INFO] [OptimaCaptureBot.Scraper] Descarga 1 completada y guardada en: C:\Users\dramos\Downloads\Facturas_Referencias\Lote_1\70027099519764883_CIN010904D31_1.pdf
[2026-05-30 12:23:48,958] [INFO] [OptimaCaptureBot.Scraper] Descargando PDF 2 de 2...
[2026-05-30 12:23:52,098] [INFO] [OptimaCaptureBot.Scraper] Descarga 2 completada y guardada en: C:\Users\dramos\Downloads\Facturas_Referencias\Lote_1\70027099519764883_CIN010904D31_2.pdf
[2026-05-30 12:23:52,106] [INFO] [OptimaCaptureBot.ExcelHandler] Copia de seguridad creada en temp\Optima_Capture_Bot.xlsx.bak
[2026-05-30 12:23:52,417] [INFO] [OptimaCaptureBot.ExcelHandler] Fila 16 de Excel actualizada exitosamente a estado: OK-GENERADA
[2026-05-30 12:23:52,418] [ERROR] [OptimaCaptureBot.Orchestrator] Referencia 70027099519764883 falló: None
[2026-05-30 12:23:52,418] [INFO] [OptimaCaptureBot.Orchestrator] Procesando Fila 17: [Referencia: 70027099539764808] en carpeta Lote_1
[2026-05-30 12:23:52,547] [INFO] [OptimaCaptureBot.ExcelHandler] Copia de seguridad creada en temp\Optima_Capture_Bot.xlsx.bak
[2026-05-30 12:23:52,848] [INFO] [OptimaCaptureBot.ExcelHandler] Fila 17 de Excel actualizada exitosamente a estado: EN_PROCESO
[2026-05-30 12:23:52,849] [INFO] [OptimaCaptureBot.Scraper] Iniciando consulta automatizada para referencia: 70027099539764808 (RFC: CIN010904D31)
[2026-05-30 12:24:02,538] [INFO] [OptimaCaptureBot.Scraper] Botón Buscar pulsado, esperando resultados...
[2026-05-30 12:24:04,648] [INFO] [OptimaCaptureBot.Scraper] Escenario detectado: NO_GENERADA
[2026-05-30 12:24:04,649] [INFO] [OptimaCaptureBot.Scraper] Consulta enviada. Esperando resultados...
[2026-05-30 12:24:07,313] [INFO] [OptimaCaptureBot.Scraper] Clic en Generar CFDI ejecutado.
[2026-05-30 12:24:09,900] [INFO] [OptimaCaptureBot.Scraper] Razón Social establecida: 'CADU INMOBILIARIA'
[2026-05-30 12:24:10,300] [INFO] [OptimaCaptureBot.Scraper] Código Postal establecido: '77503'
[2026-05-30 12:24:10,302] [INFO] [OptimaCaptureBot.Scraper] Datos de validación rellenados y verificados.
[2026-05-30 12:24:12,219] [INFO] [OptimaCaptureBot.Scraper] [VALIDACIÓN] Campos listos. Revise en Chrome antes de timbrar:
  · Razón Social → 'CADU INMOBILIARIA'
  · Código Postal → '77503'
Haga clic en 'Aprobar Timbrado' en la aplicación para continuar.
[2026-05-30 12:24:12,221] [WARNING] [OptimaCaptureBot.Orchestrator] [AUTÓNOMO] ✓ Timbrado aprobado automáticamente. Razón Social='CADU INMOBILIARIA' | CP='77503'
[2026-05-30 12:24:12,223] [INFO] [OptimaCaptureBot.Scraper] [VALIDACIÓN] Aprobado por el operador. Procediendo a timbrar...
[2026-05-30 12:24:12,282] [INFO] [OptimaCaptureBot.Scraper] Clic en Timbrar ejecutado.
[2026-05-30 12:24:15,961] [INFO] [OptimaCaptureBot.Scraper] Buscando botones de descarga PDF en la pantalla de resultados (esperando hasta 30s por la generación del PAC)...
[2026-05-30 12:24:15,985] [INFO] [OptimaCaptureBot.Scraper] Se encontraron 2 botones PDF para descargar.
[2026-05-30 12:24:15,986] [INFO] [OptimaCaptureBot.Scraper] Descargando PDF 1 de 2...
[2026-05-30 12:24:19,018] [INFO] [OptimaCaptureBot.Scraper] Descarga 1 completada y guardada en: C:\Users\dramos\Downloads\Facturas_Referencias\Lote_1\70027099539764808_CIN010904D31_1.pdf
[2026-05-30 12:24:19,019] [INFO] [OptimaCaptureBot.Scraper] Descargando PDF 2 de 2...
[2026-05-30 12:24:22,709] [INFO] [OptimaCaptureBot.Scraper] Descarga 2 completada y guardada en: C:\Users\dramos\Downloads\Facturas_Referencias\Lote_1\70027099539764808_CIN010904D31_2.pdf
[2026-05-30 12:24:22,717] [INFO] [OptimaCaptureBot.ExcelHandler] Copia de seguridad creada en temp\Optima_Capture_Bot.xlsx.bak
[2026-05-30 12:24:23,122] [INFO] [OptimaCaptureBot.ExcelHandler] Fila 17 de Excel actualizada exitosamente a estado: OK-GENERADA
[2026-05-30 12:24:23,123] [ERROR] [OptimaCaptureBot.Orchestrator] Referencia 70027099539764808 falló: None
[2026-05-30 12:24:23,123] [INFO] [OptimaCaptureBot.Orchestrator] Procesando Fila 18: [Referencia: 70027099559764830] en carpeta Lote_1
[2026-05-30 12:24:23,242] [INFO] [OptimaCaptureBot.ExcelHandler] Copia de seguridad creada en temp\Optima_Capture_Bot.xlsx.bak
[2026-05-30 12:24:23,524] [INFO] [OptimaCaptureBot.ExcelHandler] Fila 18 de Excel actualizada exitosamente a estado: EN_PROCESO
[2026-05-30 12:24:23,525] [INFO] [OptimaCaptureBot.Scraper] Iniciando consulta automatizada para referencia: 70027099559764830 (RFC: CIN010904D31)
[2026-05-30 12:24:33,120] [INFO] [OptimaCaptureBot.Scraper] Botón Buscar pulsado, esperando resultados...
[2026-05-30 12:24:35,182] [INFO] [OptimaCaptureBot.Scraper] Escenario detectado: NO_GENERADA
[2026-05-30 12:24:35,183] [INFO] [OptimaCaptureBot.Scraper] Consulta enviada. Esperando resultados...
[2026-05-30 12:24:39,113] [INFO] [OptimaCaptureBot.Scraper] Clic en Generar CFDI ejecutado.
[2026-05-30 12:24:41,149] [INFO] [OptimaCaptureBot.Scraper] Razón Social establecida: 'CADU INMOBILIARIA'
[2026-05-30 12:24:41,544] [INFO] [OptimaCaptureBot.Scraper] Código Postal establecido: '77503'
[2026-05-30 12:24:41,545] [INFO] [OptimaCaptureBot.Scraper] Datos de validación rellenados y verificados.
[2026-05-30 12:24:43,187] [INFO] [OptimaCaptureBot.Scraper] [VALIDACIÓN] Campos listos. Revise en Chrome antes de timbrar:
  · Razón Social → 'CADU INMOBILIARIA'
  · Código Postal → '77503'
Haga clic en 'Aprobar Timbrado' en la aplicación para continuar.
[2026-05-30 12:24:43,194] [WARNING] [OptimaCaptureBot.Orchestrator] [AUTÓNOMO] ✓ Timbrado aprobado automáticamente. Razón Social='CADU INMOBILIARIA' | CP='77503'
[2026-05-30 12:24:43,203] [INFO] [OptimaCaptureBot.Scraper] [VALIDACIÓN] Aprobado por el operador. Procediendo a timbrar...
[2026-05-30 12:24:43,366] [INFO] [OptimaCaptureBot.Scraper] Clic en Timbrar ejecutado.
[2026-05-30 12:24:45,744] [INFO] [OptimaCaptureBot.Scraper] Buscando botones de descarga PDF en la pantalla de resultados (esperando hasta 30s por la generación del PAC)...
[2026-05-30 12:24:46,693] [INFO] [OptimaCaptureBot.Scraper] Se encontraron 2 botones PDF para descargar.
[2026-05-30 12:24:46,695] [INFO] [OptimaCaptureBot.Scraper] Descargando PDF 1 de 2...
[2026-05-30 12:24:51,006] [INFO] [OptimaCaptureBot.Scraper] Descarga 1 completada y guardada en: C:\Users\dramos\Downloads\Facturas_Referencias\Lote_1\70027099559764830_CIN010904D31_1.pdf
[2026-05-30 12:24:51,006] [INFO] [OptimaCaptureBot.Scraper] Descargando PDF 2 de 2...
[2026-05-30 12:24:54,277] [INFO] [OptimaCaptureBot.Scraper] Descarga 2 completada y guardada en: C:\Users\dramos\Downloads\Facturas_Referencias\Lote_1\70027099559764830_CIN010904D31_2.pdf
[2026-05-30 12:24:54,283] [INFO] [OptimaCaptureBot.ExcelHandler] Copia de seguridad creada en temp\Optima_Capture_Bot.xlsx.bak
[2026-05-30 12:24:54,650] [INFO] [OptimaCaptureBot.ExcelHandler] Fila 18 de Excel actualizada exitosamente a estado: OK-GENERADA
[2026-05-30 12:24:54,651] [ERROR] [OptimaCaptureBot.Orchestrator] Referencia 70027099559764830 falló: None
[2026-05-30 12:24:54,651] [INFO] [OptimaCaptureBot.Orchestrator] Procesando Fila 19: [Referencia: 70027099569764841] en carpeta Lote_1
[2026-05-30 12:24:54,810] [INFO] [OptimaCaptureBot.ExcelHandler] Copia de seguridad creada en temp\Optima_Capture_Bot.xlsx.bak
[2026-05-30 12:24:55,167] [INFO] [OptimaCaptureBot.ExcelHandler] Fila 19 de Excel actualizada exitosamente a estado: EN_PROCESO
[2026-05-30 12:24:55,168] [INFO] [OptimaCaptureBot.Scraper] Iniciando consulta automatizada para referencia: 70027099569764841 (RFC: CIN010904D31)
[2026-05-30 12:25:03,278] [INFO] [OptimaCaptureBot.Scraper] Botón Buscar pulsado, esperando resultados...
[2026-05-30 12:25:05,333] [INFO] [OptimaCaptureBot.Scraper] Escenario detectado: NO_GENERADA
[2026-05-30 12:25:05,333] [INFO] [OptimaCaptureBot.Scraper] Consulta enviada. Esperando resultados...
[2026-05-30 12:25:08,340] [INFO] [OptimaCaptureBot.Scraper] Clic en Generar CFDI ejecutado.
[2026-05-30 12:25:11,122] [INFO] [OptimaCaptureBot.Scraper] Razón Social establecida: 'CADU INMOBILIARIA'
[2026-05-30 12:25:11,601] [INFO] [OptimaCaptureBot.Scraper] Código Postal establecido: '77503'
[2026-05-30 12:25:11,602] [INFO] [OptimaCaptureBot.Scraper] Datos de validación rellenados y verificados.
[2026-05-30 12:25:13,374] [INFO] [OptimaCaptureBot.Scraper] [VALIDACIÓN] Campos listos. Revise en Chrome antes de timbrar:
  · Razón Social → 'CADU INMOBILIARIA'
  · Código Postal → '77503'
Haga clic en 'Aprobar Timbrado' en la aplicación para continuar.
[2026-05-30 12:25:13,379] [WARNING] [OptimaCaptureBot.Orchestrator] [AUTÓNOMO] ✓ Timbrado aprobado automáticamente. Razón Social='CADU INMOBILIARIA' | CP='77503'
[2026-05-30 12:25:13,387] [INFO] [OptimaCaptureBot.Scraper] [VALIDACIÓN] Aprobado por el operador. Procediendo a timbrar...
[2026-05-30 12:25:13,517] [INFO] [OptimaCaptureBot.Scraper] Clic en Timbrar ejecutado.
[2026-05-30 12:25:17,055] [INFO] [OptimaCaptureBot.Scraper] Buscando botones de descarga PDF en la pantalla de resultados (esperando hasta 30s por la generación del PAC)...
[2026-05-30 12:25:17,139] [INFO] [OptimaCaptureBot.Scraper] Se encontraron 2 botones PDF para descargar.
[2026-05-30 12:25:17,141] [INFO] [OptimaCaptureBot.Scraper] Descargando PDF 1 de 2...
[2026-05-30 12:25:20,763] [INFO] [OptimaCaptureBot.Scraper] Descarga 1 completada y guardada en: C:\Users\dramos\Downloads\Facturas_Referencias\Lote_1\70027099569764841_CIN010904D31_1.pdf
[2026-05-30 12:25:20,763] [INFO] [OptimaCaptureBot.Scraper] Descargando PDF 2 de 2...
[2026-05-30 12:25:24,555] [INFO] [OptimaCaptureBot.Scraper] Descarga 2 completada y guardada en: C:\Users\dramos\Downloads\Facturas_Referencias\Lote_1\70027099569764841_CIN010904D31_2.pdf
[2026-05-30 12:25:24,560] [INFO] [OptimaCaptureBot.ExcelHandler] Copia de seguridad creada en temp\Optima_Capture_Bot.xlsx.bak
[2026-05-30 12:25:25,009] [INFO] [OptimaCaptureBot.ExcelHandler] Fila 19 de Excel actualizada exitosamente a estado: OK-GENERADA
[2026-05-30 12:25:25,010] [ERROR] [OptimaCaptureBot.Orchestrator] Referencia 70027099569764841 falló: None
[2026-05-30 12:25:25,010] [INFO] [OptimaCaptureBot.Orchestrator] Procesando Fila 20: [Referencia: 70027099589764863] en carpeta Lote_1
[2026-05-30 12:25:25,133] [INFO] [OptimaCaptureBot.ExcelHandler] Copia de seguridad creada en temp\Optima_Capture_Bot.xlsx.bak
[2026-05-30 12:25:25,445] [INFO] [OptimaCaptureBot.ExcelHandler] Fila 20 de Excel actualizada exitosamente a estado: EN_PROCESO
[2026-05-30 12:25:25,446] [INFO] [OptimaCaptureBot.Scraper] Iniciando consulta automatizada para referencia: 70027099589764863 (RFC: CIN010904D31)
[2026-05-30 12:25:35,619] [INFO] [OptimaCaptureBot.Scraper] Botón Buscar pulsado, esperando resultados...
[2026-05-30 12:25:37,740] [INFO] [OptimaCaptureBot.Scraper] Escenario detectado: NO_GENERADA
[2026-05-30 12:25:37,741] [INFO] [OptimaCaptureBot.Scraper] Consulta enviada. Esperando resultados...
[2026-05-30 12:25:41,811] [INFO] [OptimaCaptureBot.Scraper] Clic en Generar CFDI ejecutado.
[2026-05-30 12:25:44,112] [INFO] [OptimaCaptureBot.Scraper] Razón Social establecida: 'CADU INMOBILIARIA'
[2026-05-30 12:25:44,537] [INFO] [OptimaCaptureBot.Scraper] Código Postal establecido: '77503'
[2026-05-30 12:25:44,539] [INFO] [OptimaCaptureBot.Scraper] Datos de validación rellenados y verificados.
[2026-05-30 12:25:45,856] [INFO] [OptimaCaptureBot.Scraper] [VALIDACIÓN] Campos listos. Revise en Chrome antes de timbrar:
  · Razón Social → 'CADU INMOBILIARIA'
  · Código Postal → '77503'
Haga clic en 'Aprobar Timbrado' en la aplicación para continuar.
[2026-05-30 12:25:45,861] [WARNING] [OptimaCaptureBot.Orchestrator] [AUTÓNOMO] ✓ Timbrado aprobado automáticamente. Razón Social='CADU INMOBILIARIA' | CP='77503'
[2026-05-30 12:25:45,868] [INFO] [OptimaCaptureBot.Scraper] [VALIDACIÓN] Aprobado por el operador. Procediendo a timbrar...
[2026-05-30 12:25:46,017] [INFO] [OptimaCaptureBot.Scraper] Clic en Timbrar ejecutado.
[2026-05-30 12:25:48,367] [INFO] [OptimaCaptureBot.Scraper] Buscando botones de descarga PDF en la pantalla de resultados (esperando hasta 30s por la generación del PAC)...
[2026-05-30 12:25:49,347] [INFO] [OptimaCaptureBot.Scraper] Se encontraron 2 botones PDF para descargar.
[2026-05-30 12:25:49,348] [INFO] [OptimaCaptureBot.Scraper] Descargando PDF 1 de 2...
[2026-05-30 12:25:52,440] [INFO] [OptimaCaptureBot.Scraper] Descarga 1 completada y guardada en: C:\Users\dramos\Downloads\Facturas_Referencias\Lote_1\70027099589764863_CIN010904D31_1.pdf
[2026-05-30 12:25:52,440] [INFO] [OptimaCaptureBot.Scraper] Descargando PDF 2 de 2...
[2026-05-30 12:25:55,682] [INFO] [OptimaCaptureBot.Scraper] Descarga 2 completada y guardada en: C:\Users\dramos\Downloads\Facturas_Referencias\Lote_1\70027099589764863_CIN010904D31_2.pdf
[2026-05-30 12:25:55,689] [INFO] [OptimaCaptureBot.ExcelHandler] Copia de seguridad creada en temp\Optima_Capture_Bot.xlsx.bak
[2026-05-30 12:25:56,026] [INFO] [OptimaCaptureBot.ExcelHandler] Fila 20 de Excel actualizada exitosamente a estado: OK-GENERADA
[2026-05-30 12:25:56,027] [ERROR] [OptimaCaptureBot.Orchestrator] Referencia 70027099589764863 falló: None
[2026-05-30 12:25:56,027] [INFO] [OptimaCaptureBot.Orchestrator] Procesando Fila 21: [Referencia: 70027099609764885] en carpeta Lote_1
[2026-05-30 12:25:56,144] [INFO] [OptimaCaptureBot.ExcelHandler] Copia de seguridad creada en temp\Optima_Capture_Bot.xlsx.bak
[2026-05-30 12:25:56,437] [INFO] [OptimaCaptureBot.ExcelHandler] Fila 21 de Excel actualizada exitosamente a estado: EN_PROCESO
[2026-05-30 12:25:56,437] [INFO] [OptimaCaptureBot.Scraper] Iniciando consulta automatizada para referencia: 70027099609764885 (RFC: CIN010904D31)
[2026-05-30 12:26:04,999] [INFO] [OptimaCaptureBot.Scraper] Botón Buscar pulsado, esperando resultados...
[2026-05-30 12:26:07,106] [INFO] [OptimaCaptureBot.Scraper] Escenario detectado: NO_GENERADA
[2026-05-30 12:26:07,107] [INFO] [OptimaCaptureBot.Scraper] Consulta enviada. Esperando resultados...
[2026-05-30 12:26:10,086] [INFO] [OptimaCaptureBot.Scraper] Clic en Generar CFDI ejecutado.
[2026-05-30 12:26:12,297] [INFO] [OptimaCaptureBot.Scraper] Razón Social establecida: 'CADU INMOBILIARIA'
[2026-05-30 12:26:12,763] [INFO] [OptimaCaptureBot.Scraper] Código Postal establecido: '77503'
[2026-05-30 12:26:12,764] [INFO] [OptimaCaptureBot.Scraper] Datos de validación rellenados y verificados.
[2026-05-30 12:26:14,364] [INFO] [OptimaCaptureBot.Scraper] [VALIDACIÓN] Campos listos. Revise en Chrome antes de timbrar:
  · Razón Social → 'CADU INMOBILIARIA'
  · Código Postal → '77503'
Haga clic en 'Aprobar Timbrado' en la aplicación para continuar.
[2026-05-30 12:26:14,369] [WARNING] [OptimaCaptureBot.Orchestrator] [AUTÓNOMO] ✓ Timbrado aprobado automáticamente. Razón Social='CADU INMOBILIARIA' | CP='77503'
[2026-05-30 12:26:14,378] [INFO] [OptimaCaptureBot.Scraper] [VALIDACIÓN] Aprobado por el operador. Procediendo a timbrar...
[2026-05-30 12:26:14,509] [INFO] [OptimaCaptureBot.Scraper] Clic en Timbrar ejecutado.
[2026-05-30 12:26:17,607] [INFO] [OptimaCaptureBot.Scraper] Buscando botones de descarga PDF en la pantalla de resultados (esperando hasta 30s por la generación del PAC)...
[2026-05-30 12:26:17,686] [INFO] [OptimaCaptureBot.Scraper] Se encontraron 2 botones PDF para descargar.
[2026-05-30 12:26:17,688] [INFO] [OptimaCaptureBot.Scraper] Descargando PDF 1 de 2...
[2026-05-30 12:26:20,631] [INFO] [OptimaCaptureBot.Scraper] Descarga 1 completada y guardada en: C:\Users\dramos\Downloads\Facturas_Referencias\Lote_1\70027099609764885_CIN010904D31_1.pdf
[2026-05-30 12:26:20,631] [INFO] [OptimaCaptureBot.Scraper] Descargando PDF 2 de 2...
[2026-05-30 12:26:24,308] [INFO] [OptimaCaptureBot.Scraper] Descarga 2 completada y guardada en: C:\Users\dramos\Downloads\Facturas_Referencias\Lote_1\70027099609764885_CIN010904D31_2.pdf
[2026-05-30 12:26:24,315] [INFO] [OptimaCaptureBot.ExcelHandler] Copia de seguridad creada en temp\Optima_Capture_Bot.xlsx.bak
[2026-05-30 12:26:24,659] [INFO] [OptimaCaptureBot.ExcelHandler] Fila 21 de Excel actualizada exitosamente a estado: OK-GENERADA
[2026-05-30 12:26:24,660] [ERROR] [OptimaCaptureBot.Orchestrator] Referencia 70027099609764885 falló: None
[2026-05-30 12:26:24,660] [INFO] [OptimaCaptureBot.Orchestrator] Procesando Fila 22: [Referencia: 70027099629764810] en carpeta Lote_1
[2026-05-30 12:26:24,823] [INFO] [OptimaCaptureBot.ExcelHandler] Copia de seguridad creada en temp\Optima_Capture_Bot.xlsx.bak
[2026-05-30 12:26:25,133] [INFO] [OptimaCaptureBot.ExcelHandler] Fila 22 de Excel actualizada exitosamente a estado: EN_PROCESO
[2026-05-30 12:26:25,134] [INFO] [OptimaCaptureBot.Scraper] Iniciando consulta automatizada para referencia: 70027099629764810 (RFC: CIN010904D31)
[2026-05-30 12:26:33,715] [INFO] [OptimaCaptureBot.Scraper] Botón Buscar pulsado, esperando resultados...
[2026-05-30 12:26:35,759] [INFO] [OptimaCaptureBot.Scraper] Escenario detectado: NO_GENERADA
[2026-05-30 12:26:35,759] [INFO] [OptimaCaptureBot.Scraper] Consulta enviada. Esperando resultados...
[2026-05-30 12:26:39,195] [INFO] [OptimaCaptureBot.Scraper] Clic en Generar CFDI ejecutado.
[2026-05-30 12:26:41,679] [INFO] [OptimaCaptureBot.Scraper] Razón Social establecida: 'CADU INMOBILIARIA'
[2026-05-30 12:26:42,125] [INFO] [OptimaCaptureBot.Scraper] Código Postal establecido: '77503'
[2026-05-30 12:26:42,127] [INFO] [OptimaCaptureBot.Scraper] Datos de validación rellenados y verificados.
[2026-05-30 12:26:43,291] [INFO] [OptimaCaptureBot.Scraper] [VALIDACIÓN] Campos listos. Revise en Chrome antes de timbrar:
  · Razón Social → 'CADU INMOBILIARIA'
  · Código Postal → '77503'
Haga clic en 'Aprobar Timbrado' en la aplicación para continuar.
[2026-05-30 12:26:43,296] [WARNING] [OptimaCaptureBot.Orchestrator] [AUTÓNOMO] ✓ Timbrado aprobado automáticamente. Razón Social='CADU INMOBILIARIA' | CP='77503'
[2026-05-30 12:26:43,308] [INFO] [OptimaCaptureBot.Scraper] [VALIDACIÓN] Aprobado por el operador. Procediendo a timbrar...
[2026-05-30 12:26:43,391] [INFO] [OptimaCaptureBot.Scraper] Clic en Timbrar ejecutado.
[2026-05-30 12:26:45,524] [INFO] [OptimaCaptureBot.Scraper] Buscando botones de descarga PDF en la pantalla de resultados (esperando hasta 30s por la generación del PAC)...
[2026-05-30 12:26:46,450] [INFO] [OptimaCaptureBot.Scraper] Se encontraron 2 botones PDF para descargar.
[2026-05-30 12:26:46,451] [INFO] [OptimaCaptureBot.Scraper] Descargando PDF 1 de 2...
[2026-05-30 12:26:50,002] [INFO] [OptimaCaptureBot.Scraper] Descarga 1 completada y guardada en: C:\Users\dramos\Downloads\Facturas_Referencias\Lote_1\70027099629764810_CIN010904D31_1.pdf
[2026-05-30 12:26:50,003] [INFO] [OptimaCaptureBot.Scraper] Descargando PDF 2 de 2...
[2026-05-30 12:26:54,134] [INFO] [OptimaCaptureBot.Scraper] Descarga 2 completada y guardada en: C:\Users\dramos\Downloads\Facturas_Referencias\Lote_1\70027099629764810_CIN010904D31_2.pdf
[2026-05-30 12:26:54,139] [INFO] [OptimaCaptureBot.ExcelHandler] Copia de seguridad creada en temp\Optima_Capture_Bot.xlsx.bak
[2026-05-30 12:26:54,455] [INFO] [OptimaCaptureBot.ExcelHandler] Fila 22 de Excel actualizada exitosamente a estado: OK-GENERADA
[2026-05-30 12:26:54,455] [ERROR] [OptimaCaptureBot.Orchestrator] Referencia 70027099629764810 falló: None
[2026-05-30 12:26:54,455] [INFO] [OptimaCaptureBot.Orchestrator] Procesando Fila 23: [Referencia: 70027099649764832] en carpeta Lote_1
[2026-05-30 12:26:54,582] [INFO] [OptimaCaptureBot.ExcelHandler] Copia de seguridad creada en temp\Optima_Capture_Bot.xlsx.bak
[2026-05-30 12:26:54,875] [INFO] [OptimaCaptureBot.ExcelHandler] Fila 23 de Excel actualizada exitosamente a estado: EN_PROCESO
[2026-05-30 12:26:54,876] [INFO] [OptimaCaptureBot.Scraper] Iniciando consulta automatizada para referencia: 70027099649764832 (RFC: CIN010904D31)
[2026-05-30 12:27:05,097] [INFO] [OptimaCaptureBot.Scraper] Botón Buscar pulsado, esperando resultados...
[2026-05-30 12:27:07,238] [INFO] [OptimaCaptureBot.Scraper] Escenario detectado: NO_GENERADA
[2026-05-30 12:27:07,240] [INFO] [OptimaCaptureBot.Scraper] Consulta enviada. Esperando resultados...
[2026-05-30 12:27:10,381] [INFO] [OptimaCaptureBot.Scraper] Clic en Generar CFDI ejecutado.
[2026-05-30 12:27:13,011] [INFO] [OptimaCaptureBot.Scraper] Razón Social establecida: 'CADU INMOBILIARIA'
[2026-05-30 12:27:13,359] [INFO] [OptimaCaptureBot.Scraper] Código Postal establecido: '77503'
[2026-05-30 12:27:13,359] [INFO] [OptimaCaptureBot.Scraper] Datos de validación rellenados y verificados.
[2026-05-30 12:27:15,307] [INFO] [OptimaCaptureBot.Scraper] [VALIDACIÓN] Campos listos. Revise en Chrome antes de timbrar:
  · Razón Social → 'CADU INMOBILIARIA'
  · Código Postal → '77503'
Haga clic en 'Aprobar Timbrado' en la aplicación para continuar.
[2026-05-30 12:27:15,312] [WARNING] [OptimaCaptureBot.Orchestrator] [AUTÓNOMO] ✓ Timbrado aprobado automáticamente. Razón Social='CADU INMOBILIARIA' | CP='77503'
[2026-05-30 12:27:15,320] [INFO] [OptimaCaptureBot.Scraper] [VALIDACIÓN] Aprobado por el operador. Procediendo a timbrar...
[2026-05-30 12:27:15,480] [INFO] [OptimaCaptureBot.Scraper] Clic en Timbrar ejecutado.
[2026-05-30 12:27:18,158] [INFO] [OptimaCaptureBot.Scraper] Buscando botones de descarga PDF en la pantalla de resultados (esperando hasta 30s por la generación del PAC)...
[2026-05-30 12:27:18,496] [INFO] [OptimaCaptureBot.Scraper] Se encontraron 2 botones PDF para descargar.
[2026-05-30 12:27:18,497] [INFO] [OptimaCaptureBot.Scraper] Descargando PDF 1 de 2...
[2026-05-30 12:27:22,034] [INFO] [OptimaCaptureBot.Scraper] Descarga 1 completada y guardada en: C:\Users\dramos\Downloads\Facturas_Referencias\Lote_1\70027099649764832_CIN010904D31_1.pdf
[2026-05-30 12:27:22,035] [INFO] [OptimaCaptureBot.Scraper] Descargando PDF 2 de 2...
[2026-05-30 12:27:26,918] [INFO] [OptimaCaptureBot.Scraper] Descarga 2 completada y guardada en: C:\Users\dramos\Downloads\Facturas_Referencias\Lote_1\70027099649764832_CIN010904D31_2.pdf
[2026-05-30 12:27:26,930] [INFO] [OptimaCaptureBot.ExcelHandler] Copia de seguridad creada en temp\Optima_Capture_Bot.xlsx.bak
[2026-05-30 12:27:27,397] [INFO] [OptimaCaptureBot.ExcelHandler] Fila 23 de Excel actualizada exitosamente a estado: OK-GENERADA
[2026-05-30 12:27:27,397] [ERROR] [OptimaCaptureBot.Orchestrator] Referencia 70027099649764832 falló: None
[2026-05-30 12:27:27,398] [INFO] [OptimaCaptureBot.Orchestrator] Procesando Fila 24: [Referencia: 70027099679764865] en carpeta Lote_1
[2026-05-30 12:27:27,586] [INFO] [OptimaCaptureBot.ExcelHandler] Copia de seguridad creada en temp\Optima_Capture_Bot.xlsx.bak
[2026-05-30 12:27:27,930] [INFO] [OptimaCaptureBot.ExcelHandler] Fila 24 de Excel actualizada exitosamente a estado: EN_PROCESO
[2026-05-30 12:27:27,931] [INFO] [OptimaCaptureBot.Scraper] Iniciando consulta automatizada para referencia: 70027099679764865 (RFC: CIN010904D31)
[2026-05-30 12:27:36,741] [INFO] [OptimaCaptureBot.Scraper] Botón Buscar pulsado, esperando resultados...
[2026-05-30 12:27:38,798] [INFO] [OptimaCaptureBot.Scraper] Escenario detectado: NO_GENERADA
[2026-05-30 12:27:38,798] [INFO] [OptimaCaptureBot.Scraper] Consulta enviada. Esperando resultados...
[2026-05-30 12:27:42,623] [INFO] [OptimaCaptureBot.Scraper] Clic en Generar CFDI ejecutado.
[2026-05-30 12:27:44,764] [INFO] [OptimaCaptureBot.Scraper] Razón Social establecida: 'CADU INMOBILIARIA'
[2026-05-30 12:27:45,360] [INFO] [OptimaCaptureBot.Scraper] Código Postal establecido: '77503'
[2026-05-30 12:27:45,361] [INFO] [OptimaCaptureBot.Scraper] Datos de validación rellenados y verificados.
[2026-05-30 12:27:47,363] [INFO] [OptimaCaptureBot.Scraper] [VALIDACIÓN] Campos listos. Revise en Chrome antes de timbrar:
  · Razón Social → 'CADU INMOBILIARIA'
  · Código Postal → '77503'
Haga clic en 'Aprobar Timbrado' en la aplicación para continuar.
[2026-05-30 12:27:47,369] [WARNING] [OptimaCaptureBot.Orchestrator] [AUTÓNOMO] ✓ Timbrado aprobado automáticamente. Razón Social='CADU INMOBILIARIA' | CP='77503'
[2026-05-30 12:27:47,378] [INFO] [OptimaCaptureBot.Scraper] [VALIDACIÓN] Aprobado por el operador. Procediendo a timbrar...
[2026-05-30 12:27:47,513] [INFO] [OptimaCaptureBot.Scraper] Clic en Timbrar ejecutado.
[2026-05-30 12:27:50,802] [INFO] [OptimaCaptureBot.Scraper] Buscando botones de descarga PDF en la pantalla de resultados (esperando hasta 30s por la generación del PAC)...
[2026-05-30 12:27:50,877] [INFO] [OptimaCaptureBot.Scraper] Se encontraron 2 botones PDF para descargar.
[2026-05-30 12:27:50,878] [INFO] [OptimaCaptureBot.Scraper] Descargando PDF 1 de 2...
[2026-05-30 12:27:54,423] [INFO] [OptimaCaptureBot.Scraper] Descarga 1 completada y guardada en: C:\Users\dramos\Downloads\Facturas_Referencias\Lote_1\70027099679764865_CIN010904D31_1.pdf
[2026-05-30 12:27:54,424] [INFO] [OptimaCaptureBot.Scraper] Descargando PDF 2 de 2...
[2026-05-30 12:27:58,108] [INFO] [OptimaCaptureBot.Scraper] Descarga 2 completada y guardada en: C:\Users\dramos\Downloads\Facturas_Referencias\Lote_1\70027099679764865_CIN010904D31_2.pdf
[2026-05-30 12:27:58,114] [INFO] [OptimaCaptureBot.ExcelHandler] Copia de seguridad creada en temp\Optima_Capture_Bot.xlsx.bak
[2026-05-30 12:27:58,439] [INFO] [OptimaCaptureBot.ExcelHandler] Fila 24 de Excel actualizada exitosamente a estado: OK-GENERADA
[2026-05-30 12:27:58,439] [ERROR] [OptimaCaptureBot.Orchestrator] Referencia 70027099679764865 falló: None
[2026-05-30 12:27:58,440] [INFO] [OptimaCaptureBot.Orchestrator] Procesando Fila 25: [Referencia: 70027099699764887] en carpeta Lote_1
[2026-05-30 12:27:58,556] [INFO] [OptimaCaptureBot.ExcelHandler] Copia de seguridad creada en temp\Optima_Capture_Bot.xlsx.bak
[2026-05-30 12:27:58,845] [INFO] [OptimaCaptureBot.ExcelHandler] Fila 25 de Excel actualizada exitosamente a estado: EN_PROCESO
[2026-05-30 12:27:58,845] [INFO] [OptimaCaptureBot.Scraper] Iniciando consulta automatizada para referencia: 70027099699764887 (RFC: CIN010904D31)
[2026-05-30 12:28:09,800] [INFO] [OptimaCaptureBot.Scraper] Botón Buscar pulsado, esperando resultados...
[2026-05-30 12:28:11,933] [INFO] [OptimaCaptureBot.Scraper] Escenario detectado: NO_GENERADA
[2026-05-30 12:28:11,935] [INFO] [OptimaCaptureBot.Scraper] Consulta enviada. Esperando resultados...
[2026-05-30 12:28:15,494] [INFO] [OptimaCaptureBot.Scraper] Clic en Generar CFDI ejecutado.
[2026-05-30 12:28:17,554] [INFO] [OptimaCaptureBot.Scraper] Razón Social establecida: 'CADU INMOBILIARIA'
[2026-05-30 12:28:18,000] [INFO] [OptimaCaptureBot.Scraper] Código Postal establecido: '77503'
[2026-05-30 12:28:18,002] [INFO] [OptimaCaptureBot.Scraper] Datos de validación rellenados y verificados.
[2026-05-30 12:28:19,786] [INFO] [OptimaCaptureBot.Scraper] [VALIDACIÓN] Campos listos. Revise en Chrome antes de timbrar:
  · Razón Social → 'CADU INMOBILIARIA'
  · Código Postal → '77503'
Haga clic en 'Aprobar Timbrado' en la aplicación para continuar.
[2026-05-30 12:28:19,787] [WARNING] [OptimaCaptureBot.Orchestrator] [AUTÓNOMO] ✓ Timbrado aprobado automáticamente. Razón Social='CADU INMOBILIARIA' | CP='77503'
[2026-05-30 12:28:19,790] [INFO] [OptimaCaptureBot.Scraper] [VALIDACIÓN] Aprobado por el operador. Procediendo a timbrar...
[2026-05-30 12:28:19,870] [INFO] [OptimaCaptureBot.Scraper] Clic en Timbrar ejecutado.
[2026-05-30 12:28:22,402] [INFO] [OptimaCaptureBot.Scraper] Buscando botones de descarga PDF en la pantalla de resultados (esperando hasta 30s por la generación del PAC)...
[2026-05-30 12:28:23,270] [INFO] [OptimaCaptureBot.Scraper] Se encontraron 2 botones PDF para descargar.
[2026-05-30 12:28:23,271] [INFO] [OptimaCaptureBot.Scraper] Descargando PDF 1 de 2...
[2026-05-30 12:28:27,032] [INFO] [OptimaCaptureBot.Scraper] Descarga 1 completada y guardada en: C:\Users\dramos\Downloads\Facturas_Referencias\Lote_1\70027099699764887_CIN010904D31_1.pdf
[2026-05-30 12:28:27,033] [INFO] [OptimaCaptureBot.Scraper] Descargando PDF 2 de 2...
[2026-05-30 12:28:30,448] [INFO] [OptimaCaptureBot.Scraper] Descarga 2 completada y guardada en: C:\Users\dramos\Downloads\Facturas_Referencias\Lote_1\70027099699764887_CIN010904D31_2.pdf
[2026-05-30 12:28:30,454] [INFO] [OptimaCaptureBot.ExcelHandler] Copia de seguridad creada en temp\Optima_Capture_Bot.xlsx.bak
[2026-05-30 12:28:30,789] [INFO] [OptimaCaptureBot.ExcelHandler] Fila 25 de Excel actualizada exitosamente a estado: OK-GENERADA
[2026-05-30 12:28:30,789] [ERROR] [OptimaCaptureBot.Orchestrator] Referencia 70027099699764887 falló: None
[2026-05-30 12:28:30,789] [INFO] [OptimaCaptureBot.Orchestrator] Procesando Fila 26: [Referencia: 70027099709764801] en carpeta Lote_1
[2026-05-30 12:28:30,928] [INFO] [OptimaCaptureBot.ExcelHandler] Copia de seguridad creada en temp\Optima_Capture_Bot.xlsx.bak
[2026-05-30 12:28:31,285] [INFO] [OptimaCaptureBot.ExcelHandler] Fila 26 de Excel actualizada exitosamente a estado: EN_PROCESO
[2026-05-30 12:28:31,286] [INFO] [OptimaCaptureBot.Scraper] Iniciando consulta automatizada para referencia: 70027099709764801 (RFC: CIN010904D31)
[2026-05-30 12:28:40,580] [INFO] [OptimaCaptureBot.Scraper] Botón Buscar pulsado, esperando resultados...
[2026-05-30 12:28:42,703] [INFO] [OptimaCaptureBot.Scraper] Escenario detectado: NO_GENERADA
[2026-05-30 12:28:42,704] [INFO] [OptimaCaptureBot.Scraper] Consulta enviada. Esperando resultados...
[2026-05-30 12:28:46,755] [INFO] [OptimaCaptureBot.Scraper] Clic en Generar CFDI ejecutado.
[2026-05-30 12:28:49,129] [INFO] [OptimaCaptureBot.Scraper] Razón Social establecida: 'CADU INMOBILIARIA'
[2026-05-30 12:28:49,617] [INFO] [OptimaCaptureBot.Scraper] Código Postal establecido: '77503'
[2026-05-30 12:28:49,618] [INFO] [OptimaCaptureBot.Scraper] Datos de validación rellenados y verificados.
[2026-05-30 12:28:51,493] [INFO] [OptimaCaptureBot.Scraper] [VALIDACIÓN] Campos listos. Revise en Chrome antes de timbrar:
  · Razón Social → 'CADU INMOBILIARIA'
  · Código Postal → '77503'
Haga clic en 'Aprobar Timbrado' en la aplicación para continuar.
[2026-05-30 12:28:51,497] [WARNING] [OptimaCaptureBot.Orchestrator] [AUTÓNOMO] ✓ Timbrado aprobado automáticamente. Razón Social='CADU INMOBILIARIA' | CP='77503'
[2026-05-30 12:28:51,505] [INFO] [OptimaCaptureBot.Scraper] [VALIDACIÓN] Aprobado por el operador. Procediendo a timbrar...
[2026-05-30 12:28:51,682] [INFO] [OptimaCaptureBot.Scraper] Clic en Timbrar ejecutado.
[2026-05-30 12:28:54,427] [INFO] [OptimaCaptureBot.Scraper] Buscando botones de descarga PDF en la pantalla de resultados (esperando hasta 30s por la generación del PAC)...
[2026-05-30 12:28:54,607] [INFO] [OptimaCaptureBot.Scraper] Se encontraron 2 botones PDF para descargar.
[2026-05-30 12:28:54,607] [INFO] [OptimaCaptureBot.Scraper] Descargando PDF 1 de 2...
[2026-05-30 12:28:57,833] [INFO] [OptimaCaptureBot.Scraper] Descarga 1 completada y guardada en: C:\Users\dramos\Downloads\Facturas_Referencias\Lote_1\70027099709764801_CIN010904D31_1.pdf
[2026-05-30 12:28:57,834] [INFO] [OptimaCaptureBot.Scraper] Descargando PDF 2 de 2...
[2026-05-30 12:29:01,119] [INFO] [OptimaCaptureBot.Scraper] Descarga 2 completada y guardada en: C:\Users\dramos\Downloads\Facturas_Referencias\Lote_1\70027099709764801_CIN010904D31_2.pdf
[2026-05-30 12:29:01,127] [INFO] [OptimaCaptureBot.ExcelHandler] Copia de seguridad creada en temp\Optima_Capture_Bot.xlsx.bak
[2026-05-30 12:29:01,463] [INFO] [OptimaCaptureBot.ExcelHandler] Fila 26 de Excel actualizada exitosamente a estado: OK-GENERADA
[2026-05-30 12:29:01,463] [ERROR] [OptimaCaptureBot.Orchestrator] Referencia 70027099709764801 falló: None
[2026-05-30 12:29:01,464] [INFO] [OptimaCaptureBot.Orchestrator] Procesando Fila 27: [Referencia: 70027099719764812] en carpeta Lote_1
[2026-05-30 12:29:01,599] [INFO] [OptimaCaptureBot.ExcelHandler] Copia de seguridad creada en temp\Optima_Capture_Bot.xlsx.bak
[2026-05-30 12:29:01,948] [INFO] [OptimaCaptureBot.ExcelHandler] Fila 27 de Excel actualizada exitosamente a estado: EN_PROCESO
[2026-05-30 12:29:01,949] [INFO] [OptimaCaptureBot.Scraper] Iniciando consulta automatizada para referencia: 70027099719764812 (RFC: CIN010904D31)
[2026-05-30 12:29:10,961] [INFO] [OptimaCaptureBot.Scraper] Botón Buscar pulsado, esperando resultados...
[2026-05-30 12:29:13,096] [INFO] [OptimaCaptureBot.Scraper] Escenario detectado: NO_GENERADA
[2026-05-30 12:29:13,097] [INFO] [OptimaCaptureBot.Scraper] Consulta enviada. Esperando resultados...
[2026-05-30 12:29:16,634] [INFO] [OptimaCaptureBot.Scraper] Clic en Generar CFDI ejecutado.
[2026-05-30 12:29:19,470] [INFO] [OptimaCaptureBot.Scraper] Razón Social establecida: 'CADU INMOBILIARIA'
[2026-05-30 12:29:19,982] [INFO] [OptimaCaptureBot.Scraper] Código Postal establecido: '77503'
[2026-05-30 12:29:19,983] [INFO] [OptimaCaptureBot.Scraper] Datos de validación rellenados y verificados.
[2026-05-30 12:29:21,043] [INFO] [OptimaCaptureBot.Scraper] [VALIDACIÓN] Campos listos. Revise en Chrome antes de timbrar:
  · Razón Social → 'CADU INMOBILIARIA'
  · Código Postal → '77503'
Haga clic en 'Aprobar Timbrado' en la aplicación para continuar.
[2026-05-30 12:29:21,048] [WARNING] [OptimaCaptureBot.Orchestrator] [AUTÓNOMO] ✓ Timbrado aprobado automáticamente. Razón Social='CADU INMOBILIARIA' | CP='77503'
[2026-05-30 12:29:21,056] [INFO] [OptimaCaptureBot.Scraper] [VALIDACIÓN] Aprobado por el operador. Procediendo a timbrar...
[2026-05-30 12:29:21,272] [INFO] [OptimaCaptureBot.Scraper] Clic en Timbrar ejecutado.
[2026-05-30 12:29:24,943] [INFO] [OptimaCaptureBot.Scraper] Buscando botones de descarga PDF en la pantalla de resultados (esperando hasta 30s por la generación del PAC)...
[2026-05-30 12:29:25,030] [INFO] [OptimaCaptureBot.Scraper] Se encontraron 2 botones PDF para descargar.
[2026-05-30 12:29:25,032] [INFO] [OptimaCaptureBot.Scraper] Descargando PDF 1 de 2...
[2026-05-30 12:29:28,579] [INFO] [OptimaCaptureBot.Scraper] Descarga 1 completada y guardada en: C:\Users\dramos\Downloads\Facturas_Referencias\Lote_1\70027099719764812_CIN010904D31_1.pdf
[2026-05-30 12:29:28,579] [INFO] [OptimaCaptureBot.Scraper] Descargando PDF 2 de 2...
[2026-05-30 12:29:32,620] [INFO] [OptimaCaptureBot.Scraper] Descarga 2 completada y guardada en: C:\Users\dramos\Downloads\Facturas_Referencias\Lote_1\70027099719764812_CIN010904D31_2.pdf
[2026-05-30 12:29:32,625] [INFO] [OptimaCaptureBot.ExcelHandler] Copia de seguridad creada en temp\Optima_Capture_Bot.xlsx.bak
[2026-05-30 12:29:32,963] [INFO] [OptimaCaptureBot.ExcelHandler] Fila 27 de Excel actualizada exitosamente a estado: OK-GENERADA
[2026-05-30 12:29:32,964] [ERROR] [OptimaCaptureBot.Orchestrator] Referencia 70027099719764812 falló: None
[2026-05-30 12:29:32,964] [INFO] [OptimaCaptureBot.Orchestrator] Procesando Fila 28: [Referencia: 70027099729764823] en carpeta Lote_1
[2026-05-30 12:29:33,128] [INFO] [OptimaCaptureBot.ExcelHandler] Copia de seguridad creada en temp\Optima_Capture_Bot.xlsx.bak
[2026-05-30 12:29:33,445] [INFO] [OptimaCaptureBot.ExcelHandler] Fila 28 de Excel actualizada exitosamente a estado: EN_PROCESO
[2026-05-30 12:29:33,446] [INFO] [OptimaCaptureBot.Scraper] Iniciando consulta automatizada para referencia: 70027099729764823 (RFC: CIN010904D31)
[2026-05-30 12:29:42,504] [INFO] [OptimaCaptureBot.Scraper] Botón Buscar pulsado, esperando resultados...
[2026-05-30 12:29:44,616] [INFO] [OptimaCaptureBot.Scraper] Escenario detectado: NO_GENERADA
[2026-05-30 12:29:44,617] [INFO] [OptimaCaptureBot.Scraper] Consulta enviada. Esperando resultados...
[2026-05-30 12:29:48,326] [INFO] [OptimaCaptureBot.Scraper] Clic en Generar CFDI ejecutado.
[2026-05-30 12:29:51,165] [INFO] [OptimaCaptureBot.Scraper] Razón Social establecida: 'CADU INMOBILIARIA'
[2026-05-30 12:29:51,531] [INFO] [OptimaCaptureBot.Scraper] Código Postal establecido: '77503'
[2026-05-30 12:29:51,531] [INFO] [OptimaCaptureBot.Scraper] Datos de validación rellenados y verificados.
[2026-05-30 12:29:53,281] [INFO] [OptimaCaptureBot.Scraper] [VALIDACIÓN] Campos listos. Revise en Chrome antes de timbrar:
  · Razón Social → 'CADU INMOBILIARIA'
  · Código Postal → '77503'
Haga clic en 'Aprobar Timbrado' en la aplicación para continuar.
[2026-05-30 12:29:53,283] [WARNING] [OptimaCaptureBot.Orchestrator] [AUTÓNOMO] ✓ Timbrado aprobado automáticamente. Razón Social='CADU INMOBILIARIA' | CP='77503'
[2026-05-30 12:29:53,286] [INFO] [OptimaCaptureBot.Scraper] [VALIDACIÓN] Aprobado por el operador. Procediendo a timbrar...
[2026-05-30 12:29:53,357] [INFO] [OptimaCaptureBot.Scraper] Clic en Timbrar ejecutado.
[2026-05-30 12:29:56,429] [INFO] [OptimaCaptureBot.Scraper] Buscando botones de descarga PDF en la pantalla de resultados (esperando hasta 30s por la generación del PAC)...
[2026-05-30 12:29:56,519] [INFO] [OptimaCaptureBot.Scraper] Se encontraron 2 botones PDF para descargar.
[2026-05-30 12:29:56,521] [INFO] [OptimaCaptureBot.Scraper] Descargando PDF 1 de 2...
[2026-05-30 12:30:00,457] [INFO] [OptimaCaptureBot.Scraper] Descarga 1 completada y guardada en: C:\Users\dramos\Downloads\Facturas_Referencias\Lote_1\70027099729764823_CIN010904D31_1.pdf
[2026-05-30 12:30:00,458] [INFO] [OptimaCaptureBot.Scraper] Descargando PDF 2 de 2...
[2026-05-30 12:30:03,921] [INFO] [OptimaCaptureBot.Scraper] Descarga 2 completada y guardada en: C:\Users\dramos\Downloads\Facturas_Referencias\Lote_1\70027099729764823_CIN010904D31_2.pdf
[2026-05-30 12:30:03,927] [INFO] [OptimaCaptureBot.ExcelHandler] Copia de seguridad creada en temp\Optima_Capture_Bot.xlsx.bak
[2026-05-30 12:30:04,233] [INFO] [OptimaCaptureBot.ExcelHandler] Fila 28 de Excel actualizada exitosamente a estado: OK-GENERADA
[2026-05-30 12:30:04,234] [ERROR] [OptimaCaptureBot.Orchestrator] Referencia 70027099729764823 falló: None
[2026-05-30 12:30:04,234] [INFO] [OptimaCaptureBot.Orchestrator] Procesando Fila 29: [Referencia: 70027099739764834] en carpeta Lote_1
[2026-05-30 12:30:04,362] [INFO] [OptimaCaptureBot.ExcelHandler] Copia de seguridad creada en temp\Optima_Capture_Bot.xlsx.bak
[2026-05-30 12:30:04,695] [INFO] [OptimaCaptureBot.ExcelHandler] Fila 29 de Excel actualizada exitosamente a estado: EN_PROCESO
[2026-05-30 12:30:04,696] [INFO] [OptimaCaptureBot.Scraper] Iniciando consulta automatizada para referencia: 70027099739764834 (RFC: CIN010904D31)
[2026-05-30 12:30:13,741] [INFO] [OptimaCaptureBot.Scraper] Botón Buscar pulsado, esperando resultados...
[2026-05-30 12:30:15,867] [INFO] [OptimaCaptureBot.Scraper] Escenario detectado: NO_GENERADA
[2026-05-30 12:30:15,868] [INFO] [OptimaCaptureBot.Scraper] Consulta enviada. Esperando resultados...
[2026-05-30 12:30:19,420] [INFO] [OptimaCaptureBot.Scraper] Clic en Generar CFDI ejecutado.
[2026-05-30 12:30:22,228] [INFO] [OptimaCaptureBot.Scraper] Razón Social establecida: 'CADU INMOBILIARIA'
[2026-05-30 12:30:22,660] [INFO] [OptimaCaptureBot.Scraper] Código Postal establecido: '77503'
[2026-05-30 12:30:22,661] [INFO] [OptimaCaptureBot.Scraper] Datos de validación rellenados y verificados.
[2026-05-30 12:30:24,600] [INFO] [OptimaCaptureBot.Scraper] [VALIDACIÓN] Campos listos. Revise en Chrome antes de timbrar:
  · Razón Social → 'CADU INMOBILIARIA'
  · Código Postal → '77503'
Haga clic en 'Aprobar Timbrado' en la aplicación para continuar.
[2026-05-30 12:30:24,602] [WARNING] [OptimaCaptureBot.Orchestrator] [AUTÓNOMO] ✓ Timbrado aprobado automáticamente. Razón Social='CADU INMOBILIARIA' | CP='77503'
[2026-05-30 12:30:24,605] [INFO] [OptimaCaptureBot.Scraper] [VALIDACIÓN] Aprobado por el operador. Procediendo a timbrar...
[2026-05-30 12:30:24,675] [INFO] [OptimaCaptureBot.Scraper] Clic en Timbrar ejecutado.
[2026-05-30 12:30:27,072] [INFO] [OptimaCaptureBot.Scraper] Buscando botones de descarga PDF en la pantalla de resultados (esperando hasta 30s por la generación del PAC)...
[2026-05-30 12:30:28,005] [INFO] [OptimaCaptureBot.Scraper] Se encontraron 2 botones PDF para descargar.
[2026-05-30 12:30:28,006] [INFO] [OptimaCaptureBot.Scraper] Descargando PDF 1 de 2...
[2026-05-30 12:30:31,170] [INFO] [OptimaCaptureBot.Scraper] Descarga 1 completada y guardada en: C:\Users\dramos\Downloads\Facturas_Referencias\Lote_1\70027099739764834_CIN010904D31_1.pdf
[2026-05-30 12:30:31,170] [INFO] [OptimaCaptureBot.Scraper] Descargando PDF 2 de 2...
[2026-05-30 12:30:34,822] [INFO] [OptimaCaptureBot.Scraper] Descarga 2 completada y guardada en: C:\Users\dramos\Downloads\Facturas_Referencias\Lote_1\70027099739764834_CIN010904D31_2.pdf
[2026-05-30 12:30:34,829] [INFO] [OptimaCaptureBot.ExcelHandler] Copia de seguridad creada en temp\Optima_Capture_Bot.xlsx.bak
[2026-05-30 12:30:35,138] [INFO] [OptimaCaptureBot.ExcelHandler] Fila 29 de Excel actualizada exitosamente a estado: OK-GENERADA
[2026-05-30 12:30:35,138] [ERROR] [OptimaCaptureBot.Orchestrator] Referencia 70027099739764834 falló: None
[2026-05-30 12:30:35,139] [INFO] [OptimaCaptureBot.Orchestrator] Procesamiento de registros completado.
[2026-05-30 12:30:35,139] [INFO] [OptimaCaptureBot.Orchestrator] El navegador permanece abierto. Ciérrelo manualmente cuando lo desee.
[2026-05-30 12:30:35,139] [INFO] [OptimaCaptureBot.Orchestrator] Orquestador finalizado de forma ordenada.
[2026-05-30 12:51:27,031] [WARNING] [root] Interrupción de teclado detectada. Cerrando bot...
[2026-05-30 12:51:27,061] [WARNING] [OptimaCaptureBot.Scraper] Error al cerrar los recursos de Playwright: cannot switch to a different thread (which happens to have exited)
[2026-05-30 12:51:27,069] [INFO] [root] Aplicación cerrada de forma limpia.
[2026-05-30 13:09:02,375] [INFO] [root] Sistema de logging inicializado exitosamente.
[2026-05-30 13:09:02,376] [INFO] [root] Archivo Excel localizado en: C:\Users\dramos\Documents\Proyecto_CapturaBot\Optima_Capture_Bot.xlsx
[2026-05-30 13:09:02,376] [INFO] [root] Lanzando interfaz gráfica en CustomTkinter...
[2026-05-30 13:09:02,733] [WARNING] [OptimaCaptureBot.GUI] No se encontró el icono en la ruta: C:\Users\dramos\Documents\Proyecto_CapturaBot\ico\cupture_bot.png
[2026-05-30 13:09:07,792] [INFO] [root] Aplicación cerrada de forma limpia.
[2026-05-30 13:14:06,647] [INFO] [root] Sistema de logging inicializado exitosamente.
[2026-05-30 13:14:06,648] [INFO] [root] Archivo Excel localizado en: C:\Users\dramos\Documents\Proyecto_CapturaBot\Optima_Capture_Bot.xlsx
[2026-05-30 13:14:06,648] [INFO] [root] Lanzando interfaz gráfica en CustomTkinter...
[2026-05-30 13:14:07,210] [WARNING] [OptimaCaptureBot.GUI] No se encontró el icono en la ruta: C:\Users\dramos\Documents\Proyecto_CapturaBot\ico\cupture_bot.png
[2026-05-30 13:16:06,494] [INFO] [OptimaCaptureBot.Orchestrator] Iniciando orquestador operativo...
[2026-05-30 13:16:06,494] [INFO] [OptimaCaptureBot.Orchestrator] Cargando catálogo de RFC y registros del Excel...
[2026-05-30 13:16:10,469] [INFO] [OptimaCaptureBot.ExcelHandler] Cargados 48 registros desde Control_Referencias
[2026-05-30 13:16:10,470] [INFO] [OptimaCaptureBot.Orchestrator] Catálogo RFC: CIN010904D31 (CADU INMOBILIARIA)
[2026-05-30 13:16:10,470] [INFO] [OptimaCaptureBot.Orchestrator] Total registros cargados de Excel: 48
[2026-05-30 13:16:10,470] [INFO] [OptimaCaptureBot.Orchestrator] Ejecutando depuración previa y detección de duplicados locales...
[2026-05-30 13:16:10,529] [INFO] [OptimaCaptureBot.ExcelHandler] Copia de seguridad creada en temp\Optima_Capture_Bot.xlsx.bak
[2026-05-30 13:16:10,762] [INFO] [OptimaCaptureBot.ExcelHandler] Fila 30 de Excel actualizada exitosamente a estado: VALIDADO
[2026-05-30 13:16:10,851] [INFO] [OptimaCaptureBot.ExcelHandler] Copia de seguridad creada en temp\Optima_Capture_Bot.xlsx.bak
[2026-05-30 13:16:11,044] [INFO] [OptimaCaptureBot.ExcelHandler] Fila 31 de Excel actualizada exitosamente a estado: VALIDADO
[2026-05-30 13:16:11,131] [INFO] [OptimaCaptureBot.ExcelHandler] Copia de seguridad creada en temp\Optima_Capture_Bot.xlsx.bak
[2026-05-30 13:16:11,313] [INFO] [OptimaCaptureBot.ExcelHandler] Fila 32 de Excel actualizada exitosamente a estado: VALIDADO
[2026-05-30 13:16:11,318] [INFO] [OptimaCaptureBot.ExcelHandler] Copia de seguridad creada en temp\Optima_Capture_Bot.xlsx.bak
[2026-05-30 13:16:11,413] [INFO] [OptimaCaptureBot.ExcelHandler] Fila 33 de Excel actualizada exitosamente a estado: VALIDADO
[2026-05-30 13:16:11,418] [INFO] [OptimaCaptureBot.ExcelHandler] Copia de seguridad creada en temp\Optima_Capture_Bot.xlsx.bak
[2026-05-30 13:16:11,527] [INFO] [OptimaCaptureBot.ExcelHandler] Fila 34 de Excel actualizada exitosamente a estado: VALIDADO
[2026-05-30 13:16:11,532] [INFO] [OptimaCaptureBot.ExcelHandler] Copia de seguridad creada en temp\Optima_Capture_Bot.xlsx.bak
[2026-05-30 13:16:11,640] [INFO] [OptimaCaptureBot.ExcelHandler] Fila 35 de Excel actualizada exitosamente a estado: VALIDADO
[2026-05-30 13:16:11,645] [INFO] [OptimaCaptureBot.ExcelHandler] Copia de seguridad creada en temp\Optima_Capture_Bot.xlsx.bak
[2026-05-30 13:16:11,749] [INFO] [OptimaCaptureBot.ExcelHandler] Fila 36 de Excel actualizada exitosamente a estado: VALIDADO
[2026-05-30 13:16:11,754] [INFO] [OptimaCaptureBot.ExcelHandler] Copia de seguridad creada en temp\Optima_Capture_Bot.xlsx.bak
[2026-05-30 13:16:11,856] [INFO] [OptimaCaptureBot.ExcelHandler] Fila 37 de Excel actualizada exitosamente a estado: VALIDADO
[2026-05-30 13:16:11,862] [INFO] [OptimaCaptureBot.ExcelHandler] Copia de seguridad creada en temp\Optima_Capture_Bot.xlsx.bak
[2026-05-30 13:16:11,982] [INFO] [OptimaCaptureBot.ExcelHandler] Fila 38 de Excel actualizada exitosamente a estado: VALIDADO
[2026-05-30 13:16:11,988] [INFO] [OptimaCaptureBot.ExcelHandler] Copia de seguridad creada en temp\Optima_Capture_Bot.xlsx.bak
[2026-05-30 13:16:12,096] [INFO] [OptimaCaptureBot.ExcelHandler] Fila 39 de Excel actualizada exitosamente a estado: VALIDADO
[2026-05-30 13:16:12,100] [INFO] [OptimaCaptureBot.ExcelHandler] Copia de seguridad creada en temp\Optima_Capture_Bot.xlsx.bak
[2026-05-30 13:16:12,202] [INFO] [OptimaCaptureBot.ExcelHandler] Fila 40 de Excel actualizada exitosamente a estado: VALIDADO
[2026-05-30 13:16:12,208] [INFO] [OptimaCaptureBot.ExcelHandler] Copia de seguridad creada en temp\Optima_Capture_Bot.xlsx.bak
[2026-05-30 13:16:12,307] [INFO] [OptimaCaptureBot.ExcelHandler] Fila 41 de Excel actualizada exitosamente a estado: VALIDADO
[2026-05-30 13:16:12,310] [INFO] [OptimaCaptureBot.ExcelHandler] Copia de seguridad creada en temp\Optima_Capture_Bot.xlsx.bak
[2026-05-30 13:16:12,412] [INFO] [OptimaCaptureBot.ExcelHandler] Fila 42 de Excel actualizada exitosamente a estado: VALIDADO
[2026-05-30 13:16:12,415] [INFO] [OptimaCaptureBot.ExcelHandler] Copia de seguridad creada en temp\Optima_Capture_Bot.xlsx.bak
[2026-05-30 13:16:12,505] [INFO] [OptimaCaptureBot.ExcelHandler] Fila 43 de Excel actualizada exitosamente a estado: VALIDADO
[2026-05-30 13:16:12,511] [INFO] [OptimaCaptureBot.ExcelHandler] Copia de seguridad creada en temp\Optima_Capture_Bot.xlsx.bak
[2026-05-30 13:16:12,725] [INFO] [OptimaCaptureBot.ExcelHandler] Fila 44 de Excel actualizada exitosamente a estado: VALIDADO
[2026-05-30 13:16:12,729] [INFO] [OptimaCaptureBot.ExcelHandler] Copia de seguridad creada en temp\Optima_Capture_Bot.xlsx.bak
[2026-05-30 13:16:12,836] [INFO] [OptimaCaptureBot.ExcelHandler] Fila 45 de Excel actualizada exitosamente a estado: VALIDADO
[2026-05-30 13:16:12,840] [INFO] [OptimaCaptureBot.ExcelHandler] Copia de seguridad creada en temp\Optima_Capture_Bot.xlsx.bak
[2026-05-30 13:16:12,953] [INFO] [OptimaCaptureBot.ExcelHandler] Fila 46 de Excel actualizada exitosamente a estado: VALIDADO
[2026-05-30 13:16:12,959] [INFO] [OptimaCaptureBot.ExcelHandler] Copia de seguridad creada en temp\Optima_Capture_Bot.xlsx.bak
[2026-05-30 13:16:13,078] [INFO] [OptimaCaptureBot.ExcelHandler] Fila 47 de Excel actualizada exitosamente a estado: VALIDADO
[2026-05-30 13:16:13,083] [INFO] [OptimaCaptureBot.ExcelHandler] Copia de seguridad creada en temp\Optima_Capture_Bot.xlsx.bak
[2026-05-30 13:16:13,193] [INFO] [OptimaCaptureBot.ExcelHandler] Fila 48 de Excel actualizada exitosamente a estado: VALIDADO
[2026-05-30 13:16:13,198] [INFO] [OptimaCaptureBot.ExcelHandler] Copia de seguridad creada en temp\Optima_Capture_Bot.xlsx.bak
[2026-05-30 13:16:13,297] [INFO] [OptimaCaptureBot.ExcelHandler] Fila 49 de Excel actualizada exitosamente a estado: VALIDADO
[2026-05-30 13:16:13,297] [INFO] [OptimaCaptureBot.Orchestrator] Depuración previa completada de forma segura.
[2026-05-30 13:16:13,298] [INFO] [OptimaCaptureBot.Orchestrator] Iniciando navegador Playwright...
[2026-05-30 13:16:13,300] [INFO] [OptimaCaptureBot.Scraper] Iniciando Playwright...
[2026-05-30 13:16:14,094] [INFO] [OptimaCaptureBot.Scraper] Usando perfil persistente de Chrome en: C:\Users\dramos\Documents\Proyecto_CapturaBot\temp\perfil_bot
[2026-05-30 13:16:15,664] [INFO] [OptimaCaptureBot.Scraper] Navegando a la URL del SATQ: https://satq.qroo.gob.mx/paperless/timbrador.html
[2026-05-30 13:16:16,789] [INFO] [OptimaCaptureBot.Scraper] Portal cargado exitosamente.
[2026-05-30 13:16:16,790] [INFO] [OptimaCaptureBot.Orchestrator] No se requiere inicio de sesión manual. Continuando con el proceso.
[2026-05-30 13:16:16,790] [INFO] [OptimaCaptureBot.Orchestrator] Procesando Fila 30: [Referencia: 70027099749764845] en carpeta Lote_1
[2026-05-30 13:16:16,796] [INFO] [OptimaCaptureBot.ExcelHandler] Copia de seguridad creada en temp\Optima_Capture_Bot.xlsx.bak
[2026-05-30 13:16:16,913] [INFO] [OptimaCaptureBot.ExcelHandler] Fila 30 de Excel actualizada exitosamente a estado: EN_PROCESO
[2026-05-30 13:16:16,914] [INFO] [OptimaCaptureBot.Scraper] Iniciando consulta automatizada para referencia: 70027099749764845 (RFC: CIN010904D31)
[2026-05-30 13:16:25,672] [INFO] [OptimaCaptureBot.Scraper] Botón Buscar pulsado, esperando resultados...
[2026-05-30 13:16:27,739] [INFO] [OptimaCaptureBot.Scraper] Escenario detectado: NO_GENERADA
[2026-05-30 13:16:27,739] [INFO] [OptimaCaptureBot.Scraper] Consulta enviada. Esperando resultados...
[2026-05-30 13:16:31,344] [INFO] [OptimaCaptureBot.Scraper] Clic en Generar CFDI ejecutado.
[2026-05-30 13:16:34,170] [INFO] [OptimaCaptureBot.Scraper] Razón Social establecida: 'CADU INMOBILIARIA'
[2026-05-30 13:16:34,651] [INFO] [OptimaCaptureBot.Scraper] Código Postal establecido: '77503'
[2026-05-30 13:16:34,651] [INFO] [OptimaCaptureBot.Scraper] Datos de validación rellenados y verificados.
[2026-05-30 13:16:36,612] [INFO] [OptimaCaptureBot.Scraper] [VALIDACIÓN] Campos listos. Revise en Chrome antes de timbrar:
  · Razón Social → 'CADU INMOBILIARIA'
  · Código Postal → '77503'
Haga clic en 'Aprobar Timbrado' en la aplicación para continuar.
[2026-05-30 13:16:36,617] [WARNING] [OptimaCaptureBot.Orchestrator] [AUTÓNOMO] ✓ Timbrado aprobado automáticamente. Razón Social='CADU INMOBILIARIA' | CP='77503'
[2026-05-30 13:16:36,626] [INFO] [OptimaCaptureBot.Scraper] [VALIDACIÓN] Aprobado por el operador. Procediendo a timbrar...
[2026-05-30 13:16:36,800] [INFO] [OptimaCaptureBot.Scraper] Clic en Timbrar ejecutado.
[2026-05-30 13:16:40,387] [INFO] [OptimaCaptureBot.Scraper] Buscando botones de descarga PDF en la pantalla de resultados (esperando hasta 30s por la generación del PAC)...
[2026-05-30 13:16:40,481] [INFO] [OptimaCaptureBot.Scraper] Se encontraron 2 botones PDF para descargar.
[2026-05-30 13:16:40,482] [INFO] [OptimaCaptureBot.Scraper] Descargando PDF 1 de 2...
[2026-05-30 13:16:44,125] [INFO] [OptimaCaptureBot.Scraper] Descarga 1 completada y guardada en: C:\Users\dramos\Downloads\Facturas_Referencias\Lote_1\70027099749764845_CIN010904D31_1.pdf
[2026-05-30 13:16:44,125] [INFO] [OptimaCaptureBot.Scraper] Descargando PDF 2 de 2...
[2026-05-30 13:16:48,097] [INFO] [OptimaCaptureBot.Scraper] Descarga 2 completada y guardada en: C:\Users\dramos\Downloads\Facturas_Referencias\Lote_1\70027099749764845_CIN010904D31_2.pdf
[2026-05-30 13:16:48,105] [INFO] [OptimaCaptureBot.ExcelHandler] Copia de seguridad creada en temp\Optima_Capture_Bot.xlsx.bak
[2026-05-30 13:16:48,384] [INFO] [OptimaCaptureBot.ExcelHandler] Fila 30 de Excel actualizada exitosamente a estado: OK-GENERADA
[2026-05-30 13:16:48,384] [ERROR] [OptimaCaptureBot.Orchestrator] Referencia 70027099749764845 falló: None
[2026-05-30 13:16:48,384] [INFO] [OptimaCaptureBot.Orchestrator] Procesando Fila 31: [Referencia: 70027099759764856] en carpeta Lote_1
[2026-05-30 13:16:48,489] [INFO] [OptimaCaptureBot.ExcelHandler] Copia de seguridad creada en temp\Optima_Capture_Bot.xlsx.bak
[2026-05-30 13:16:48,724] [INFO] [OptimaCaptureBot.ExcelHandler] Fila 31 de Excel actualizada exitosamente a estado: EN_PROCESO
[2026-05-30 13:16:48,725] [INFO] [OptimaCaptureBot.Scraper] Iniciando consulta automatizada para referencia: 70027099759764856 (RFC: CIN010904D31)
[2026-05-30 13:16:57,645] [INFO] [OptimaCaptureBot.Scraper] Botón Buscar pulsado, esperando resultados...
[2026-05-30 13:16:59,753] [INFO] [OptimaCaptureBot.Scraper] Escenario detectado: NO_GENERADA
[2026-05-30 13:16:59,754] [INFO] [OptimaCaptureBot.Scraper] Consulta enviada. Esperando resultados...
[2026-05-30 13:17:02,252] [INFO] [OptimaCaptureBot.Scraper] Clic en Generar CFDI ejecutado.
[2026-05-30 13:17:04,938] [INFO] [OptimaCaptureBot.Scraper] Razón Social establecida: 'CADU INMOBILIARIA'
[2026-05-30 13:17:05,401] [INFO] [OptimaCaptureBot.Scraper] Código Postal establecido: '77503'
[2026-05-30 13:17:05,402] [INFO] [OptimaCaptureBot.Scraper] Datos de validación rellenados y verificados.
[2026-05-30 13:17:06,935] [INFO] [OptimaCaptureBot.Scraper] [VALIDACIÓN] Campos listos. Revise en Chrome antes de timbrar:
  · Razón Social → 'CADU INMOBILIARIA'
  · Código Postal → '77503'
Haga clic en 'Aprobar Timbrado' en la aplicación para continuar.
[2026-05-30 13:17:06,939] [WARNING] [OptimaCaptureBot.Orchestrator] [AUTÓNOMO] ✓ Timbrado aprobado automáticamente. Razón Social='CADU INMOBILIARIA' | CP='77503'
[2026-05-30 13:17:06,947] [INFO] [OptimaCaptureBot.Scraper] [VALIDACIÓN] Aprobado por el operador. Procediendo a timbrar...
[2026-05-30 13:17:07,099] [INFO] [OptimaCaptureBot.Scraper] Clic en Timbrar ejecutado.
[2026-05-30 13:17:09,496] [INFO] [OptimaCaptureBot.Scraper] Buscando botones de descarga PDF en la pantalla de resultados (esperando hasta 30s por la generación del PAC)...
[2026-05-30 13:17:10,469] [INFO] [OptimaCaptureBot.Scraper] Se encontraron 2 botones PDF para descargar.
[2026-05-30 13:17:10,471] [INFO] [OptimaCaptureBot.Scraper] Descargando PDF 1 de 2...
[2026-05-30 13:17:14,096] [INFO] [OptimaCaptureBot.Scraper] Descarga 1 completada y guardada en: C:\Users\dramos\Downloads\Facturas_Referencias\Lote_1\70027099759764856_CIN010904D31_1.pdf
[2026-05-30 13:17:14,097] [INFO] [OptimaCaptureBot.Scraper] Descargando PDF 2 de 2...
[2026-05-30 13:17:17,098] [INFO] [OptimaCaptureBot.Scraper] Descarga 2 completada y guardada en: C:\Users\dramos\Downloads\Facturas_Referencias\Lote_1\70027099759764856_CIN010904D31_2.pdf
[2026-05-30 13:17:17,110] [INFO] [OptimaCaptureBot.ExcelHandler] Copia de seguridad creada en temp\Optima_Capture_Bot.xlsx.bak
[2026-05-30 13:17:17,408] [INFO] [OptimaCaptureBot.ExcelHandler] Fila 31 de Excel actualizada exitosamente a estado: OK-GENERADA
[2026-05-30 13:17:17,409] [ERROR] [OptimaCaptureBot.Orchestrator] Referencia 70027099759764856 falló: None
[2026-05-30 13:17:17,409] [INFO] [OptimaCaptureBot.Orchestrator] Procesando Fila 32: [Referencia: 70027099769764867] en carpeta Lote_1
[2026-05-30 13:17:17,515] [INFO] [OptimaCaptureBot.ExcelHandler] Copia de seguridad creada en temp\Optima_Capture_Bot.xlsx.bak
[2026-05-30 13:17:17,762] [INFO] [OptimaCaptureBot.ExcelHandler] Fila 32 de Excel actualizada exitosamente a estado: EN_PROCESO
[2026-05-30 13:17:17,763] [INFO] [OptimaCaptureBot.Scraper] Iniciando consulta automatizada para referencia: 70027099769764867 (RFC: CIN010904D31)
[2026-05-30 13:17:26,634] [INFO] [OptimaCaptureBot.Scraper] Botón Buscar pulsado, esperando resultados...
[2026-05-30 13:17:28,770] [INFO] [OptimaCaptureBot.Scraper] Escenario detectado: NO_GENERADA
[2026-05-30 13:17:28,772] [INFO] [OptimaCaptureBot.Scraper] Consulta enviada. Esperando resultados...
[2026-05-30 13:17:31,826] [INFO] [OptimaCaptureBot.Scraper] Clic en Generar CFDI ejecutado.
[2026-05-30 13:17:34,844] [INFO] [OptimaCaptureBot.Scraper] Razón Social establecida: 'CADU INMOBILIARIA'
[2026-05-30 13:17:35,376] [INFO] [OptimaCaptureBot.Scraper] Código Postal establecido: '77503'
[2026-05-30 13:17:35,378] [INFO] [OptimaCaptureBot.Scraper] Datos de validación rellenados y verificados.
[2026-05-30 13:17:36,958] [INFO] [OptimaCaptureBot.Scraper] [VALIDACIÓN] Campos listos. Revise en Chrome antes de timbrar:
  · Razón Social → 'CADU INMOBILIARIA'
  · Código Postal → '77503'
Haga clic en 'Aprobar Timbrado' en la aplicación para continuar.
[2026-05-30 13:17:36,962] [WARNING] [OptimaCaptureBot.Orchestrator] [AUTÓNOMO] ✓ Timbrado aprobado automáticamente. Razón Social='CADU INMOBILIARIA' | CP='77503'
[2026-05-30 13:17:36,970] [INFO] [OptimaCaptureBot.Scraper] [VALIDACIÓN] Aprobado por el operador. Procediendo a timbrar...
[2026-05-30 13:17:37,096] [INFO] [OptimaCaptureBot.Scraper] Clic en Timbrar ejecutado.
[2026-05-30 13:17:39,596] [INFO] [OptimaCaptureBot.Scraper] Buscando botones de descarga PDF en la pantalla de resultados (esperando hasta 30s por la generación del PAC)...
[2026-05-30 13:17:40,568] [INFO] [OptimaCaptureBot.Scraper] Se encontraron 2 botones PDF para descargar.
[2026-05-30 13:17:40,570] [INFO] [OptimaCaptureBot.Scraper] Descargando PDF 1 de 2...
[2026-05-30 13:17:44,242] [INFO] [OptimaCaptureBot.Scraper] Descarga 1 completada y guardada en: C:\Users\dramos\Downloads\Facturas_Referencias\Lote_1\70027099769764867_CIN010904D31_1.pdf
[2026-05-30 13:17:44,243] [INFO] [OptimaCaptureBot.Scraper] Descargando PDF 2 de 2...
[2026-05-30 13:17:49,074] [INFO] [OptimaCaptureBot.Scraper] Descarga 2 completada y guardada en: C:\Users\dramos\Downloads\Facturas_Referencias\Lote_1\70027099769764867_CIN010904D31_2.pdf
[2026-05-30 13:17:49,082] [INFO] [OptimaCaptureBot.ExcelHandler] Copia de seguridad creada en temp\Optima_Capture_Bot.xlsx.bak
[2026-05-30 13:17:49,332] [INFO] [OptimaCaptureBot.ExcelHandler] Fila 32 de Excel actualizada exitosamente a estado: OK-GENERADA
[2026-05-30 13:17:49,332] [ERROR] [OptimaCaptureBot.Orchestrator] Referencia 70027099769764867 falló: None
[2026-05-30 13:17:49,333] [INFO] [OptimaCaptureBot.Orchestrator] Procesando Fila 33: [Referencia: 70027099779764878] en carpeta Lote_1
[2026-05-30 13:17:49,446] [INFO] [OptimaCaptureBot.ExcelHandler] Copia de seguridad creada en temp\Optima_Capture_Bot.xlsx.bak
[2026-05-30 13:17:49,683] [INFO] [OptimaCaptureBot.ExcelHandler] Fila 33 de Excel actualizada exitosamente a estado: EN_PROCESO
[2026-05-30 13:17:49,685] [INFO] [OptimaCaptureBot.Scraper] Iniciando consulta automatizada para referencia: 70027099779764878 (RFC: CIN010904D31)
[2026-05-30 13:17:59,165] [INFO] [OptimaCaptureBot.Scraper] Botón Buscar pulsado, esperando resultados...
[2026-05-30 13:18:01,290] [INFO] [OptimaCaptureBot.Scraper] Escenario detectado: NO_GENERADA
[2026-05-30 13:18:01,291] [INFO] [OptimaCaptureBot.Scraper] Consulta enviada. Esperando resultados...
[2026-05-30 13:18:04,186] [INFO] [OptimaCaptureBot.Scraper] Clic en Generar CFDI ejecutado.
[2026-05-30 13:18:06,849] [INFO] [OptimaCaptureBot.Scraper] Razón Social establecida: 'CADU INMOBILIARIA'
[2026-05-30 13:18:07,290] [INFO] [OptimaCaptureBot.Scraper] Código Postal establecido: '77503'
[2026-05-30 13:18:07,292] [INFO] [OptimaCaptureBot.Scraper] Datos de validación rellenados y verificados.
[2026-05-30 13:18:08,379] [INFO] [OptimaCaptureBot.Scraper] [VALIDACIÓN] Campos listos. Revise en Chrome antes de timbrar:
  · Razón Social → 'CADU INMOBILIARIA'
  · Código Postal → '77503'
Haga clic en 'Aprobar Timbrado' en la aplicación para continuar.
[2026-05-30 13:18:08,384] [WARNING] [OptimaCaptureBot.Orchestrator] [AUTÓNOMO] ✓ Timbrado aprobado automáticamente. Razón Social='CADU INMOBILIARIA' | CP='77503'
[2026-05-30 13:18:08,391] [INFO] [OptimaCaptureBot.Scraper] [VALIDACIÓN] Aprobado por el operador. Procediendo a timbrar...
[2026-05-30 13:18:08,546] [INFO] [OptimaCaptureBot.Scraper] Clic en Timbrar ejecutado.
[2026-05-30 13:18:11,572] [INFO] [OptimaCaptureBot.Scraper] Buscando botones de descarga PDF en la pantalla de resultados (esperando hasta 30s por la generación del PAC)...
[2026-05-30 13:18:11,599] [INFO] [OptimaCaptureBot.Scraper] Se encontraron 2 botones PDF para descargar.
[2026-05-30 13:18:11,599] [INFO] [OptimaCaptureBot.Scraper] Descargando PDF 1 de 2...
[2026-05-30 13:18:14,611] [INFO] [OptimaCaptureBot.Scraper] Descarga 1 completada y guardada en: C:\Users\dramos\Downloads\Facturas_Referencias\Lote_1\70027099779764878_CIN010904D31_1.pdf
[2026-05-30 13:18:14,612] [INFO] [OptimaCaptureBot.Scraper] Descargando PDF 2 de 2...
[2026-05-30 13:18:17,996] [INFO] [OptimaCaptureBot.Scraper] Descarga 2 completada y guardada en: C:\Users\dramos\Downloads\Facturas_Referencias\Lote_1\70027099779764878_CIN010904D31_2.pdf
[2026-05-30 13:18:18,004] [INFO] [OptimaCaptureBot.ExcelHandler] Copia de seguridad creada en temp\Optima_Capture_Bot.xlsx.bak
[2026-05-30 13:18:18,273] [INFO] [OptimaCaptureBot.ExcelHandler] Fila 33 de Excel actualizada exitosamente a estado: OK-GENERADA
[2026-05-30 13:18:18,274] [ERROR] [OptimaCaptureBot.Orchestrator] Referencia 70027099779764878 falló: None
[2026-05-30 13:18:18,275] [INFO] [OptimaCaptureBot.Orchestrator] Procesando Fila 34: [Referencia: 70027099789764889] en carpeta Lote_1
[2026-05-30 13:18:18,450] [INFO] [OptimaCaptureBot.ExcelHandler] Copia de seguridad creada en temp\Optima_Capture_Bot.xlsx.bak
[2026-05-30 13:18:18,686] [INFO] [OptimaCaptureBot.ExcelHandler] Fila 34 de Excel actualizada exitosamente a estado: EN_PROCESO
[2026-05-30 13:18:18,687] [INFO] [OptimaCaptureBot.Scraper] Iniciando consulta automatizada para referencia: 70027099789764889 (RFC: CIN010904D31)
[2026-05-30 13:18:27,424] [INFO] [OptimaCaptureBot.Scraper] Botón Buscar pulsado, esperando resultados...
[2026-05-30 13:18:29,527] [INFO] [OptimaCaptureBot.Scraper] Escenario detectado: NO_GENERADA
[2026-05-30 13:18:29,527] [INFO] [OptimaCaptureBot.Scraper] Consulta enviada. Esperando resultados...
[2026-05-30 13:18:33,337] [INFO] [OptimaCaptureBot.Scraper] Clic en Generar CFDI ejecutado.
[2026-05-30 13:18:36,301] [INFO] [OptimaCaptureBot.Scraper] Razón Social establecida: 'CADU INMOBILIARIA'
[2026-05-30 13:18:36,770] [INFO] [OptimaCaptureBot.Scraper] Código Postal establecido: '77503'
[2026-05-30 13:18:36,771] [INFO] [OptimaCaptureBot.Scraper] Datos de validación rellenados y verificados.
[2026-05-30 13:18:38,305] [INFO] [OptimaCaptureBot.Scraper] [VALIDACIÓN] Campos listos. Revise en Chrome antes de timbrar:
  · Razón Social → 'CADU INMOBILIARIA'
  · Código Postal → '77503'
Haga clic en 'Aprobar Timbrado' en la aplicación para continuar.
[2026-05-30 13:18:38,307] [WARNING] [OptimaCaptureBot.Orchestrator] [AUTÓNOMO] ✓ Timbrado aprobado automáticamente. Razón Social='CADU INMOBILIARIA' | CP='77503'
[2026-05-30 13:18:38,309] [INFO] [OptimaCaptureBot.Scraper] [VALIDACIÓN] Aprobado por el operador. Procediendo a timbrar...
[2026-05-30 13:18:38,370] [INFO] [OptimaCaptureBot.Scraper] Clic en Timbrar ejecutado.
[2026-05-30 13:18:41,999] [INFO] [OptimaCaptureBot.Scraper] Buscando botones de descarga PDF en la pantalla de resultados (esperando hasta 30s por la generación del PAC)...
[2026-05-30 13:18:42,074] [INFO] [OptimaCaptureBot.Scraper] Se encontraron 2 botones PDF para descargar.
[2026-05-30 13:18:42,075] [INFO] [OptimaCaptureBot.Scraper] Descargando PDF 1 de 2...
[2026-05-30 13:18:45,297] [INFO] [OptimaCaptureBot.Scraper] Descarga 1 completada y guardada en: C:\Users\dramos\Downloads\Facturas_Referencias\Lote_1\70027099789764889_CIN010904D31_1.pdf
[2026-05-30 13:18:45,298] [INFO] [OptimaCaptureBot.Scraper] Descargando PDF 2 de 2...
[2026-05-30 13:18:48,579] [INFO] [OptimaCaptureBot.Scraper] Descarga 2 completada y guardada en: C:\Users\dramos\Downloads\Facturas_Referencias\Lote_1\70027099789764889_CIN010904D31_2.pdf
[2026-05-30 13:18:48,585] [INFO] [OptimaCaptureBot.ExcelHandler] Copia de seguridad creada en temp\Optima_Capture_Bot.xlsx.bak
[2026-05-30 13:18:48,832] [INFO] [OptimaCaptureBot.ExcelHandler] Fila 34 de Excel actualizada exitosamente a estado: OK-GENERADA
[2026-05-30 13:18:48,833] [ERROR] [OptimaCaptureBot.Orchestrator] Referencia 70027099789764889 falló: None
[2026-05-30 13:18:48,833] [INFO] [OptimaCaptureBot.Orchestrator] Procesando Fila 35: [Referencia: 70027099799764803] en carpeta Lote_1
[2026-05-30 13:18:48,937] [INFO] [OptimaCaptureBot.ExcelHandler] Copia de seguridad creada en temp\Optima_Capture_Bot.xlsx.bak
[2026-05-30 13:18:49,163] [INFO] [OptimaCaptureBot.ExcelHandler] Fila 35 de Excel actualizada exitosamente a estado: EN_PROCESO
[2026-05-30 13:18:49,164] [INFO] [OptimaCaptureBot.Scraper] Iniciando consulta automatizada para referencia: 70027099799764803 (RFC: CIN010904D31)
[2026-05-30 13:18:59,219] [INFO] [OptimaCaptureBot.Scraper] Botón Buscar pulsado, esperando resultados...
[2026-05-30 13:19:01,404] [INFO] [OptimaCaptureBot.Scraper] Escenario detectado: NO_GENERADA
[2026-05-30 13:19:01,405] [INFO] [OptimaCaptureBot.Scraper] Consulta enviada. Esperando resultados...
[2026-05-30 13:19:05,437] [INFO] [OptimaCaptureBot.Scraper] Clic en Generar CFDI ejecutado.
[2026-05-30 13:19:08,197] [INFO] [OptimaCaptureBot.Scraper] Razón Social establecida: 'CADU INMOBILIARIA'
[2026-05-30 13:19:08,657] [INFO] [OptimaCaptureBot.Scraper] Código Postal establecido: '77503'
[2026-05-30 13:19:08,659] [INFO] [OptimaCaptureBot.Scraper] Datos de validación rellenados y verificados.
[2026-05-30 13:19:10,173] [INFO] [OptimaCaptureBot.Scraper] [VALIDACIÓN] Campos listos. Revise en Chrome antes de timbrar:
  · Razón Social → 'CADU INMOBILIARIA'
  · Código Postal → '77503'
Haga clic en 'Aprobar Timbrado' en la aplicación para continuar.
[2026-05-30 13:19:10,177] [WARNING] [OptimaCaptureBot.Orchestrator] [AUTÓNOMO] ✓ Timbrado aprobado automáticamente. Razón Social='CADU INMOBILIARIA' | CP='77503'
[2026-05-30 13:19:10,186] [INFO] [OptimaCaptureBot.Scraper] [VALIDACIÓN] Aprobado por el operador. Procediendo a timbrar...
[2026-05-30 13:19:10,343] [INFO] [OptimaCaptureBot.Scraper] Clic en Timbrar ejecutado.
[2026-05-30 13:19:13,620] [INFO] [OptimaCaptureBot.Scraper] Buscando botones de descarga PDF en la pantalla de resultados (esperando hasta 30s por la generación del PAC)...
[2026-05-30 13:19:13,706] [INFO] [OptimaCaptureBot.Scraper] Se encontraron 2 botones PDF para descargar.
[2026-05-30 13:19:13,707] [INFO] [OptimaCaptureBot.Scraper] Descargando PDF 1 de 2...
[2026-05-30 13:19:17,046] [INFO] [OptimaCaptureBot.Scraper] Descarga 1 completada y guardada en: C:\Users\dramos\Downloads\Facturas_Referencias\Lote_1\70027099799764803_CIN010904D31_1.pdf
[2026-05-30 13:19:17,046] [INFO] [OptimaCaptureBot.Scraper] Descargando PDF 2 de 2...
[2026-05-30 13:19:20,100] [INFO] [OptimaCaptureBot.Scraper] Descarga 2 completada y guardada en: C:\Users\dramos\Downloads\Facturas_Referencias\Lote_1\70027099799764803_CIN010904D31_2.pdf
[2026-05-30 13:19:20,108] [INFO] [OptimaCaptureBot.ExcelHandler] Copia de seguridad creada en temp\Optima_Capture_Bot.xlsx.bak
[2026-05-30 13:19:20,374] [INFO] [OptimaCaptureBot.ExcelHandler] Fila 35 de Excel actualizada exitosamente a estado: OK-GENERADA
[2026-05-30 13:19:20,375] [ERROR] [OptimaCaptureBot.Orchestrator] Referencia 70027099799764803 falló: None
[2026-05-30 13:19:20,375] [INFO] [OptimaCaptureBot.Orchestrator] Procesando Fila 36: [Referencia: 70027099819764825] en carpeta Lote_1
[2026-05-30 13:19:20,491] [INFO] [OptimaCaptureBot.ExcelHandler] Copia de seguridad creada en temp\Optima_Capture_Bot.xlsx.bak
[2026-05-30 13:19:20,734] [INFO] [OptimaCaptureBot.ExcelHandler] Fila 36 de Excel actualizada exitosamente a estado: EN_PROCESO
[2026-05-30 13:19:20,736] [INFO] [OptimaCaptureBot.Scraper] Iniciando consulta automatizada para referencia: 70027099819764825 (RFC: CIN010904D31)
[2026-05-30 13:19:29,123] [INFO] [OptimaCaptureBot.Scraper] Botón Buscar pulsado, esperando resultados...
[2026-05-30 13:19:31,173] [INFO] [OptimaCaptureBot.Scraper] Escenario detectado: NO_GENERADA
[2026-05-30 13:19:31,173] [INFO] [OptimaCaptureBot.Scraper] Consulta enviada. Esperando resultados...
[2026-05-30 13:19:33,244] [INFO] [OptimaCaptureBot.Scraper] Clic en Generar CFDI ejecutado.
[2026-05-30 13:19:35,523] [INFO] [OptimaCaptureBot.Scraper] Razón Social establecida: 'CADU INMOBILIARIA'
[2026-05-30 13:19:35,868] [INFO] [OptimaCaptureBot.Scraper] Código Postal establecido: '77503'
[2026-05-30 13:19:35,868] [INFO] [OptimaCaptureBot.Scraper] Datos de validación rellenados y verificados.
[2026-05-30 13:19:37,716] [INFO] [OptimaCaptureBot.Scraper] [VALIDACIÓN] Campos listos. Revise en Chrome antes de timbrar:
  · Razón Social → 'CADU INMOBILIARIA'
  · Código Postal → '77503'
Haga clic en 'Aprobar Timbrado' en la aplicación para continuar.
[2026-05-30 13:19:37,717] [WARNING] [OptimaCaptureBot.Orchestrator] [AUTÓNOMO] ✓ Timbrado aprobado automáticamente. Razón Social='CADU INMOBILIARIA' | CP='77503'
[2026-05-30 13:19:37,719] [INFO] [OptimaCaptureBot.Scraper] [VALIDACIÓN] Aprobado por el operador. Procediendo a timbrar...
[2026-05-30 13:19:37,786] [INFO] [OptimaCaptureBot.Scraper] Clic en Timbrar ejecutado.
[2026-05-30 13:19:41,642] [INFO] [OptimaCaptureBot.Scraper] Buscando botones de descarga PDF en la pantalla de resultados (esperando hasta 30s por la generación del PAC)...
[2026-05-30 13:19:41,671] [INFO] [OptimaCaptureBot.Scraper] Se encontraron 2 botones PDF para descargar.
[2026-05-30 13:19:41,671] [INFO] [OptimaCaptureBot.Scraper] Descargando PDF 1 de 2...
[2026-05-30 13:19:44,625] [INFO] [OptimaCaptureBot.Scraper] Descarga 1 completada y guardada en: C:\Users\dramos\Downloads\Facturas_Referencias\Lote_1\70027099819764825_CIN010904D31_1.pdf
[2026-05-30 13:19:44,625] [INFO] [OptimaCaptureBot.Scraper] Descargando PDF 2 de 2...
[2026-05-30 13:19:47,751] [INFO] [OptimaCaptureBot.Scraper] Descarga 2 completada y guardada en: C:\Users\dramos\Downloads\Facturas_Referencias\Lote_1\70027099819764825_CIN010904D31_2.pdf
[2026-05-30 13:19:47,758] [INFO] [OptimaCaptureBot.ExcelHandler] Copia de seguridad creada en temp\Optima_Capture_Bot.xlsx.bak
[2026-05-30 13:19:48,030] [INFO] [OptimaCaptureBot.ExcelHandler] Fila 36 de Excel actualizada exitosamente a estado: OK-GENERADA
[2026-05-30 13:19:48,030] [ERROR] [OptimaCaptureBot.Orchestrator] Referencia 70027099819764825 falló: None
[2026-05-30 13:19:48,031] [INFO] [OptimaCaptureBot.Orchestrator] Procesando Fila 37: [Referencia: 70027099839764847] en carpeta Lote_1
[2026-05-30 13:19:48,141] [INFO] [OptimaCaptureBot.ExcelHandler] Copia de seguridad creada en temp\Optima_Capture_Bot.xlsx.bak
[2026-05-30 13:19:48,381] [INFO] [OptimaCaptureBot.ExcelHandler] Fila 37 de Excel actualizada exitosamente a estado: EN_PROCESO
[2026-05-30 13:19:48,382] [INFO] [OptimaCaptureBot.Scraper] Iniciando consulta automatizada para referencia: 70027099839764847 (RFC: CIN010904D31)
[2026-05-30 13:19:57,967] [INFO] [OptimaCaptureBot.Scraper] Botón Buscar pulsado, esperando resultados...
[2026-05-30 13:20:00,084] [INFO] [OptimaCaptureBot.Scraper] Escenario detectado: NO_GENERADA
[2026-05-30 13:20:00,085] [INFO] [OptimaCaptureBot.Scraper] Consulta enviada. Esperando resultados...
[2026-05-30 13:20:03,805] [INFO] [OptimaCaptureBot.Scraper] Clic en Generar CFDI ejecutado.
[2026-05-30 13:20:06,048] [INFO] [OptimaCaptureBot.Scraper] Razón Social establecida: 'CADU INMOBILIARIA'
[2026-05-30 13:20:06,548] [INFO] [OptimaCaptureBot.Scraper] Código Postal establecido: '77503'
[2026-05-30 13:20:06,549] [INFO] [OptimaCaptureBot.Scraper] Datos de validación rellenados y verificados.
[2026-05-30 13:20:08,562] [INFO] [OptimaCaptureBot.Scraper] [VALIDACIÓN] Campos listos. Revise en Chrome antes de timbrar:
  · Razón Social → 'CADU INMOBILIARIA'
  · Código Postal → '77503'
Haga clic en 'Aprobar Timbrado' en la aplicación para continuar.
[2026-05-30 13:20:08,566] [WARNING] [OptimaCaptureBot.Orchestrator] [AUTÓNOMO] ✓ Timbrado aprobado automáticamente. Razón Social='CADU INMOBILIARIA' | CP='77503'
[2026-05-30 13:20:08,572] [INFO] [OptimaCaptureBot.Scraper] [VALIDACIÓN] Aprobado por el operador. Procediendo a timbrar...
[2026-05-30 13:20:08,738] [INFO] [OptimaCaptureBot.Scraper] Clic en Timbrar ejecutado.
[2026-05-30 13:20:10,844] [INFO] [OptimaCaptureBot.Scraper] Buscando botones de descarga PDF en la pantalla de resultados (esperando hasta 30s por la generación del PAC)...
[2026-05-30 13:20:11,785] [INFO] [OptimaCaptureBot.Scraper] Se encontraron 2 botones PDF para descargar.
[2026-05-30 13:20:11,786] [INFO] [OptimaCaptureBot.Scraper] Descargando PDF 1 de 2...
[2026-05-30 13:20:15,190] [INFO] [OptimaCaptureBot.Scraper] Descarga 1 completada y guardada en: C:\Users\dramos\Downloads\Facturas_Referencias\Lote_1\70027099839764847_CIN010904D31_1.pdf
[2026-05-30 13:20:15,191] [INFO] [OptimaCaptureBot.Scraper] Descargando PDF 2 de 2...
[2026-05-30 13:20:18,367] [INFO] [OptimaCaptureBot.Scraper] Descarga 2 completada y guardada en: C:\Users\dramos\Downloads\Facturas_Referencias\Lote_1\70027099839764847_CIN010904D31_2.pdf
[2026-05-30 13:20:18,376] [INFO] [OptimaCaptureBot.ExcelHandler] Copia de seguridad creada en temp\Optima_Capture_Bot.xlsx.bak
[2026-05-30 13:20:18,610] [INFO] [OptimaCaptureBot.ExcelHandler] Fila 37 de Excel actualizada exitosamente a estado: OK-GENERADA
[2026-05-30 13:20:18,610] [ERROR] [OptimaCaptureBot.Orchestrator] Referencia 70027099839764847 falló: None
[2026-05-30 13:20:18,611] [INFO] [OptimaCaptureBot.Orchestrator] Procesando Fila 38: [Referencia: 70027099859764869] en carpeta Lote_1
[2026-05-30 13:20:18,720] [INFO] [OptimaCaptureBot.ExcelHandler] Copia de seguridad creada en temp\Optima_Capture_Bot.xlsx.bak
[2026-05-30 13:20:18,941] [INFO] [OptimaCaptureBot.ExcelHandler] Fila 38 de Excel actualizada exitosamente a estado: EN_PROCESO
[2026-05-30 13:20:18,942] [INFO] [OptimaCaptureBot.Scraper] Iniciando consulta automatizada para referencia: 70027099859764869 (RFC: CIN010904D31)
[2026-05-30 13:20:28,125] [INFO] [OptimaCaptureBot.Scraper] Botón Buscar pulsado, esperando resultados...
[2026-05-30 13:20:30,258] [INFO] [OptimaCaptureBot.Scraper] Escenario detectado: NO_GENERADA
[2026-05-30 13:20:30,259] [INFO] [OptimaCaptureBot.Scraper] Consulta enviada. Esperando resultados...
[2026-05-30 13:20:33,370] [INFO] [OptimaCaptureBot.Scraper] Clic en Generar CFDI ejecutado.
[2026-05-30 13:20:35,593] [INFO] [OptimaCaptureBot.Scraper] Razón Social establecida: 'CADU INMOBILIARIA'
[2026-05-30 13:20:36,105] [INFO] [OptimaCaptureBot.Scraper] Código Postal establecido: '77503'
[2026-05-30 13:20:36,106] [INFO] [OptimaCaptureBot.Scraper] Datos de validación rellenados y verificados.
[2026-05-30 13:20:37,377] [INFO] [OptimaCaptureBot.Scraper] [VALIDACIÓN] Campos listos. Revise en Chrome antes de timbrar:
  · Razón Social → 'CADU INMOBILIARIA'
  · Código Postal → '77503'
Haga clic en 'Aprobar Timbrado' en la aplicación para continuar.
[2026-05-30 13:20:37,378] [WARNING] [OptimaCaptureBot.Orchestrator] [AUTÓNOMO] ✓ Timbrado aprobado automáticamente. Razón Social='CADU INMOBILIARIA' | CP='77503'
[2026-05-30 13:20:37,381] [INFO] [OptimaCaptureBot.Scraper] [VALIDACIÓN] Aprobado por el operador. Procediendo a timbrar...
[2026-05-30 13:20:37,434] [INFO] [OptimaCaptureBot.Scraper] Clic en Timbrar ejecutado.
[2026-05-30 13:20:39,879] [INFO] [OptimaCaptureBot.Scraper] Buscando botones de descarga PDF en la pantalla de resultados (esperando hasta 30s por la generación del PAC)...
[2026-05-30 13:20:40,824] [INFO] [OptimaCaptureBot.Scraper] Se encontraron 2 botones PDF para descargar.
[2026-05-30 13:20:40,826] [INFO] [OptimaCaptureBot.Scraper] Descargando PDF 1 de 2...
[2026-05-30 13:20:44,328] [INFO] [OptimaCaptureBot.Scraper] Descarga 1 completada y guardada en: C:\Users\dramos\Downloads\Facturas_Referencias\Lote_1\70027099859764869_CIN010904D31_1.pdf
[2026-05-30 13:20:44,329] [INFO] [OptimaCaptureBot.Scraper] Descargando PDF 2 de 2...
[2026-05-30 13:20:48,543] [INFO] [OptimaCaptureBot.Scraper] Descarga 2 completada y guardada en: C:\Users\dramos\Downloads\Facturas_Referencias\Lote_1\70027099859764869_CIN010904D31_2.pdf
[2026-05-30 13:20:48,551] [INFO] [OptimaCaptureBot.ExcelHandler] Copia de seguridad creada en temp\Optima_Capture_Bot.xlsx.bak
[2026-05-30 13:20:48,823] [INFO] [OptimaCaptureBot.ExcelHandler] Fila 38 de Excel actualizada exitosamente a estado: OK-GENERADA
[2026-05-30 13:20:48,824] [ERROR] [OptimaCaptureBot.Orchestrator] Referencia 70027099859764869 falló: None
[2026-05-30 13:20:48,824] [INFO] [OptimaCaptureBot.Orchestrator] Procesando Fila 39: [Referencia: 70027099869764880] en carpeta Lote_1
[2026-05-30 13:20:48,942] [INFO] [OptimaCaptureBot.ExcelHandler] Copia de seguridad creada en temp\Optima_Capture_Bot.xlsx.bak
[2026-05-30 13:20:49,185] [INFO] [OptimaCaptureBot.ExcelHandler] Fila 39 de Excel actualizada exitosamente a estado: EN_PROCESO
[2026-05-30 13:20:49,186] [INFO] [OptimaCaptureBot.Scraper] Iniciando consulta automatizada para referencia: 70027099869764880 (RFC: CIN010904D31)
[2026-05-30 13:20:58,541] [INFO] [OptimaCaptureBot.Scraper] Botón Buscar pulsado, esperando resultados...
[2026-05-30 13:21:00,664] [INFO] [OptimaCaptureBot.Scraper] Escenario detectado: NO_GENERADA
[2026-05-30 13:21:00,665] [INFO] [OptimaCaptureBot.Scraper] Consulta enviada. Esperando resultados...
[2026-05-30 13:21:04,427] [INFO] [OptimaCaptureBot.Scraper] Clic en Generar CFDI ejecutado.
[2026-05-30 13:21:06,562] [INFO] [OptimaCaptureBot.Scraper] Razón Social establecida: 'CADU INMOBILIARIA'
[2026-05-30 13:21:06,973] [INFO] [OptimaCaptureBot.Scraper] Código Postal establecido: '77503'
[2026-05-30 13:21:06,974] [INFO] [OptimaCaptureBot.Scraper] Datos de validación rellenados y verificados.
[2026-05-30 13:21:08,704] [INFO] [OptimaCaptureBot.Scraper] [VALIDACIÓN] Campos listos. Revise en Chrome antes de timbrar:
  · Razón Social → 'CADU INMOBILIARIA'
  · Código Postal → '77503'
Haga clic en 'Aprobar Timbrado' en la aplicación para continuar.
[2026-05-30 13:21:08,709] [WARNING] [OptimaCaptureBot.Orchestrator] [AUTÓNOMO] ✓ Timbrado aprobado automáticamente. Razón Social='CADU INMOBILIARIA' | CP='77503'
[2026-05-30 13:21:08,718] [INFO] [OptimaCaptureBot.Scraper] [VALIDACIÓN] Aprobado por el operador. Procediendo a timbrar...
[2026-05-30 13:21:08,912] [INFO] [OptimaCaptureBot.Scraper] Clic en Timbrar ejecutado.
[2026-05-30 13:21:12,855] [INFO] [OptimaCaptureBot.Scraper] Buscando botones de descarga PDF en la pantalla de resultados (esperando hasta 30s por la generación del PAC)...
[2026-05-30 13:21:12,926] [INFO] [OptimaCaptureBot.Scraper] Se encontraron 2 botones PDF para descargar.
[2026-05-30 13:21:12,928] [INFO] [OptimaCaptureBot.Scraper] Descargando PDF 1 de 2...
[2026-05-30 13:21:16,052] [INFO] [OptimaCaptureBot.Scraper] Descarga 1 completada y guardada en: C:\Users\dramos\Downloads\Facturas_Referencias\Lote_1\70027099869764880_CIN010904D31_1.pdf
[2026-05-30 13:21:16,052] [INFO] [OptimaCaptureBot.Scraper] Descargando PDF 2 de 2...
[2026-05-30 13:21:19,178] [INFO] [OptimaCaptureBot.Scraper] Descarga 2 completada y guardada en: C:\Users\dramos\Downloads\Facturas_Referencias\Lote_1\70027099869764880_CIN010904D31_2.pdf
[2026-05-30 13:21:19,187] [INFO] [OptimaCaptureBot.ExcelHandler] Copia de seguridad creada en temp\Optima_Capture_Bot.xlsx.bak
[2026-05-30 13:21:19,437] [INFO] [OptimaCaptureBot.ExcelHandler] Fila 39 de Excel actualizada exitosamente a estado: OK-GENERADA
[2026-05-30 13:21:19,437] [ERROR] [OptimaCaptureBot.Orchestrator] Referencia 70027099869764880 falló: None
[2026-05-30 13:21:19,437] [INFO] [OptimaCaptureBot.Orchestrator] Procesando Fila 40: [Referencia: 70027099889764805] en carpeta Lote_1
[2026-05-30 13:21:19,546] [INFO] [OptimaCaptureBot.ExcelHandler] Copia de seguridad creada en temp\Optima_Capture_Bot.xlsx.bak
[2026-05-30 13:21:19,796] [INFO] [OptimaCaptureBot.ExcelHandler] Fila 40 de Excel actualizada exitosamente a estado: EN_PROCESO
[2026-05-30 13:21:19,797] [INFO] [OptimaCaptureBot.Scraper] Iniciando consulta automatizada para referencia: 70027099889764805 (RFC: CIN010904D31)
[2026-05-30 13:21:28,749] [INFO] [OptimaCaptureBot.Scraper] Botón Buscar pulsado, esperando resultados...
[2026-05-30 13:21:30,842] [INFO] [OptimaCaptureBot.Scraper] Escenario detectado: NO_GENERADA
[2026-05-30 13:21:30,843] [INFO] [OptimaCaptureBot.Scraper] Consulta enviada. Esperando resultados...
[2026-05-30 13:21:33,392] [INFO] [OptimaCaptureBot.Scraper] Clic en Generar CFDI ejecutado.
[2026-05-30 13:21:35,690] [INFO] [OptimaCaptureBot.Scraper] Razón Social establecida: 'CADU INMOBILIARIA'
[2026-05-30 13:21:36,211] [INFO] [OptimaCaptureBot.Scraper] Código Postal establecido: '77503'
[2026-05-30 13:21:36,213] [INFO] [OptimaCaptureBot.Scraper] Datos de validación rellenados y verificados.
[2026-05-30 13:21:38,226] [INFO] [OptimaCaptureBot.Scraper] [VALIDACIÓN] Campos listos. Revise en Chrome antes de timbrar:
  · Razón Social → 'CADU INMOBILIARIA'
  · Código Postal → '77503'
Haga clic en 'Aprobar Timbrado' en la aplicación para continuar.
[2026-05-30 13:21:38,230] [WARNING] [OptimaCaptureBot.Orchestrator] [AUTÓNOMO] ✓ Timbrado aprobado automáticamente. Razón Social='CADU INMOBILIARIA' | CP='77503'
[2026-05-30 13:21:38,238] [INFO] [OptimaCaptureBot.Scraper] [VALIDACIÓN] Aprobado por el operador. Procediendo a timbrar...
[2026-05-30 13:21:38,447] [INFO] [OptimaCaptureBot.Scraper] Clic en Timbrar ejecutado.
[2026-05-30 13:21:41,373] [INFO] [OptimaCaptureBot.Scraper] Buscando botones de descarga PDF en la pantalla de resultados (esperando hasta 30s por la generación del PAC)...
[2026-05-30 13:21:41,631] [INFO] [OptimaCaptureBot.Scraper] Se encontraron 2 botones PDF para descargar.
[2026-05-30 13:21:41,632] [INFO] [OptimaCaptureBot.Scraper] Descargando PDF 1 de 2...
[2026-05-30 13:21:45,897] [INFO] [OptimaCaptureBot.Scraper] Descarga 1 completada y guardada en: C:\Users\dramos\Downloads\Facturas_Referencias\Lote_1\70027099889764805_CIN010904D31_1.pdf
[2026-05-30 13:21:45,898] [INFO] [OptimaCaptureBot.Scraper] Descargando PDF 2 de 2...
[2026-05-30 13:21:49,179] [INFO] [OptimaCaptureBot.Scraper] Descarga 2 completada y guardada en: C:\Users\dramos\Downloads\Facturas_Referencias\Lote_1\70027099889764805_CIN010904D31_2.pdf
[2026-05-30 13:21:49,188] [INFO] [OptimaCaptureBot.ExcelHandler] Copia de seguridad creada en temp\Optima_Capture_Bot.xlsx.bak
[2026-05-30 13:21:49,440] [INFO] [OptimaCaptureBot.ExcelHandler] Fila 40 de Excel actualizada exitosamente a estado: OK-GENERADA
[2026-05-30 13:21:49,440] [ERROR] [OptimaCaptureBot.Orchestrator] Referencia 70027099889764805 falló: None
[2026-05-30 13:21:49,441] [INFO] [OptimaCaptureBot.Orchestrator] Procesando Fila 41: [Referencia: 70027099909764827] en carpeta Lote_1
[2026-05-30 13:21:49,580] [INFO] [OptimaCaptureBot.ExcelHandler] Copia de seguridad creada en temp\Optima_Capture_Bot.xlsx.bak
[2026-05-30 13:21:49,856] [INFO] [OptimaCaptureBot.ExcelHandler] Fila 41 de Excel actualizada exitosamente a estado: EN_PROCESO
[2026-05-30 13:21:49,857] [INFO] [OptimaCaptureBot.Scraper] Iniciando consulta automatizada para referencia: 70027099909764827 (RFC: CIN010904D31)
[2026-05-30 13:21:59,949] [INFO] [OptimaCaptureBot.Scraper] Botón Buscar pulsado, esperando resultados...
[2026-05-30 13:22:02,106] [INFO] [OptimaCaptureBot.Scraper] Escenario detectado: NO_GENERADA
[2026-05-30 13:22:02,106] [INFO] [OptimaCaptureBot.Scraper] Consulta enviada. Esperando resultados...
[2026-05-30 13:22:05,834] [INFO] [OptimaCaptureBot.Scraper] Clic en Generar CFDI ejecutado.
[2026-05-30 13:22:08,309] [INFO] [OptimaCaptureBot.Scraper] Razón Social establecida: 'CADU INMOBILIARIA'
[2026-05-30 13:22:08,827] [INFO] [OptimaCaptureBot.Scraper] Código Postal establecido: '77503'
[2026-05-30 13:22:08,828] [INFO] [OptimaCaptureBot.Scraper] Datos de validación rellenados y verificados.
[2026-05-30 13:22:10,484] [INFO] [OptimaCaptureBot.Scraper] [VALIDACIÓN] Campos listos. Revise en Chrome antes de timbrar:
  · Razón Social → 'CADU INMOBILIARIA'
  · Código Postal → '77503'
Haga clic en 'Aprobar Timbrado' en la aplicación para continuar.
[2026-05-30 13:22:10,488] [WARNING] [OptimaCaptureBot.Orchestrator] [AUTÓNOMO] ✓ Timbrado aprobado automáticamente. Razón Social='CADU INMOBILIARIA' | CP='77503'
[2026-05-30 13:22:10,496] [INFO] [OptimaCaptureBot.Scraper] [VALIDACIÓN] Aprobado por el operador. Procediendo a timbrar...
[2026-05-30 13:22:10,663] [INFO] [OptimaCaptureBot.Scraper] Clic en Timbrar ejecutado.
[2026-05-30 13:22:13,081] [INFO] [OptimaCaptureBot.Scraper] Buscando botones de descarga PDF en la pantalla de resultados (esperando hasta 30s por la generación del PAC)...
[2026-05-30 13:22:14,047] [INFO] [OptimaCaptureBot.Scraper] Se encontraron 2 botones PDF para descargar.
[2026-05-30 13:22:14,048] [INFO] [OptimaCaptureBot.Scraper] Descargando PDF 1 de 2...
[2026-05-30 13:22:17,884] [INFO] [OptimaCaptureBot.Scraper] Descarga 1 completada y guardada en: C:\Users\dramos\Downloads\Facturas_Referencias\Lote_1\70027099909764827_CIN010904D31_1.pdf
[2026-05-30 13:22:17,885] [INFO] [OptimaCaptureBot.Scraper] Descargando PDF 2 de 2...
[2026-05-30 13:22:21,031] [INFO] [OptimaCaptureBot.Scraper] Descarga 2 completada y guardada en: C:\Users\dramos\Downloads\Facturas_Referencias\Lote_1\70027099909764827_CIN010904D31_2.pdf
[2026-05-30 13:22:21,039] [INFO] [OptimaCaptureBot.ExcelHandler] Copia de seguridad creada en temp\Optima_Capture_Bot.xlsx.bak
[2026-05-30 13:22:21,298] [INFO] [OptimaCaptureBot.ExcelHandler] Fila 41 de Excel actualizada exitosamente a estado: OK-GENERADA
[2026-05-30 13:22:21,299] [ERROR] [OptimaCaptureBot.Orchestrator] Referencia 70027099909764827 falló: None
[2026-05-30 13:22:21,299] [INFO] [OptimaCaptureBot.Orchestrator] Procesando Fila 42: [Referencia: 70027099919764838] en carpeta Lote_1
[2026-05-30 13:22:21,404] [INFO] [OptimaCaptureBot.ExcelHandler] Copia de seguridad creada en temp\Optima_Capture_Bot.xlsx.bak
[2026-05-30 13:22:21,620] [INFO] [OptimaCaptureBot.ExcelHandler] Fila 42 de Excel actualizada exitosamente a estado: EN_PROCESO
[2026-05-30 13:22:21,621] [INFO] [OptimaCaptureBot.Scraper] Iniciando consulta automatizada para referencia: 70027099919764838 (RFC: CIN010904D31)
[2026-05-30 13:22:30,817] [INFO] [OptimaCaptureBot.Scraper] Botón Buscar pulsado, esperando resultados...
[2026-05-30 13:22:32,867] [INFO] [OptimaCaptureBot.Scraper] Escenario detectado: NO_GENERADA
[2026-05-30 13:22:32,868] [INFO] [OptimaCaptureBot.Scraper] Consulta enviada. Esperando resultados...
[2026-05-30 13:22:36,471] [INFO] [OptimaCaptureBot.Scraper] Clic en Generar CFDI ejecutado.
[2026-05-30 13:22:39,222] [INFO] [OptimaCaptureBot.Scraper] Razón Social establecida: 'CADU INMOBILIARIA'
[2026-05-30 13:22:39,712] [INFO] [OptimaCaptureBot.Scraper] Código Postal establecido: '77503'
[2026-05-30 13:22:39,713] [INFO] [OptimaCaptureBot.Scraper] Datos de validación rellenados y verificados.
[2026-05-30 13:22:40,815] [INFO] [OptimaCaptureBot.Scraper] [VALIDACIÓN] Campos listos. Revise en Chrome antes de timbrar:
  · Razón Social → 'CADU INMOBILIARIA'
  · Código Postal → '77503'
Haga clic en 'Aprobar Timbrado' en la aplicación para continuar.
[2026-05-30 13:22:40,820] [WARNING] [OptimaCaptureBot.Orchestrator] [AUTÓNOMO] ✓ Timbrado aprobado automáticamente. Razón Social='CADU INMOBILIARIA' | CP='77503'
[2026-05-30 13:22:40,829] [INFO] [OptimaCaptureBot.Scraper] [VALIDACIÓN] Aprobado por el operador. Procediendo a timbrar...
[2026-05-30 13:22:40,968] [INFO] [OptimaCaptureBot.Scraper] Clic en Timbrar ejecutado.
[2026-05-30 13:22:44,394] [INFO] [OptimaCaptureBot.Scraper] Buscando botones de descarga PDF en la pantalla de resultados (esperando hasta 30s por la generación del PAC)...
[2026-05-30 13:22:44,475] [INFO] [OptimaCaptureBot.Scraper] Se encontraron 2 botones PDF para descargar.
[2026-05-30 13:22:44,477] [INFO] [OptimaCaptureBot.Scraper] Descargando PDF 1 de 2...
[2026-05-30 13:22:48,068] [INFO] [OptimaCaptureBot.Scraper] Descarga 1 completada y guardada en: C:\Users\dramos\Downloads\Facturas_Referencias\Lote_1\70027099919764838_CIN010904D31_1.pdf
[2026-05-30 13:22:48,069] [INFO] [OptimaCaptureBot.Scraper] Descargando PDF 2 de 2...
[2026-05-30 13:22:51,255] [INFO] [OptimaCaptureBot.Scraper] Descarga 2 completada y guardada en: C:\Users\dramos\Downloads\Facturas_Referencias\Lote_1\70027099919764838_CIN010904D31_2.pdf
[2026-05-30 13:22:51,260] [INFO] [OptimaCaptureBot.ExcelHandler] Copia de seguridad creada en temp\Optima_Capture_Bot.xlsx.bak
[2026-05-30 13:22:51,530] [INFO] [OptimaCaptureBot.ExcelHandler] Fila 42 de Excel actualizada exitosamente a estado: OK-GENERADA
[2026-05-30 13:22:51,531] [ERROR] [OptimaCaptureBot.Orchestrator] Referencia 70027099919764838 falló: None
[2026-05-30 13:22:51,532] [INFO] [OptimaCaptureBot.Orchestrator] Procesando Fila 43: [Referencia: 70027099929764849] en carpeta Lote_1
[2026-05-30 13:22:51,671] [INFO] [OptimaCaptureBot.ExcelHandler] Copia de seguridad creada en temp\Optima_Capture_Bot.xlsx.bak
[2026-05-30 13:22:51,897] [INFO] [OptimaCaptureBot.ExcelHandler] Fila 43 de Excel actualizada exitosamente a estado: EN_PROCESO
[2026-05-30 13:22:51,898] [INFO] [OptimaCaptureBot.Scraper] Iniciando consulta automatizada para referencia: 70027099929764849 (RFC: CIN010904D31)
[2026-05-30 13:23:02,141] [INFO] [OptimaCaptureBot.Scraper] Botón Buscar pulsado, esperando resultados...
[2026-05-30 13:23:04,197] [INFO] [OptimaCaptureBot.Scraper] Escenario detectado: NO_GENERADA
[2026-05-30 13:23:04,197] [INFO] [OptimaCaptureBot.Scraper] Consulta enviada. Esperando resultados...
[2026-05-30 13:23:06,653] [INFO] [OptimaCaptureBot.Scraper] Clic en Generar CFDI ejecutado.
[2026-05-30 13:23:08,925] [INFO] [OptimaCaptureBot.Scraper] Razón Social establecida: 'CADU INMOBILIARIA'
[2026-05-30 13:23:09,360] [INFO] [OptimaCaptureBot.Scraper] Código Postal establecido: '77503'
[2026-05-30 13:23:09,361] [INFO] [OptimaCaptureBot.Scraper] Datos de validación rellenados y verificados.
[2026-05-30 13:23:11,191] [INFO] [OptimaCaptureBot.Scraper] [VALIDACIÓN] Campos listos. Revise en Chrome antes de timbrar:
  · Razón Social → 'CADU INMOBILIARIA'
  · Código Postal → '77503'
Haga clic en 'Aprobar Timbrado' en la aplicación para continuar.
[2026-05-30 13:23:11,195] [WARNING] [OptimaCaptureBot.Orchestrator] [AUTÓNOMO] ✓ Timbrado aprobado automáticamente. Razón Social='CADU INMOBILIARIA' | CP='77503'
[2026-05-30 13:23:11,202] [INFO] [OptimaCaptureBot.Scraper] [VALIDACIÓN] Aprobado por el operador. Procediendo a timbrar...
[2026-05-30 13:23:11,351] [INFO] [OptimaCaptureBot.Scraper] Clic en Timbrar ejecutado.
[2026-05-30 13:23:13,985] [INFO] [OptimaCaptureBot.Scraper] Buscando botones de descarga PDF en la pantalla de resultados (esperando hasta 30s por la generación del PAC)...
[2026-05-30 13:23:14,378] [INFO] [OptimaCaptureBot.Scraper] Se encontraron 2 botones PDF para descargar.
[2026-05-30 13:23:14,379] [INFO] [OptimaCaptureBot.Scraper] Descargando PDF 1 de 2...
[2026-05-30 13:23:18,393] [INFO] [OptimaCaptureBot.Scraper] Descarga 1 completada y guardada en: C:\Users\dramos\Downloads\Facturas_Referencias\Lote_1\70027099929764849_CIN010904D31_1.pdf
[2026-05-30 13:23:18,393] [INFO] [OptimaCaptureBot.Scraper] Descargando PDF 2 de 2...
[2026-05-30 13:23:23,103] [INFO] [OptimaCaptureBot.Scraper] Descarga 2 completada y guardada en: C:\Users\dramos\Downloads\Facturas_Referencias\Lote_1\70027099929764849_CIN010904D31_2.pdf
[2026-05-30 13:23:23,111] [INFO] [OptimaCaptureBot.ExcelHandler] Copia de seguridad creada en temp\Optima_Capture_Bot.xlsx.bak
[2026-05-30 13:23:23,402] [INFO] [OptimaCaptureBot.ExcelHandler] Fila 43 de Excel actualizada exitosamente a estado: OK-GENERADA
[2026-05-30 13:23:23,402] [ERROR] [OptimaCaptureBot.Orchestrator] Referencia 70027099929764849 falló: None
[2026-05-30 13:23:23,403] [INFO] [OptimaCaptureBot.Orchestrator] Procesando Fila 44: [Referencia: 70027099949764871] en carpeta Lote_1
[2026-05-30 13:23:23,506] [INFO] [OptimaCaptureBot.ExcelHandler] Copia de seguridad creada en temp\Optima_Capture_Bot.xlsx.bak
[2026-05-30 13:23:23,742] [INFO] [OptimaCaptureBot.ExcelHandler] Fila 44 de Excel actualizada exitosamente a estado: EN_PROCESO
[2026-05-30 13:23:23,743] [INFO] [OptimaCaptureBot.Scraper] Iniciando consulta automatizada para referencia: 70027099949764871 (RFC: CIN010904D31)
[2026-05-30 13:23:33,448] [INFO] [OptimaCaptureBot.Scraper] Botón Buscar pulsado, esperando resultados...
[2026-05-30 13:23:35,560] [INFO] [OptimaCaptureBot.Scraper] Escenario detectado: NO_GENERADA
[2026-05-30 13:23:35,562] [INFO] [OptimaCaptureBot.Scraper] Consulta enviada. Esperando resultados...
[2026-05-30 13:23:38,820] [INFO] [OptimaCaptureBot.Scraper] Clic en Generar CFDI ejecutado.
[2026-05-30 13:23:41,750] [INFO] [OptimaCaptureBot.Scraper] Razón Social establecida: 'CADU INMOBILIARIA'
[2026-05-30 13:23:42,140] [INFO] [OptimaCaptureBot.Scraper] Código Postal establecido: '77503'
[2026-05-30 13:23:42,141] [INFO] [OptimaCaptureBot.Scraper] Datos de validación rellenados y verificados.
[2026-05-30 13:23:44,036] [INFO] [OptimaCaptureBot.Scraper] [VALIDACIÓN] Campos listos. Revise en Chrome antes de timbrar:
  · Razón Social → 'CADU INMOBILIARIA'
  · Código Postal → '77503'
Haga clic en 'Aprobar Timbrado' en la aplicación para continuar.
[2026-05-30 13:23:44,037] [WARNING] [OptimaCaptureBot.Orchestrator] [AUTÓNOMO] ✓ Timbrado aprobado automáticamente. Razón Social='CADU INMOBILIARIA' | CP='77503'
[2026-05-30 13:23:44,040] [INFO] [OptimaCaptureBot.Scraper] [VALIDACIÓN] Aprobado por el operador. Procediendo a timbrar...
[2026-05-30 13:23:44,095] [INFO] [OptimaCaptureBot.Scraper] Clic en Timbrar ejecutado.
[2026-05-30 13:23:47,429] [INFO] [OptimaCaptureBot.Scraper] Buscando botones de descarga PDF en la pantalla de resultados (esperando hasta 30s por la generación del PAC)...
[2026-05-30 13:23:47,501] [INFO] [OptimaCaptureBot.Scraper] Se encontraron 2 botones PDF para descargar.
[2026-05-30 13:23:47,502] [INFO] [OptimaCaptureBot.Scraper] Descargando PDF 1 de 2...
[2026-05-30 13:23:50,855] [INFO] [OptimaCaptureBot.Scraper] Descarga 1 completada y guardada en: C:\Users\dramos\Downloads\Facturas_Referencias\Lote_1\70027099949764871_CIN010904D31_1.pdf
[2026-05-30 13:23:50,856] [INFO] [OptimaCaptureBot.Scraper] Descargando PDF 2 de 2...
[2026-05-30 13:23:54,023] [INFO] [OptimaCaptureBot.Scraper] Descarga 2 completada y guardada en: C:\Users\dramos\Downloads\Facturas_Referencias\Lote_1\70027099949764871_CIN010904D31_2.pdf
[2026-05-30 13:23:54,029] [INFO] [OptimaCaptureBot.ExcelHandler] Copia de seguridad creada en temp\Optima_Capture_Bot.xlsx.bak
[2026-05-30 13:23:54,316] [INFO] [OptimaCaptureBot.ExcelHandler] Fila 44 de Excel actualizada exitosamente a estado: OK-GENERADA
[2026-05-30 13:23:54,317] [ERROR] [OptimaCaptureBot.Orchestrator] Referencia 70027099949764871 falló: None
[2026-05-30 13:23:54,317] [INFO] [OptimaCaptureBot.Orchestrator] Procesando Fila 45: [Referencia: 70027099959764882] en carpeta Lote_1
[2026-05-30 13:23:54,416] [INFO] [OptimaCaptureBot.ExcelHandler] Copia de seguridad creada en temp\Optima_Capture_Bot.xlsx.bak
[2026-05-30 13:23:54,644] [INFO] [OptimaCaptureBot.ExcelHandler] Fila 45 de Excel actualizada exitosamente a estado: EN_PROCESO
[2026-05-30 13:23:54,645] [INFO] [OptimaCaptureBot.Scraper] Iniciando consulta automatizada para referencia: 70027099959764882 (RFC: CIN010904D31)
[2026-05-30 13:24:03,613] [INFO] [OptimaCaptureBot.Scraper] Botón Buscar pulsado, esperando resultados...
[2026-05-30 13:24:05,745] [INFO] [OptimaCaptureBot.Scraper] Escenario detectado: NO_GENERADA
[2026-05-30 13:24:05,746] [INFO] [OptimaCaptureBot.Scraper] Consulta enviada. Esperando resultados...
[2026-05-30 13:24:07,950] [INFO] [OptimaCaptureBot.Scraper] Clic en Generar CFDI ejecutado.
[2026-05-30 13:24:11,130] [INFO] [OptimaCaptureBot.Scraper] Razón Social establecida: 'CADU INMOBILIARIA'
[2026-05-30 13:24:11,644] [INFO] [OptimaCaptureBot.Scraper] Código Postal establecido: '77503'
[2026-05-30 13:24:11,645] [INFO] [OptimaCaptureBot.Scraper] Datos de validación rellenados y verificados.
[2026-05-30 13:24:13,572] [INFO] [OptimaCaptureBot.Scraper] [VALIDACIÓN] Campos listos. Revise en Chrome antes de timbrar:
  · Razón Social → 'CADU INMOBILIARIA'
  · Código Postal → '77503'
Haga clic en 'Aprobar Timbrado' en la aplicación para continuar.
[2026-05-30 13:24:13,577] [WARNING] [OptimaCaptureBot.Orchestrator] [AUTÓNOMO] ✓ Timbrado aprobado automáticamente. Razón Social='CADU INMOBILIARIA' | CP='77503'
[2026-05-30 13:24:13,592] [INFO] [OptimaCaptureBot.Scraper] [VALIDACIÓN] Aprobado por el operador. Procediendo a timbrar...
[2026-05-30 13:24:13,718] [INFO] [OptimaCaptureBot.Scraper] Clic en Timbrar ejecutado.
[2026-05-30 13:24:16,625] [INFO] [OptimaCaptureBot.Scraper] Buscando botones de descarga PDF en la pantalla de resultados (esperando hasta 30s por la generación del PAC)...
[2026-05-30 13:24:16,970] [INFO] [OptimaCaptureBot.Scraper] Se encontraron 2 botones PDF para descargar.
[2026-05-30 13:24:16,970] [INFO] [OptimaCaptureBot.Scraper] Descargando PDF 1 de 2...
[2026-05-30 13:24:19,958] [INFO] [OptimaCaptureBot.Scraper] Descarga 1 completada y guardada en: C:\Users\dramos\Downloads\Facturas_Referencias\Lote_1\70027099959764882_CIN010904D31_1.pdf
[2026-05-30 13:24:19,959] [INFO] [OptimaCaptureBot.Scraper] Descargando PDF 2 de 2...
[2026-05-30 13:24:23,367] [INFO] [OptimaCaptureBot.Scraper] Descarga 2 completada y guardada en: C:\Users\dramos\Downloads\Facturas_Referencias\Lote_1\70027099959764882_CIN010904D31_2.pdf
[2026-05-30 13:24:23,372] [INFO] [OptimaCaptureBot.ExcelHandler] Copia de seguridad creada en temp\Optima_Capture_Bot.xlsx.bak
[2026-05-30 13:24:23,627] [INFO] [OptimaCaptureBot.ExcelHandler] Fila 45 de Excel actualizada exitosamente a estado: OK-GENERADA
[2026-05-30 13:24:23,627] [ERROR] [OptimaCaptureBot.Orchestrator] Referencia 70027099959764882 falló: None
[2026-05-30 13:24:23,628] [INFO] [OptimaCaptureBot.Orchestrator] Procesando Fila 46: [Referencia: 70027099979764807] en carpeta Lote_1
[2026-05-30 13:24:23,770] [INFO] [OptimaCaptureBot.ExcelHandler] Copia de seguridad creada en temp\Optima_Capture_Bot.xlsx.bak
[2026-05-30 13:24:24,057] [INFO] [OptimaCaptureBot.ExcelHandler] Fila 46 de Excel actualizada exitosamente a estado: EN_PROCESO
[2026-05-30 13:24:24,059] [INFO] [OptimaCaptureBot.Scraper] Iniciando consulta automatizada para referencia: 70027099979764807 (RFC: CIN010904D31)
[2026-05-30 13:24:33,638] [INFO] [OptimaCaptureBot.Scraper] Botón Buscar pulsado, esperando resultados...
[2026-05-30 13:24:35,747] [INFO] [OptimaCaptureBot.Scraper] Escenario detectado: NO_GENERADA
[2026-05-30 13:24:35,748] [INFO] [OptimaCaptureBot.Scraper] Consulta enviada. Esperando resultados...
[2026-05-30 13:24:39,182] [INFO] [OptimaCaptureBot.Scraper] Clic en Generar CFDI ejecutado.
[2026-05-30 13:24:42,038] [INFO] [OptimaCaptureBot.Scraper] Razón Social establecida: 'CADU INMOBILIARIA'
[2026-05-30 13:24:42,480] [INFO] [OptimaCaptureBot.Scraper] Código Postal establecido: '77503'
[2026-05-30 13:24:42,481] [INFO] [OptimaCaptureBot.Scraper] Datos de validación rellenados y verificados.
[2026-05-30 13:24:44,171] [INFO] [OptimaCaptureBot.Scraper] [VALIDACIÓN] Campos listos. Revise en Chrome antes de timbrar:
  · Razón Social → 'CADU INMOBILIARIA'
  · Código Postal → '77503'
Haga clic en 'Aprobar Timbrado' en la aplicación para continuar.
[2026-05-30 13:24:44,174] [WARNING] [OptimaCaptureBot.Orchestrator] [AUTÓNOMO] ✓ Timbrado aprobado automáticamente. Razón Social='CADU INMOBILIARIA' | CP='77503'
[2026-05-30 13:24:44,178] [INFO] [OptimaCaptureBot.Scraper] [VALIDACIÓN] Aprobado por el operador. Procediendo a timbrar...
[2026-05-30 13:24:44,279] [INFO] [OptimaCaptureBot.Scraper] Clic en Timbrar ejecutado.
[2026-05-30 13:24:46,653] [INFO] [OptimaCaptureBot.Scraper] Buscando botones de descarga PDF en la pantalla de resultados (esperando hasta 30s por la generación del PAC)...
[2026-05-30 13:24:48,140] [INFO] [OptimaCaptureBot.Scraper] Se encontraron 2 botones PDF para descargar.
[2026-05-30 13:24:48,142] [INFO] [OptimaCaptureBot.Scraper] Descargando PDF 1 de 2...
[2026-05-30 13:24:51,308] [INFO] [OptimaCaptureBot.Scraper] Descarga 1 completada y guardada en: C:\Users\dramos\Downloads\Facturas_Referencias\Lote_1\70027099979764807_CIN010904D31_1.pdf
[2026-05-30 13:24:51,308] [INFO] [OptimaCaptureBot.Scraper] Descargando PDF 2 de 2...
[2026-05-30 13:24:55,298] [INFO] [OptimaCaptureBot.Scraper] Descarga 2 completada y guardada en: C:\Users\dramos\Downloads\Facturas_Referencias\Lote_1\70027099979764807_CIN010904D31_2.pdf
[2026-05-30 13:24:55,303] [INFO] [OptimaCaptureBot.ExcelHandler] Copia de seguridad creada en temp\Optima_Capture_Bot.xlsx.bak
[2026-05-30 13:24:55,556] [INFO] [OptimaCaptureBot.ExcelHandler] Fila 46 de Excel actualizada exitosamente a estado: OK-GENERADA
[2026-05-30 13:24:55,557] [ERROR] [OptimaCaptureBot.Orchestrator] Referencia 70027099979764807 falló: None
[2026-05-30 13:24:55,557] [INFO] [OptimaCaptureBot.Orchestrator] Procesando Fila 47: [Referencia: 70027099999764829] en carpeta Lote_1
[2026-05-30 13:24:55,672] [INFO] [OptimaCaptureBot.ExcelHandler] Copia de seguridad creada en temp\Optima_Capture_Bot.xlsx.bak
[2026-05-30 13:24:55,896] [INFO] [OptimaCaptureBot.ExcelHandler] Fila 47 de Excel actualizada exitosamente a estado: EN_PROCESO
[2026-05-30 13:24:55,897] [INFO] [OptimaCaptureBot.Scraper] Iniciando consulta automatizada para referencia: 70027099999764829 (RFC: CIN010904D31)
[2026-05-30 13:25:04,800] [INFO] [OptimaCaptureBot.Scraper] Botón Buscar pulsado, esperando resultados...
[2026-05-30 13:25:06,917] [INFO] [OptimaCaptureBot.Scraper] Escenario detectado: NO_GENERADA
[2026-05-30 13:25:06,918] [INFO] [OptimaCaptureBot.Scraper] Consulta enviada. Esperando resultados...
[2026-05-30 13:25:10,695] [INFO] [OptimaCaptureBot.Scraper] Clic en Generar CFDI ejecutado.
[2026-05-30 13:25:13,162] [INFO] [OptimaCaptureBot.Scraper] Razón Social establecida: 'CADU INMOBILIARIA'
[2026-05-30 13:25:13,676] [INFO] [OptimaCaptureBot.Scraper] Código Postal establecido: '77503'
[2026-05-30 13:25:13,677] [INFO] [OptimaCaptureBot.Scraper] Datos de validación rellenados y verificados.
[2026-05-30 13:25:15,469] [INFO] [OptimaCaptureBot.Scraper] [VALIDACIÓN] Campos listos. Revise en Chrome antes de timbrar:
  · Razón Social → 'CADU INMOBILIARIA'
  · Código Postal → '77503'
Haga clic en 'Aprobar Timbrado' en la aplicación para continuar.
[2026-05-30 13:25:15,473] [WARNING] [OptimaCaptureBot.Orchestrator] [AUTÓNOMO] ✓ Timbrado aprobado automáticamente. Razón Social='CADU INMOBILIARIA' | CP='77503'
[2026-05-30 13:25:15,480] [INFO] [OptimaCaptureBot.Scraper] [VALIDACIÓN] Aprobado por el operador. Procediendo a timbrar...
[2026-05-30 13:25:15,629] [INFO] [OptimaCaptureBot.Scraper] Clic en Timbrar ejecutado.
[2026-05-30 13:25:18,714] [INFO] [OptimaCaptureBot.Scraper] Buscando botones de descarga PDF en la pantalla de resultados (esperando hasta 30s por la generación del PAC)...
[2026-05-30 13:25:18,784] [INFO] [OptimaCaptureBot.Scraper] Se encontraron 2 botones PDF para descargar.
[2026-05-30 13:25:18,786] [INFO] [OptimaCaptureBot.Scraper] Descargando PDF 1 de 2...
[2026-05-30 13:25:24,106] [INFO] [OptimaCaptureBot.Scraper] Descarga 1 completada y guardada en: C:\Users\dramos\Downloads\Facturas_Referencias\Lote_1\70027099999764829_CIN010904D31_1.pdf
[2026-05-30 13:25:24,106] [INFO] [OptimaCaptureBot.Scraper] Descargando PDF 2 de 2...
[2026-05-30 13:25:27,160] [INFO] [OptimaCaptureBot.Scraper] Descarga 2 completada y guardada en: C:\Users\dramos\Downloads\Facturas_Referencias\Lote_1\70027099999764829_CIN010904D31_2.pdf
[2026-05-30 13:25:27,167] [INFO] [OptimaCaptureBot.ExcelHandler] Copia de seguridad creada en temp\Optima_Capture_Bot.xlsx.bak
[2026-05-30 13:25:27,395] [INFO] [OptimaCaptureBot.ExcelHandler] Fila 47 de Excel actualizada exitosamente a estado: OK-GENERADA
[2026-05-30 13:25:27,395] [ERROR] [OptimaCaptureBot.Orchestrator] Referencia 70027099999764829 falló: None
[2026-05-30 13:25:27,396] [INFO] [OptimaCaptureBot.Orchestrator] Procesando Fila 48: [Referencia: 70027100019764808] en carpeta Lote_1
[2026-05-30 13:25:27,496] [INFO] [OptimaCaptureBot.ExcelHandler] Copia de seguridad creada en temp\Optima_Capture_Bot.xlsx.bak
[2026-05-30 13:25:27,724] [INFO] [OptimaCaptureBot.ExcelHandler] Fila 48 de Excel actualizada exitosamente a estado: EN_PROCESO
[2026-05-30 13:25:27,725] [INFO] [OptimaCaptureBot.Scraper] Iniciando consulta automatizada para referencia: 70027100019764808 (RFC: CIN010904D31)
[2026-05-30 13:25:35,990] [INFO] [OptimaCaptureBot.Scraper] Botón Buscar pulsado, esperando resultados...
[2026-05-30 13:25:38,106] [INFO] [OptimaCaptureBot.Scraper] Escenario detectado: NO_GENERADA
[2026-05-30 13:25:38,107] [INFO] [OptimaCaptureBot.Scraper] Consulta enviada. Esperando resultados...
[2026-05-30 13:25:41,988] [INFO] [OptimaCaptureBot.Scraper] Clic en Generar CFDI ejecutado.
[2026-05-30 13:25:44,365] [INFO] [OptimaCaptureBot.Scraper] Razón Social establecida: 'CADU INMOBILIARIA'
[2026-05-30 13:25:44,723] [INFO] [OptimaCaptureBot.Scraper] Código Postal establecido: '77503'
[2026-05-30 13:25:44,724] [INFO] [OptimaCaptureBot.Scraper] Datos de validación rellenados y verificados.
[2026-05-30 13:25:46,099] [INFO] [OptimaCaptureBot.Scraper] [VALIDACIÓN] Campos listos. Revise en Chrome antes de timbrar:
  · Razón Social → 'CADU INMOBILIARIA'
  · Código Postal → '77503'
Haga clic en 'Aprobar Timbrado' en la aplicación para continuar.
[2026-05-30 13:25:46,103] [WARNING] [OptimaCaptureBot.Orchestrator] [AUTÓNOMO] ✓ Timbrado aprobado automáticamente. Razón Social='CADU INMOBILIARIA' | CP='77503'
[2026-05-30 13:25:46,113] [INFO] [OptimaCaptureBot.Scraper] [VALIDACIÓN] Aprobado por el operador. Procediendo a timbrar...
[2026-05-30 13:25:46,277] [INFO] [OptimaCaptureBot.Scraper] Clic en Timbrar ejecutado.
[2026-05-30 13:25:49,585] [INFO] [OptimaCaptureBot.Scraper] Buscando botones de descarga PDF en la pantalla de resultados (esperando hasta 30s por la generación del PAC)...
[2026-05-30 13:25:49,734] [INFO] [OptimaCaptureBot.Scraper] Se encontraron 2 botones PDF para descargar.
[2026-05-30 13:25:49,735] [INFO] [OptimaCaptureBot.Scraper] Descargando PDF 1 de 2...
[2026-05-30 13:25:52,936] [INFO] [OptimaCaptureBot.Scraper] Descarga 1 completada y guardada en: C:\Users\dramos\Downloads\Facturas_Referencias\Lote_1\70027100019764808_CIN010904D31_1.pdf
[2026-05-30 13:25:52,936] [INFO] [OptimaCaptureBot.Scraper] Descargando PDF 2 de 2...
[2026-05-30 13:25:55,979] [INFO] [OptimaCaptureBot.Scraper] Descarga 2 completada y guardada en: C:\Users\dramos\Downloads\Facturas_Referencias\Lote_1\70027100019764808_CIN010904D31_2.pdf
[2026-05-30 13:25:55,983] [INFO] [OptimaCaptureBot.ExcelHandler] Copia de seguridad creada en temp\Optima_Capture_Bot.xlsx.bak
[2026-05-30 13:25:56,206] [INFO] [OptimaCaptureBot.ExcelHandler] Fila 48 de Excel actualizada exitosamente a estado: OK-GENERADA
[2026-05-30 13:25:56,207] [ERROR] [OptimaCaptureBot.Orchestrator] Referencia 70027100019764808 falló: None
[2026-05-30 13:25:56,207] [INFO] [OptimaCaptureBot.Orchestrator] Procesando Fila 49: [Referencia: 70027100039764830] en carpeta Lote_1
[2026-05-30 13:25:56,312] [INFO] [OptimaCaptureBot.ExcelHandler] Copia de seguridad creada en temp\Optima_Capture_Bot.xlsx.bak
[2026-05-30 13:25:56,562] [INFO] [OptimaCaptureBot.ExcelHandler] Fila 49 de Excel actualizada exitosamente a estado: EN_PROCESO
[2026-05-30 13:25:56,563] [INFO] [OptimaCaptureBot.Scraper] Iniciando consulta automatizada para referencia: 70027100039764830 (RFC: CIN010904D31)
[2026-05-30 13:26:06,357] [INFO] [OptimaCaptureBot.Scraper] Botón Buscar pulsado, esperando resultados...
[2026-05-30 13:26:08,399] [INFO] [OptimaCaptureBot.Scraper] Escenario detectado: NO_GENERADA
[2026-05-30 13:26:08,400] [INFO] [OptimaCaptureBot.Scraper] Consulta enviada. Esperando resultados...
[2026-05-30 13:26:11,196] [INFO] [OptimaCaptureBot.Scraper] Clic en Generar CFDI ejecutado.
[2026-05-30 13:26:14,159] [INFO] [OptimaCaptureBot.Scraper] Razón Social establecida: 'CADU INMOBILIARIA'
[2026-05-30 13:26:14,593] [INFO] [OptimaCaptureBot.Scraper] Código Postal establecido: '77503'
[2026-05-30 13:26:14,596] [INFO] [OptimaCaptureBot.Scraper] Datos de validación rellenados y verificados.
[2026-05-30 13:26:16,024] [INFO] [OptimaCaptureBot.Scraper] [VALIDACIÓN] Campos listos. Revise en Chrome antes de timbrar:
  · Razón Social → 'CADU INMOBILIARIA'
  · Código Postal → '77503'
Haga clic en 'Aprobar Timbrado' en la aplicación para continuar.
[2026-05-30 13:26:16,028] [WARNING] [OptimaCaptureBot.Orchestrator] [AUTÓNOMO] ✓ Timbrado aprobado automáticamente. Razón Social='CADU INMOBILIARIA' | CP='77503'
[2026-05-30 13:26:16,036] [INFO] [OptimaCaptureBot.Scraper] [VALIDACIÓN] Aprobado por el operador. Procediendo a timbrar...
[2026-05-30 13:26:16,214] [INFO] [OptimaCaptureBot.Scraper] Clic en Timbrar ejecutado.
[2026-05-30 13:26:18,761] [INFO] [OptimaCaptureBot.Scraper] Buscando botones de descarga PDF en la pantalla de resultados (esperando hasta 30s por la generación del PAC)...
[2026-05-30 13:26:19,212] [INFO] [OptimaCaptureBot.Scraper] Se encontraron 2 botones PDF para descargar.
[2026-05-30 13:26:19,213] [INFO] [OptimaCaptureBot.Scraper] Descargando PDF 1 de 2...
[2026-05-30 13:26:22,329] [INFO] [OptimaCaptureBot.Scraper] Descarga 1 completada y guardada en: C:\Users\dramos\Downloads\Facturas_Referencias\Lote_1\70027100039764830_CIN010904D31_1.pdf
[2026-05-30 13:26:22,330] [INFO] [OptimaCaptureBot.Scraper] Descargando PDF 2 de 2...
[2026-05-30 13:26:25,475] [INFO] [OptimaCaptureBot.Scraper] Descarga 2 completada y guardada en: C:\Users\dramos\Downloads\Facturas_Referencias\Lote_1\70027100039764830_CIN010904D31_2.pdf
[2026-05-30 13:26:25,482] [INFO] [OptimaCaptureBot.ExcelHandler] Copia de seguridad creada en temp\Optima_Capture_Bot.xlsx.bak
[2026-05-30 13:26:25,722] [INFO] [OptimaCaptureBot.ExcelHandler] Fila 49 de Excel actualizada exitosamente a estado: OK-GENERADA
[2026-05-30 13:26:25,722] [ERROR] [OptimaCaptureBot.Orchestrator] Referencia 70027100039764830 falló: None
[2026-05-30 13:26:25,722] [INFO] [OptimaCaptureBot.Orchestrator] Procesamiento de registros completado.
[2026-05-30 13:26:25,723] [INFO] [OptimaCaptureBot.Orchestrator] El navegador permanece abierto. Ciérrelo manualmente cuando lo desee.
[2026-05-30 13:26:25,723] [INFO] [OptimaCaptureBot.Orchestrator] Orquestador finalizado de forma ordenada.
[2026-05-30 13:30:20,799] [WARNING] [OptimaCaptureBot.Scraper] Error al cerrar los recursos de Playwright: cannot switch to a different thread (which happens to have exited)
[2026-05-30 13:30:21,179] [INFO] [OptimaCaptureBot.Scraper] Navegador Playwright cerrado de forma ordenada.
[2026-05-30 13:30:21,179] [INFO] [root] Aplicación cerrada de forma limpia.
[2026-05-30 13:30:26,932] [INFO] [root] Sistema de logging inicializado exitosamente.
[2026-05-30 13:30:26,933] [INFO] [root] Archivo Excel localizado en: C:\Users\dramos\Documents\Proyecto_CapturaBot\Optima_Capture_Bot.xlsx
[2026-05-30 13:30:26,933] [INFO] [root] Lanzando interfaz gráfica en CustomTkinter...
[2026-05-30 13:30:27,248] [WARNING] [OptimaCaptureBot.GUI] No se encontró el icono en la ruta: C:\Users\dramos\Documents\Proyecto_CapturaBot\ico\cupture_bot.png
[2026-05-30 13:32:38,286] [INFO] [OptimaCaptureBot.Orchestrator] Iniciando orquestador operativo...
[2026-05-30 13:32:38,288] [INFO] [OptimaCaptureBot.Orchestrator] Cargando catálogo de RFC y registros del Excel...
[2026-05-30 13:32:38,290] [WARNING] [OptimaCaptureBot.ExcelHandler] El archivo C:\Users\dramos\Documents\Proyecto_CapturaBot\Optima_Capture_Bot.xlsx está bloqueado por otro programa: [Errno 13] Permission denied: 'C:\\Users\\dramos\\Documents\\Proyecto_CapturaBot\\Optima_Capture_Bot.xlsx'
[2026-05-30 13:32:38,291] [INFO] [OptimaCaptureBot.Orchestrator] Orquestador finalizado de forma ordenada.
[2026-05-30 13:32:50,638] [INFO] [OptimaCaptureBot.Orchestrator] Iniciando orquestador operativo...
[2026-05-30 13:32:50,638] [INFO] [OptimaCaptureBot.Orchestrator] Cargando catálogo de RFC y registros del Excel...
[2026-05-30 13:32:55,900] [INFO] [OptimaCaptureBot.ExcelHandler] Cargados 58 registros desde Control_Referencias
[2026-05-30 13:32:55,901] [INFO] [OptimaCaptureBot.Orchestrator] Catálogo RFC: CIN010904D31 (CADU INMOBILIARIA)
[2026-05-30 13:32:55,901] [INFO] [OptimaCaptureBot.Orchestrator] Total registros cargados de Excel: 58
[2026-05-30 13:32:55,901] [INFO] [OptimaCaptureBot.Orchestrator] Ejecutando depuración previa y detección de duplicados locales...
[2026-05-30 13:32:55,908] [INFO] [OptimaCaptureBot.ExcelHandler] Copia de seguridad creada en temp\Optima_Capture_Bot.xlsx.bak
[2026-05-30 13:32:56,130] [INFO] [OptimaCaptureBot.ExcelHandler] Fila 50 de Excel actualizada exitosamente a estado: VALIDADO
[2026-05-30 13:32:56,222] [INFO] [OptimaCaptureBot.ExcelHandler] Copia de seguridad creada en temp\Optima_Capture_Bot.xlsx.bak
[2026-05-30 13:32:56,414] [INFO] [OptimaCaptureBot.ExcelHandler] Fila 51 de Excel actualizada exitosamente a estado: VALIDADO
[2026-05-30 13:32:56,502] [INFO] [OptimaCaptureBot.ExcelHandler] Copia de seguridad creada en temp\Optima_Capture_Bot.xlsx.bak
[2026-05-30 13:32:56,708] [INFO] [OptimaCaptureBot.ExcelHandler] Fila 52 de Excel actualizada exitosamente a estado: VALIDADO
[2026-05-30 13:32:56,714] [INFO] [OptimaCaptureBot.ExcelHandler] Copia de seguridad creada en temp\Optima_Capture_Bot.xlsx.bak
[2026-05-30 13:32:56,812] [INFO] [OptimaCaptureBot.ExcelHandler] Fila 53 de Excel actualizada exitosamente a estado: VALIDADO
[2026-05-30 13:32:56,818] [INFO] [OptimaCaptureBot.ExcelHandler] Copia de seguridad creada en temp\Optima_Capture_Bot.xlsx.bak
[2026-05-30 13:32:56,953] [INFO] [OptimaCaptureBot.ExcelHandler] Fila 54 de Excel actualizada exitosamente a estado: VALIDADO
[2026-05-30 13:32:56,959] [INFO] [OptimaCaptureBot.ExcelHandler] Copia de seguridad creada en temp\Optima_Capture_Bot.xlsx.bak
[2026-05-30 13:32:57,079] [INFO] [OptimaCaptureBot.ExcelHandler] Fila 55 de Excel actualizada exitosamente a estado: VALIDADO
[2026-05-30 13:32:57,084] [INFO] [OptimaCaptureBot.ExcelHandler] Copia de seguridad creada en temp\Optima_Capture_Bot.xlsx.bak
[2026-05-30 13:32:57,191] [INFO] [OptimaCaptureBot.ExcelHandler] Fila 56 de Excel actualizada exitosamente a estado: VALIDADO
[2026-05-30 13:32:57,196] [INFO] [OptimaCaptureBot.ExcelHandler] Copia de seguridad creada en temp\Optima_Capture_Bot.xlsx.bak
[2026-05-30 13:32:57,292] [INFO] [OptimaCaptureBot.ExcelHandler] Fila 57 de Excel actualizada exitosamente a estado: VALIDADO
[2026-05-30 13:32:57,298] [INFO] [OptimaCaptureBot.ExcelHandler] Copia de seguridad creada en temp\Optima_Capture_Bot.xlsx.bak
[2026-05-30 13:32:57,424] [INFO] [OptimaCaptureBot.ExcelHandler] Fila 58 de Excel actualizada exitosamente a estado: VALIDADO
[2026-05-30 13:32:57,430] [INFO] [OptimaCaptureBot.ExcelHandler] Copia de seguridad creada en temp\Optima_Capture_Bot.xlsx.bak
[2026-05-30 13:32:57,535] [INFO] [OptimaCaptureBot.ExcelHandler] Fila 59 de Excel actualizada exitosamente a estado: VALIDADO
[2026-05-30 13:32:57,536] [INFO] [OptimaCaptureBot.Orchestrator] Depuración previa completada de forma segura.
[2026-05-30 13:32:57,536] [INFO] [OptimaCaptureBot.Orchestrator] Iniciando navegador Playwright...
[2026-05-30 13:32:57,539] [INFO] [OptimaCaptureBot.Scraper] Iniciando Playwright...
[2026-05-30 13:32:58,256] [INFO] [OptimaCaptureBot.Scraper] Usando perfil persistente de Chrome en: C:\Users\dramos\Documents\Proyecto_CapturaBot\temp\perfil_bot
[2026-05-30 13:32:59,686] [INFO] [OptimaCaptureBot.Scraper] Navegando a la URL del SATQ: https://satq.qroo.gob.mx/paperless/timbrador.html
[2026-05-30 13:33:00,937] [INFO] [OptimaCaptureBot.Scraper] Portal cargado exitosamente.
[2026-05-30 13:33:00,938] [INFO] [OptimaCaptureBot.Orchestrator] No se requiere inicio de sesión manual. Continuando con el proceso.
[2026-05-30 13:33:00,939] [INFO] [OptimaCaptureBot.Orchestrator] Procesando Fila 50: [Referencia: 70027100059764852] en carpeta Lote_1
[2026-05-30 13:33:00,947] [INFO] [OptimaCaptureBot.ExcelHandler] Copia de seguridad creada en temp\Optima_Capture_Bot.xlsx.bak
[2026-05-30 13:33:01,141] [INFO] [OptimaCaptureBot.ExcelHandler] Fila 50 de Excel actualizada exitosamente a estado: EN_PROCESO
[2026-05-30 13:33:01,143] [INFO] [OptimaCaptureBot.Scraper] Iniciando consulta automatizada para referencia: 70027100059764852 (RFC: CIN010904D31)
[2026-05-30 13:33:11,627] [INFO] [OptimaCaptureBot.Scraper] Botón Buscar pulsado, esperando resultados...
[2026-05-30 13:33:13,776] [INFO] [OptimaCaptureBot.Scraper] Escenario detectado: NO_GENERADA
[2026-05-30 13:33:13,777] [INFO] [OptimaCaptureBot.Scraper] Consulta enviada. Esperando resultados...
[2026-05-30 13:33:17,049] [INFO] [OptimaCaptureBot.Scraper] Clic en Generar CFDI ejecutado.
[2026-05-30 13:33:21,864] [INFO] [OptimaCaptureBot.Scraper] Razón Social establecida: 'CADU INMOBILIARIA'
[2026-05-30 13:33:23,780] [INFO] [OptimaCaptureBot.Scraper] Código Postal establecido: '77503'
[2026-05-30 13:33:23,781] [INFO] [OptimaCaptureBot.Scraper] Datos de validación rellenados y verificados.
[2026-05-30 13:33:25,284] [INFO] [OptimaCaptureBot.Scraper] [VALIDACIÓN] Campos listos. Revise en Chrome antes de timbrar:
  · Razón Social → 'CADU INMOBILIARIA'
  · Código Postal → '77503'
Haga clic en 'Aprobar Timbrado' en la aplicación para continuar.
[2026-05-30 13:33:25,286] [WARNING] [OptimaCaptureBot.Orchestrator] [AUTÓNOMO] ✓ Timbrado aprobado automáticamente. Razón Social='CADU INMOBILIARIA' | CP='77503'
[2026-05-30 13:33:25,288] [INFO] [OptimaCaptureBot.Scraper] [VALIDACIÓN] Aprobado por el operador. Procediendo a timbrar...
[2026-05-30 13:33:26,521] [INFO] [OptimaCaptureBot.Scraper] Clic en Timbrar ejecutado.
[2026-05-30 13:33:29,445] [INFO] [OptimaCaptureBot.Scraper] Buscando botones de descarga PDF en la pantalla de resultados (esperando hasta 30s por la generación del PAC)...
[2026-05-30 13:33:29,604] [INFO] [OptimaCaptureBot.Scraper] Se encontraron 2 botones PDF para descargar.
[2026-05-30 13:33:29,605] [INFO] [OptimaCaptureBot.Scraper] Descargando PDF 1 de 2...
[2026-05-30 13:33:33,140] [INFO] [OptimaCaptureBot.Scraper] Descarga 1 completada y guardada en: C:\Users\dramos\Downloads\Facturas_Referencias\Lote_1\70027100059764852_CIN010904D31_1.pdf
[2026-05-30 13:33:33,141] [INFO] [OptimaCaptureBot.Scraper] Descargando PDF 2 de 2...
[2026-05-30 13:33:36,282] [INFO] [OptimaCaptureBot.Scraper] Descarga 2 completada y guardada en: C:\Users\dramos\Downloads\Facturas_Referencias\Lote_1\70027100059764852_CIN010904D31_2.pdf
[2026-05-30 13:33:36,291] [INFO] [OptimaCaptureBot.ExcelHandler] Copia de seguridad creada en temp\Optima_Capture_Bot.xlsx.bak
[2026-05-30 13:33:36,544] [INFO] [OptimaCaptureBot.ExcelHandler] Fila 50 de Excel actualizada exitosamente a estado: OK-GENERADA
[2026-05-30 13:33:36,545] [ERROR] [OptimaCaptureBot.Orchestrator] Referencia 70027100059764852 falló: None
[2026-05-30 13:33:36,545] [INFO] [OptimaCaptureBot.Orchestrator] Procesando Fila 51: [Referencia: 70027100079764874] en carpeta Lote_1
[2026-05-30 13:33:36,654] [INFO] [OptimaCaptureBot.ExcelHandler] Copia de seguridad creada en temp\Optima_Capture_Bot.xlsx.bak
[2026-05-30 13:33:36,919] [INFO] [OptimaCaptureBot.ExcelHandler] Fila 51 de Excel actualizada exitosamente a estado: EN_PROCESO
[2026-05-30 13:33:36,920] [INFO] [OptimaCaptureBot.Scraper] Iniciando consulta automatizada para referencia: 70027100079764874 (RFC: CIN010904D31)
[2026-05-30 13:33:46,210] [INFO] [OptimaCaptureBot.Scraper] Botón Buscar pulsado, esperando resultados...
[2026-05-30 13:33:48,348] [INFO] [OptimaCaptureBot.Scraper] Escenario detectado: NO_GENERADA
[2026-05-30 13:33:48,350] [INFO] [OptimaCaptureBot.Scraper] Consulta enviada. Esperando resultados...
[2026-05-30 13:33:51,596] [INFO] [OptimaCaptureBot.Scraper] Clic en Generar CFDI ejecutado.
[2026-05-30 13:33:54,064] [INFO] [OptimaCaptureBot.Scraper] Razón Social establecida: 'CADU INMOBILIARIA'
[2026-05-30 13:33:54,651] [INFO] [OptimaCaptureBot.Scraper] Código Postal establecido: '77503'
[2026-05-30 13:33:54,653] [INFO] [OptimaCaptureBot.Scraper] Datos de validación rellenados y verificados.
[2026-05-30 13:33:55,860] [INFO] [OptimaCaptureBot.Scraper] [VALIDACIÓN] Campos listos. Revise en Chrome antes de timbrar:
  · Razón Social → 'CADU INMOBILIARIA'
  · Código Postal → '77503'
Haga clic en 'Aprobar Timbrado' en la aplicación para continuar.
[2026-05-30 13:33:55,864] [WARNING] [OptimaCaptureBot.Orchestrator] [AUTÓNOMO] ✓ Timbrado aprobado automáticamente. Razón Social='CADU INMOBILIARIA' | CP='77503'
[2026-05-30 13:33:55,872] [INFO] [OptimaCaptureBot.Scraper] [VALIDACIÓN] Aprobado por el operador. Procediendo a timbrar...
[2026-05-30 13:33:56,034] [INFO] [OptimaCaptureBot.Scraper] Clic en Timbrar ejecutado.
[2026-05-30 13:33:59,590] [INFO] [OptimaCaptureBot.Scraper] Buscando botones de descarga PDF en la pantalla de resultados (esperando hasta 30s por la generación del PAC)...
[2026-05-30 13:33:59,753] [INFO] [OptimaCaptureBot.Scraper] Se encontraron 2 botones PDF para descargar.
[2026-05-30 13:33:59,753] [INFO] [OptimaCaptureBot.Scraper] Descargando PDF 1 de 2...
[2026-05-30 13:34:04,139] [INFO] [OptimaCaptureBot.Scraper] Descarga 1 completada y guardada en: C:\Users\dramos\Downloads\Facturas_Referencias\Lote_1\70027100079764874_CIN010904D31_1.pdf
[2026-05-30 13:34:04,140] [INFO] [OptimaCaptureBot.Scraper] Descargando PDF 2 de 2...
[2026-05-30 13:34:08,159] [INFO] [OptimaCaptureBot.Scraper] Descarga 2 completada y guardada en: C:\Users\dramos\Downloads\Facturas_Referencias\Lote_1\70027100079764874_CIN010904D31_2.pdf
[2026-05-30 13:34:08,171] [INFO] [OptimaCaptureBot.ExcelHandler] Copia de seguridad creada en temp\Optima_Capture_Bot.xlsx.bak
[2026-05-30 13:34:08,698] [INFO] [OptimaCaptureBot.ExcelHandler] Fila 51 de Excel actualizada exitosamente a estado: OK-GENERADA
[2026-05-30 13:34:08,699] [ERROR] [OptimaCaptureBot.Orchestrator] Referencia 70027100079764874 falló: None
[2026-05-30 13:34:08,700] [INFO] [OptimaCaptureBot.Orchestrator] Procesando Fila 52: [Referencia: 70027100099764896] en carpeta Lote_1
[2026-05-30 13:34:08,852] [INFO] [OptimaCaptureBot.ExcelHandler] Copia de seguridad creada en temp\Optima_Capture_Bot.xlsx.bak
[2026-05-30 13:34:09,103] [INFO] [OptimaCaptureBot.ExcelHandler] Fila 52 de Excel actualizada exitosamente a estado: EN_PROCESO
[2026-05-30 13:34:09,104] [INFO] [OptimaCaptureBot.Scraper] Iniciando consulta automatizada para referencia: 70027100099764896 (RFC: CIN010904D31)
[2026-05-30 13:34:19,210] [INFO] [OptimaCaptureBot.Scraper] Botón Buscar pulsado, esperando resultados...
[2026-05-30 13:34:21,262] [INFO] [OptimaCaptureBot.Scraper] Escenario detectado: NO_GENERADA
[2026-05-30 13:34:21,263] [INFO] [OptimaCaptureBot.Scraper] Consulta enviada. Esperando resultados...
[2026-05-30 13:34:25,380] [INFO] [OptimaCaptureBot.Scraper] Clic en Generar CFDI ejecutado.
[2026-05-30 13:34:27,445] [INFO] [OptimaCaptureBot.Scraper] Razón Social establecida: 'CADU INMOBILIARIA'
[2026-05-30 13:34:27,810] [INFO] [OptimaCaptureBot.Scraper] Código Postal establecido: '77503'
[2026-05-30 13:34:27,811] [INFO] [OptimaCaptureBot.Scraper] Datos de validación rellenados y verificados.
[2026-05-30 13:34:29,689] [INFO] [OptimaCaptureBot.Scraper] [VALIDACIÓN] Campos listos. Revise en Chrome antes de timbrar:
  · Razón Social → 'CADU INMOBILIARIA'
  · Código Postal → '77503'
Haga clic en 'Aprobar Timbrado' en la aplicación para continuar.
[2026-05-30 13:34:29,705] [WARNING] [OptimaCaptureBot.Orchestrator] [AUTÓNOMO] ✓ Timbrado aprobado automáticamente. Razón Social='CADU INMOBILIARIA' | CP='77503'
[2026-05-30 13:34:29,710] [INFO] [OptimaCaptureBot.Scraper] [VALIDACIÓN] Aprobado por el operador. Procediendo a timbrar...
[2026-05-30 13:34:29,829] [INFO] [OptimaCaptureBot.Scraper] Clic en Timbrar ejecutado.
[2026-05-30 13:34:32,372] [INFO] [OptimaCaptureBot.Scraper] Buscando botones de descarga PDF en la pantalla de resultados (esperando hasta 30s por la generación del PAC)...
[2026-05-30 13:34:33,250] [INFO] [OptimaCaptureBot.Scraper] Se encontraron 2 botones PDF para descargar.
[2026-05-30 13:34:33,250] [INFO] [OptimaCaptureBot.Scraper] Descargando PDF 1 de 2...
[2026-05-30 13:34:36,372] [INFO] [OptimaCaptureBot.Scraper] Descarga 1 completada y guardada en: C:\Users\dramos\Downloads\Facturas_Referencias\Lote_1\70027100099764896_CIN010904D31_1.pdf
[2026-05-30 13:34:36,373] [INFO] [OptimaCaptureBot.Scraper] Descargando PDF 2 de 2...
[2026-05-30 13:34:43,773] [INFO] [OptimaCaptureBot.Scraper] Descarga 2 completada y guardada en: C:\Users\dramos\Downloads\Facturas_Referencias\Lote_1\70027100099764896_CIN010904D31_2.pdf
[2026-05-30 13:34:43,871] [INFO] [OptimaCaptureBot.ExcelHandler] Copia de seguridad creada en temp\Optima_Capture_Bot.xlsx.bak
[2026-05-30 13:34:44,121] [INFO] [OptimaCaptureBot.ExcelHandler] Fila 52 de Excel actualizada exitosamente a estado: OK-GENERADA
[2026-05-30 13:34:44,121] [ERROR] [OptimaCaptureBot.Orchestrator] Referencia 70027100099764896 falló: None
[2026-05-30 13:34:44,122] [INFO] [OptimaCaptureBot.Orchestrator] Procesando Fila 53: [Referencia: 70027100109764810] en carpeta Lote_1
[2026-05-30 13:34:44,225] [INFO] [OptimaCaptureBot.ExcelHandler] Copia de seguridad creada en temp\Optima_Capture_Bot.xlsx.bak
[2026-05-30 13:34:44,477] [INFO] [OptimaCaptureBot.ExcelHandler] Fila 53 de Excel actualizada exitosamente a estado: EN_PROCESO
[2026-05-30 13:34:44,479] [INFO] [OptimaCaptureBot.Scraper] Iniciando consulta automatizada para referencia: 70027100109764810 (RFC: CIN010904D31)
[2026-05-30 13:34:53,542] [INFO] [OptimaCaptureBot.Scraper] Botón Buscar pulsado, esperando resultados...
[2026-05-30 13:34:55,585] [INFO] [OptimaCaptureBot.Scraper] Escenario detectado: NO_GENERADA
[2026-05-30 13:34:55,585] [INFO] [OptimaCaptureBot.Scraper] Consulta enviada. Esperando resultados...
[2026-05-30 13:34:59,042] [INFO] [OptimaCaptureBot.Scraper] Clic en Generar CFDI ejecutado.
[2026-05-30 13:35:02,132] [INFO] [OptimaCaptureBot.Scraper] Razón Social establecida: 'CADU INMOBILIARIA'
[2026-05-30 13:35:02,509] [INFO] [OptimaCaptureBot.Scraper] Código Postal establecido: '77503'
[2026-05-30 13:35:02,510] [INFO] [OptimaCaptureBot.Scraper] Datos de validación rellenados y verificados.
[2026-05-30 13:35:04,029] [INFO] [OptimaCaptureBot.Scraper] [VALIDACIÓN] Campos listos. Revise en Chrome antes de timbrar:
  · Razón Social → 'CADU INMOBILIARIA'
  · Código Postal → '77503'
Haga clic en 'Aprobar Timbrado' en la aplicación para continuar.
[2026-05-30 13:35:04,049] [WARNING] [OptimaCaptureBot.Orchestrator] [AUTÓNOMO] ✓ Timbrado aprobado automáticamente. Razón Social='CADU INMOBILIARIA' | CP='77503'
[2026-05-30 13:35:04,062] [INFO] [OptimaCaptureBot.Scraper] [VALIDACIÓN] Aprobado por el operador. Procediendo a timbrar...
[2026-05-30 13:35:04,203] [INFO] [OptimaCaptureBot.Scraper] Clic en Timbrar ejecutado.
[2026-05-30 13:35:06,765] [INFO] [OptimaCaptureBot.Scraper] Buscando botones de descarga PDF en la pantalla de resultados (esperando hasta 30s por la generación del PAC)...
[2026-05-30 13:35:07,763] [INFO] [OptimaCaptureBot.Scraper] Se encontraron 2 botones PDF para descargar.
[2026-05-30 13:35:07,764] [INFO] [OptimaCaptureBot.Scraper] Descargando PDF 1 de 2...
[2026-05-30 13:35:11,195] [INFO] [OptimaCaptureBot.Scraper] Descarga 1 completada y guardada en: C:\Users\dramos\Downloads\Facturas_Referencias\Lote_1\70027100109764810_CIN010904D31_1.pdf
[2026-05-30 13:35:11,195] [INFO] [OptimaCaptureBot.Scraper] Descargando PDF 2 de 2...
[2026-05-30 13:35:14,528] [INFO] [OptimaCaptureBot.Scraper] Descarga 2 completada y guardada en: C:\Users\dramos\Downloads\Facturas_Referencias\Lote_1\70027100109764810_CIN010904D31_2.pdf
[2026-05-30 13:35:14,537] [INFO] [OptimaCaptureBot.ExcelHandler] Copia de seguridad creada en temp\Optima_Capture_Bot.xlsx.bak
[2026-05-30 13:35:14,821] [INFO] [OptimaCaptureBot.ExcelHandler] Fila 53 de Excel actualizada exitosamente a estado: OK-GENERADA
[2026-05-30 13:35:14,821] [ERROR] [OptimaCaptureBot.Orchestrator] Referencia 70027100109764810 falló: None
[2026-05-30 13:35:14,822] [INFO] [OptimaCaptureBot.Orchestrator] Procesando Fila 54: [Referencia: 70027100129764832] en carpeta Lote_1
[2026-05-30 13:35:14,930] [INFO] [OptimaCaptureBot.ExcelHandler] Copia de seguridad creada en temp\Optima_Capture_Bot.xlsx.bak
[2026-05-30 13:35:15,173] [INFO] [OptimaCaptureBot.ExcelHandler] Fila 54 de Excel actualizada exitosamente a estado: EN_PROCESO
[2026-05-30 13:35:15,174] [INFO] [OptimaCaptureBot.Scraper] Iniciando consulta automatizada para referencia: 70027100129764832 (RFC: CIN010904D31)
[2026-05-30 13:35:24,304] [INFO] [OptimaCaptureBot.Scraper] Botón Buscar pulsado, esperando resultados...
[2026-05-30 13:35:26,445] [INFO] [OptimaCaptureBot.Scraper] Escenario detectado: NO_GENERADA
[2026-05-30 13:35:26,446] [INFO] [OptimaCaptureBot.Scraper] Consulta enviada. Esperando resultados...
[2026-05-30 13:35:30,446] [INFO] [OptimaCaptureBot.Scraper] Clic en Generar CFDI ejecutado.
[2026-05-30 13:35:33,166] [INFO] [OptimaCaptureBot.Scraper] Razón Social establecida: 'CADU INMOBILIARIA'
[2026-05-30 13:35:33,648] [INFO] [OptimaCaptureBot.Scraper] Código Postal establecido: '77503'
[2026-05-30 13:35:33,649] [INFO] [OptimaCaptureBot.Scraper] Datos de validación rellenados y verificados.
[2026-05-30 13:35:34,849] [INFO] [OptimaCaptureBot.Scraper] [VALIDACIÓN] Campos listos. Revise en Chrome antes de timbrar:
  · Razón Social → 'CADU INMOBILIARIA'
  · Código Postal → '77503'
Haga clic en 'Aprobar Timbrado' en la aplicación para continuar.
[2026-05-30 13:35:34,854] [WARNING] [OptimaCaptureBot.Orchestrator] [AUTÓNOMO] ✓ Timbrado aprobado automáticamente. Razón Social='CADU INMOBILIARIA' | CP='77503'
[2026-05-30 13:35:34,864] [INFO] [OptimaCaptureBot.Scraper] [VALIDACIÓN] Aprobado por el operador. Procediendo a timbrar...
[2026-05-30 13:35:35,034] [INFO] [OptimaCaptureBot.Scraper] Clic en Timbrar ejecutado.
[2026-05-30 13:35:37,095] [INFO] [OptimaCaptureBot.Scraper] Buscando botones de descarga PDF en la pantalla de resultados (esperando hasta 30s por la generación del PAC)...
[2026-05-30 13:35:38,608] [INFO] [OptimaCaptureBot.Scraper] Se encontraron 2 botones PDF para descargar.
[2026-05-30 13:35:38,609] [INFO] [OptimaCaptureBot.Scraper] Descargando PDF 1 de 2...
[2026-05-30 13:35:42,098] [INFO] [OptimaCaptureBot.Scraper] Descarga 1 completada y guardada en: C:\Users\dramos\Downloads\Facturas_Referencias\Lote_1\70027100129764832_CIN010904D31_1.pdf
[2026-05-30 13:35:42,098] [INFO] [OptimaCaptureBot.Scraper] Descargando PDF 2 de 2...
[2026-05-30 13:35:45,827] [INFO] [OptimaCaptureBot.Scraper] Descarga 2 completada y guardada en: C:\Users\dramos\Downloads\Facturas_Referencias\Lote_1\70027100129764832_CIN010904D31_2.pdf
[2026-05-30 13:35:45,833] [INFO] [OptimaCaptureBot.ExcelHandler] Copia de seguridad creada en temp\Optima_Capture_Bot.xlsx.bak
[2026-05-30 13:35:46,067] [INFO] [OptimaCaptureBot.ExcelHandler] Fila 54 de Excel actualizada exitosamente a estado: OK-GENERADA
[2026-05-30 13:35:46,067] [ERROR] [OptimaCaptureBot.Orchestrator] Referencia 70027100129764832 falló: None
[2026-05-30 13:35:46,068] [INFO] [OptimaCaptureBot.Orchestrator] Procesando Fila 55: [Referencia: 70027100149764854] en carpeta Lote_1
[2026-05-30 13:35:46,183] [INFO] [OptimaCaptureBot.ExcelHandler] Copia de seguridad creada en temp\Optima_Capture_Bot.xlsx.bak
[2026-05-30 13:35:46,452] [INFO] [OptimaCaptureBot.ExcelHandler] Fila 55 de Excel actualizada exitosamente a estado: EN_PROCESO
[2026-05-30 13:35:46,453] [INFO] [OptimaCaptureBot.Scraper] Iniciando consulta automatizada para referencia: 70027100149764854 (RFC: CIN010904D31)
[2026-05-30 13:35:55,061] [INFO] [OptimaCaptureBot.Scraper] Botón Buscar pulsado, esperando resultados...
[2026-05-30 13:35:57,106] [INFO] [OptimaCaptureBot.Scraper] Escenario detectado: NO_GENERADA
[2026-05-30 13:35:57,106] [INFO] [OptimaCaptureBot.Scraper] Consulta enviada. Esperando resultados...
[2026-05-30 13:36:00,782] [INFO] [OptimaCaptureBot.Scraper] Clic en Generar CFDI ejecutado.
[2026-05-30 13:36:03,642] [INFO] [OptimaCaptureBot.Scraper] Razón Social establecida: 'CADU INMOBILIARIA'
[2026-05-30 13:36:04,206] [INFO] [OptimaCaptureBot.Scraper] Código Postal establecido: '77503'
[2026-05-30 13:36:04,207] [INFO] [OptimaCaptureBot.Scraper] Datos de validación rellenados y verificados.
[2026-05-30 13:36:05,500] [INFO] [OptimaCaptureBot.Scraper] [VALIDACIÓN] Campos listos. Revise en Chrome antes de timbrar:
  · Razón Social → 'CADU INMOBILIARIA'
  · Código Postal → '77503'
Haga clic en 'Aprobar Timbrado' en la aplicación para continuar.
[2026-05-30 13:36:05,504] [WARNING] [OptimaCaptureBot.Orchestrator] [AUTÓNOMO] ✓ Timbrado aprobado automáticamente. Razón Social='CADU INMOBILIARIA' | CP='77503'
[2026-05-30 13:36:05,514] [INFO] [OptimaCaptureBot.Scraper] [VALIDACIÓN] Aprobado por el operador. Procediendo a timbrar...
[2026-05-30 13:36:05,674] [INFO] [OptimaCaptureBot.Scraper] Clic en Timbrar ejecutado.
[2026-05-30 13:36:08,129] [INFO] [OptimaCaptureBot.Scraper] Buscando botones de descarga PDF en la pantalla de resultados (esperando hasta 30s por la generación del PAC)...
[2026-05-30 13:36:09,112] [INFO] [OptimaCaptureBot.Scraper] Se encontraron 2 botones PDF para descargar.
[2026-05-30 13:36:09,114] [INFO] [OptimaCaptureBot.Scraper] Descargando PDF 1 de 2...
[2026-05-30 13:36:12,473] [INFO] [OptimaCaptureBot.Scraper] Descarga 1 completada y guardada en: C:\Users\dramos\Downloads\Facturas_Referencias\Lote_1\70027100149764854_CIN010904D31_1.pdf
[2026-05-30 13:36:12,473] [INFO] [OptimaCaptureBot.Scraper] Descargando PDF 2 de 2...
[2026-05-30 13:36:15,950] [INFO] [OptimaCaptureBot.Scraper] Descarga 2 completada y guardada en: C:\Users\dramos\Downloads\Facturas_Referencias\Lote_1\70027100149764854_CIN010904D31_2.pdf
[2026-05-30 13:36:15,955] [INFO] [OptimaCaptureBot.ExcelHandler] Copia de seguridad creada en temp\Optima_Capture_Bot.xlsx.bak
[2026-05-30 13:36:16,220] [INFO] [OptimaCaptureBot.ExcelHandler] Fila 55 de Excel actualizada exitosamente a estado: OK-GENERADA
[2026-05-30 13:36:16,221] [ERROR] [OptimaCaptureBot.Orchestrator] Referencia 70027100149764854 falló: None
[2026-05-30 13:36:16,222] [INFO] [OptimaCaptureBot.Orchestrator] Procesando Fila 56: [Referencia: 70027100159764865] en carpeta Lote_1
[2026-05-30 13:36:16,372] [INFO] [OptimaCaptureBot.ExcelHandler] Copia de seguridad creada en temp\Optima_Capture_Bot.xlsx.bak
[2026-05-30 13:36:16,629] [INFO] [OptimaCaptureBot.ExcelHandler] Fila 56 de Excel actualizada exitosamente a estado: EN_PROCESO
[2026-05-30 13:36:16,630] [INFO] [OptimaCaptureBot.Scraper] Iniciando consulta automatizada para referencia: 70027100159764865 (RFC: CIN010904D31)
[2026-05-30 13:36:26,868] [INFO] [OptimaCaptureBot.Scraper] Botón Buscar pulsado, esperando resultados...
[2026-05-30 13:36:29,015] [INFO] [OptimaCaptureBot.Scraper] Escenario detectado: NO_GENERADA
[2026-05-30 13:36:29,016] [INFO] [OptimaCaptureBot.Scraper] Consulta enviada. Esperando resultados...
[2026-05-30 13:36:31,385] [INFO] [OptimaCaptureBot.Scraper] Clic en Generar CFDI ejecutado.
[2026-05-30 13:36:34,162] [INFO] [OptimaCaptureBot.Scraper] Razón Social establecida: 'CADU INMOBILIARIA'
[2026-05-30 13:36:34,588] [INFO] [OptimaCaptureBot.Scraper] Código Postal establecido: '77503'
[2026-05-30 13:36:34,589] [INFO] [OptimaCaptureBot.Scraper] Datos de validación rellenados y verificados.
[2026-05-30 13:36:36,641] [INFO] [OptimaCaptureBot.Scraper] [VALIDACIÓN] Campos listos. Revise en Chrome antes de timbrar:
  · Razón Social → 'CADU INMOBILIARIA'
  · Código Postal → '77503'
Haga clic en 'Aprobar Timbrado' en la aplicación para continuar.
[2026-05-30 13:36:36,646] [WARNING] [OptimaCaptureBot.Orchestrator] [AUTÓNOMO] ✓ Timbrado aprobado automáticamente. Razón Social='CADU INMOBILIARIA' | CP='77503'
[2026-05-30 13:36:36,653] [INFO] [OptimaCaptureBot.Scraper] [VALIDACIÓN] Aprobado por el operador. Procediendo a timbrar...
[2026-05-30 13:36:36,821] [INFO] [OptimaCaptureBot.Scraper] Clic en Timbrar ejecutado.
[2026-05-30 13:36:40,419] [INFO] [OptimaCaptureBot.Scraper] Buscando botones de descarga PDF en la pantalla de resultados (esperando hasta 30s por la generación del PAC)...
[2026-05-30 13:36:40,501] [INFO] [OptimaCaptureBot.Scraper] Se encontraron 2 botones PDF para descargar.
[2026-05-30 13:36:40,502] [INFO] [OptimaCaptureBot.Scraper] Descargando PDF 1 de 2...
[2026-05-30 13:36:44,084] [INFO] [OptimaCaptureBot.Scraper] Descarga 1 completada y guardada en: C:\Users\dramos\Downloads\Facturas_Referencias\Lote_1\70027100159764865_CIN010904D31_1.pdf
[2026-05-30 13:36:44,084] [INFO] [OptimaCaptureBot.Scraper] Descargando PDF 2 de 2...
[2026-05-30 13:36:47,494] [INFO] [OptimaCaptureBot.Scraper] Descarga 2 completada y guardada en: C:\Users\dramos\Downloads\Facturas_Referencias\Lote_1\70027100159764865_CIN010904D31_2.pdf
[2026-05-30 13:36:47,501] [INFO] [OptimaCaptureBot.ExcelHandler] Copia de seguridad creada en temp\Optima_Capture_Bot.xlsx.bak
[2026-05-30 13:36:47,747] [INFO] [OptimaCaptureBot.ExcelHandler] Fila 56 de Excel actualizada exitosamente a estado: OK-GENERADA
[2026-05-30 13:36:47,748] [ERROR] [OptimaCaptureBot.Orchestrator] Referencia 70027100159764865 falló: None
[2026-05-30 13:36:47,748] [INFO] [OptimaCaptureBot.Orchestrator] Procesando Fila 57: [Referencia: 70027100179764887] en carpeta Lote_1
[2026-05-30 13:36:47,851] [INFO] [OptimaCaptureBot.ExcelHandler] Copia de seguridad creada en temp\Optima_Capture_Bot.xlsx.bak
[2026-05-30 13:36:48,090] [INFO] [OptimaCaptureBot.ExcelHandler] Fila 57 de Excel actualizada exitosamente a estado: EN_PROCESO
[2026-05-30 13:36:48,091] [INFO] [OptimaCaptureBot.Scraper] Iniciando consulta automatizada para referencia: 70027100179764887 (RFC: CIN010904D31)
[2026-05-30 13:36:57,652] [INFO] [OptimaCaptureBot.Scraper] Botón Buscar pulsado, esperando resultados...
[2026-05-30 13:36:59,792] [INFO] [OptimaCaptureBot.Scraper] Escenario detectado: NO_GENERADA
[2026-05-30 13:36:59,793] [INFO] [OptimaCaptureBot.Scraper] Consulta enviada. Esperando resultados...
[2026-05-30 13:37:03,863] [INFO] [OptimaCaptureBot.Scraper] Clic en Generar CFDI ejecutado.
[2026-05-30 13:37:06,405] [INFO] [OptimaCaptureBot.Scraper] Razón Social establecida: 'CADU INMOBILIARIA'
[2026-05-30 13:37:06,799] [INFO] [OptimaCaptureBot.Scraper] Código Postal establecido: '77503'
[2026-05-30 13:37:06,799] [INFO] [OptimaCaptureBot.Scraper] Datos de validación rellenados y verificados.
[2026-05-30 13:37:08,208] [INFO] [OptimaCaptureBot.Scraper] [VALIDACIÓN] Campos listos. Revise en Chrome antes de timbrar:
  · Razón Social → 'CADU INMOBILIARIA'
  · Código Postal → '77503'
Haga clic en 'Aprobar Timbrado' en la aplicación para continuar.
[2026-05-30 13:37:08,209] [WARNING] [OptimaCaptureBot.Orchestrator] [AUTÓNOMO] ✓ Timbrado aprobado automáticamente. Razón Social='CADU INMOBILIARIA' | CP='77503'
[2026-05-30 13:37:08,212] [INFO] [OptimaCaptureBot.Scraper] [VALIDACIÓN] Aprobado por el operador. Procediendo a timbrar...
[2026-05-30 13:37:08,271] [INFO] [OptimaCaptureBot.Scraper] Clic en Timbrar ejecutado.
[2026-05-30 13:37:11,516] [INFO] [OptimaCaptureBot.Scraper] Buscando botones de descarga PDF en la pantalla de resultados (esperando hasta 30s por la generación del PAC)...
[2026-05-30 13:37:11,554] [INFO] [OptimaCaptureBot.Scraper] Se encontraron 2 botones PDF para descargar.
[2026-05-30 13:37:11,555] [INFO] [OptimaCaptureBot.Scraper] Descargando PDF 1 de 2...
[2026-05-30 13:37:14,840] [INFO] [OptimaCaptureBot.Scraper] Descarga 1 completada y guardada en: C:\Users\dramos\Downloads\Facturas_Referencias\Lote_1\70027100179764887_CIN010904D31_1.pdf
[2026-05-30 13:37:14,841] [INFO] [OptimaCaptureBot.Scraper] Descargando PDF 2 de 2...
[2026-05-30 13:37:18,539] [INFO] [OptimaCaptureBot.Scraper] Descarga 2 completada y guardada en: C:\Users\dramos\Downloads\Facturas_Referencias\Lote_1\70027100179764887_CIN010904D31_2.pdf
[2026-05-30 13:37:18,545] [INFO] [OptimaCaptureBot.ExcelHandler] Copia de seguridad creada en temp\Optima_Capture_Bot.xlsx.bak
[2026-05-30 13:37:18,807] [INFO] [OptimaCaptureBot.ExcelHandler] Fila 57 de Excel actualizada exitosamente a estado: OK-GENERADA
[2026-05-30 13:37:18,808] [ERROR] [OptimaCaptureBot.Orchestrator] Referencia 70027100179764887 falló: None
[2026-05-30 13:37:18,808] [INFO] [OptimaCaptureBot.Orchestrator] Procesando Fila 58: [Referencia: 70027100199764812] en carpeta Lote_1
[2026-05-30 13:37:18,957] [INFO] [OptimaCaptureBot.ExcelHandler] Copia de seguridad creada en temp\Optima_Capture_Bot.xlsx.bak
[2026-05-30 13:37:19,224] [INFO] [OptimaCaptureBot.ExcelHandler] Fila 58 de Excel actualizada exitosamente a estado: EN_PROCESO
[2026-05-30 13:37:19,225] [INFO] [OptimaCaptureBot.Scraper] Iniciando consulta automatizada para referencia: 70027100199764812 (RFC: CIN010904D31)
[2026-05-30 13:37:28,277] [INFO] [OptimaCaptureBot.Scraper] Botón Buscar pulsado, esperando resultados...
[2026-05-30 13:37:30,331] [INFO] [OptimaCaptureBot.Scraper] Escenario detectado: NO_GENERADA
[2026-05-30 13:37:30,332] [INFO] [OptimaCaptureBot.Scraper] Consulta enviada. Esperando resultados...
[2026-05-30 13:37:34,451] [INFO] [OptimaCaptureBot.Scraper] Clic en Generar CFDI ejecutado.
[2026-05-30 13:37:36,779] [INFO] [OptimaCaptureBot.Scraper] Razón Social establecida: 'CADU INMOBILIARIA'
[2026-05-30 13:37:37,157] [INFO] [OptimaCaptureBot.Scraper] Código Postal establecido: '77503'
[2026-05-30 13:37:37,158] [INFO] [OptimaCaptureBot.Scraper] Datos de validación rellenados y verificados.
[2026-05-30 13:37:38,886] [INFO] [OptimaCaptureBot.Scraper] [VALIDACIÓN] Campos listos. Revise en Chrome antes de timbrar:
  · Razón Social → 'CADU INMOBILIARIA'
  · Código Postal → '77503'
Haga clic en 'Aprobar Timbrado' en la aplicación para continuar.
[2026-05-30 13:37:38,891] [WARNING] [OptimaCaptureBot.Orchestrator] [AUTÓNOMO] ✓ Timbrado aprobado automáticamente. Razón Social='CADU INMOBILIARIA' | CP='77503'
[2026-05-30 13:37:38,901] [INFO] [OptimaCaptureBot.Scraper] [VALIDACIÓN] Aprobado por el operador. Procediendo a timbrar...
[2026-05-30 13:37:39,075] [INFO] [OptimaCaptureBot.Scraper] Clic en Timbrar ejecutado.
[2026-05-30 13:37:41,221] [INFO] [OptimaCaptureBot.Scraper] Buscando botones de descarga PDF en la pantalla de resultados (esperando hasta 30s por la generación del PAC)...
[2026-05-30 13:38:11,253] [WARNING] [OptimaCaptureBot.Scraper] El tiempo de espera expiró o los botones PDF no aparecieron de inmediato.
[2026-05-30 13:38:11,280] [ERROR] [OptimaCaptureBot.Scraper] Error procesando registro 70027100199764812: Documentos localizados pero no se encontraron botones de descarga 'PDF'.
[2026-05-30 13:38:11,417] [INFO] [OptimaCaptureBot.Scraper] Evidencia visual guardada exitosamente en screenshots\70027100199764812_20260530_133811_error.png
[2026-05-30 13:38:11,424] [INFO] [OptimaCaptureBot.ExcelHandler] Copia de seguridad creada en temp\Optima_Capture_Bot.xlsx.bak
[2026-05-30 13:38:11,918] [INFO] [OptimaCaptureBot.ExcelHandler] Fila 58 de Excel actualizada exitosamente a estado: ERROR_PORTAL
[2026-05-30 13:38:12,130] [ERROR] [OptimaCaptureBot.Orchestrator] Referencia 70027100199764812 falló: Documentos localizados pero no se encontraron botones de descarga 'PDF'.
[2026-05-30 13:38:12,131] [INFO] [OptimaCaptureBot.Orchestrator] Procesando Fila 59: [Referencia: 70027100219764834] en carpeta Lote_1
[2026-05-30 13:38:12,252] [INFO] [OptimaCaptureBot.ExcelHandler] Copia de seguridad creada en temp\Optima_Capture_Bot.xlsx.bak
[2026-05-30 13:38:12,492] [INFO] [OptimaCaptureBot.ExcelHandler] Fila 59 de Excel actualizada exitosamente a estado: EN_PROCESO
[2026-05-30 13:38:12,493] [INFO] [OptimaCaptureBot.Scraper] Iniciando consulta automatizada para referencia: 70027100219764834 (RFC: CIN010904D31)
[2026-05-30 13:38:51,780] [ERROR] [OptimaCaptureBot.Scraper] Error procesando registro 70027100219764834: ElementHandle.click: Timeout 30000ms exceeded.
Call log:
  - attempting click action
    2 × waiting for element to be visible, enabled and stable
      - element is not enabled
    - retrying click action
    - waiting 20ms
    2 × waiting for element to be visible, enabled and stable
      - element is not enabled
    - retrying click action
      - waiting 100ms
    55 × waiting for element to be visible, enabled and stable
       - element is not enabled
     - retrying click action
       - waiting 500ms

[2026-05-30 13:38:51,924] [INFO] [OptimaCaptureBot.Scraper] Evidencia visual guardada exitosamente en screenshots\70027100219764834_20260530_133851_error.png
[2026-05-30 13:38:51,930] [INFO] [OptimaCaptureBot.ExcelHandler] Copia de seguridad creada en temp\Optima_Capture_Bot.xlsx.bak
[2026-05-30 13:38:52,185] [INFO] [OptimaCaptureBot.ExcelHandler] Fila 59 de Excel actualizada exitosamente a estado: ERROR_PORTAL
[2026-05-30 13:38:52,360] [ERROR] [OptimaCaptureBot.Orchestrator] Referencia 70027100219764834 falló: ElementHandle.click: Timeout 30000ms exceeded.
Call log:
  - attempting click action
    2 × waiting for element to be visible, enabled and stable
      - element is not enabled
    - retrying click action
    - waiting 20ms
    2 × waiting for element to be visible, enabled and stable
      - element is not enabled
    - retrying click action
      - waiting 100ms
    55 × waiting for element to be visible, enabled and stable
       - element is not enabled
     - retrying click action
       - waiting 500ms

[2026-05-30 13:38:52,361] [INFO] [OptimaCaptureBot.Orchestrator] Procesamiento de registros completado.
[2026-05-30 13:38:52,361] [INFO] [OptimaCaptureBot.Orchestrator] El navegador permanece abierto. Ciérrelo manualmente cuando lo desee.
[2026-05-30 13:38:52,361] [INFO] [OptimaCaptureBot.Orchestrator] Orquestador finalizado de forma ordenada.
[2026-05-30 13:40:48,794] [INFO] [OptimaCaptureBot.Orchestrator] Iniciando orquestador operativo...
[2026-05-30 13:40:48,795] [INFO] [OptimaCaptureBot.Orchestrator] Cargando catálogo de RFC y registros del Excel...
[2026-05-30 13:40:52,416] [INFO] [OptimaCaptureBot.ExcelHandler] Cargados 58 registros desde Control_Referencias
[2026-05-30 13:40:52,417] [INFO] [OptimaCaptureBot.Orchestrator] Catálogo RFC: CIN010904D31 (CADU INMOBILIARIA)
[2026-05-30 13:40:52,417] [INFO] [OptimaCaptureBot.Orchestrator] Total registros cargados de Excel: 58
[2026-05-30 13:40:52,417] [INFO] [OptimaCaptureBot.Orchestrator] Ejecutando depuración previa y detección de duplicados locales...
[2026-05-30 13:40:52,418] [INFO] [OptimaCaptureBot.Orchestrator] Depuración previa completada de forma segura.
[2026-05-30 13:40:52,418] [INFO] [OptimaCaptureBot.Orchestrator] No existen referencias pendientes de consulta en el portal SATQ.
[2026-05-30 13:40:52,418] [INFO] [OptimaCaptureBot.Orchestrator] El navegador permanece abierto. Ciérrelo manualmente cuando lo desee.
[2026-05-30 13:40:52,419] [INFO] [OptimaCaptureBot.Orchestrator] Orquestador finalizado de forma ordenada.
[2026-05-30 13:41:00,116] [INFO] [OptimaCaptureBot.Orchestrator] Iniciando orquestador operativo...
[2026-05-30 13:41:00,117] [INFO] [OptimaCaptureBot.Orchestrator] Cargando catálogo de RFC y registros del Excel...
[2026-05-30 13:41:03,139] [INFO] [OptimaCaptureBot.ExcelHandler] Cargados 58 registros desde Control_Referencias
[2026-05-30 13:41:03,140] [INFO] [OptimaCaptureBot.Orchestrator] Catálogo RFC: CIN010904D31 (CADU INMOBILIARIA)
[2026-05-30 13:41:03,140] [INFO] [OptimaCaptureBot.Orchestrator] Total registros cargados de Excel: 58
[2026-05-30 13:41:03,140] [INFO] [OptimaCaptureBot.Orchestrator] Ejecutando depuración previa y detección de duplicados locales...
[2026-05-30 13:41:03,141] [INFO] [OptimaCaptureBot.Orchestrator] Depuración previa completada de forma segura.
[2026-05-30 13:41:03,141] [INFO] [OptimaCaptureBot.Orchestrator] No existen referencias pendientes de consulta en el portal SATQ.
[2026-05-30 13:41:03,141] [INFO] [OptimaCaptureBot.Orchestrator] El navegador permanece abierto. Ciérrelo manualmente cuando lo desee.
[2026-05-30 13:41:03,142] [INFO] [OptimaCaptureBot.Orchestrator] Orquestador finalizado de forma ordenada.
[2026-05-30 14:02:00,149] [WARNING] [OptimaCaptureBot.Scraper] Error al cerrar los recursos de Playwright: cannot switch to a different thread (which happens to have exited)
[2026-05-30 14:02:01,090] [INFO] [OptimaCaptureBot.Scraper] Navegador Playwright cerrado de forma ordenada.
[2026-05-30 14:02:01,091] [INFO] [root] Aplicación cerrada de forma limpia.
[2026-06-01 13:06:48,705] [INFO] [root] Sistema de logging inicializado exitosamente.
[2026-06-01 13:06:48,707] [INFO] [root] Archivo Excel localizado en: C:\Users\dramos\Documents\Proyecto_CapturaBot\Optima_Capture_Bot.xlsx
[2026-06-01 13:06:48,708] [INFO] [root] Lanzando interfaz gráfica en CustomTkinter...
[2026-06-01 13:06:49,785] [WARNING] [OptimaCaptureBot.GUI] No se encontró el icono en la ruta: C:\Users\dramos\Documents\Proyecto_CapturaBot\ico\cupture_bot.png
[2026-06-01 13:29:52,120] [INFO] [root] Aplicación cerrada de forma limpia.
[2026-06-01 13:55:40,437] [INFO] [root] Sistema de logging inicializado exitosamente.
[2026-06-01 13:55:40,438] [INFO] [root] Archivo Excel localizado en: C:\Users\dramos\Documents\Proyecto_CapturaBot\Optima_Capture_Bot.xlsx
[2026-06-01 13:55:40,438] [INFO] [root] Lanzando interfaz gráfica en CustomTkinter...
[2026-06-01 13:55:40,789] [WARNING] [OptimaCaptureBot.GUI] No se encontró el icono en la ruta: C:\Users\dramos\Documents\Proyecto_CapturaBot\ico\cupture_bot.png
[2026-06-01 13:55:48,108] [INFO] [root] Aplicación cerrada de forma limpia.
[2026-06-01 13:57:03,952] [INFO] [root] Sistema de logging inicializado exitosamente.
[2026-06-01 13:57:03,953] [INFO] [root] Archivo Excel localizado en: C:\Users\dramos\Documents\Proyecto_CapturaBot\Optima_Capture_Bot.xlsx
[2026-06-01 13:57:03,953] [INFO] [root] Lanzando interfaz gráfica en CustomTkinter...
[2026-06-01 13:57:04,288] [INFO] [OptimaCaptureBot.GUI] Icono cargado exitosamente desde: C:\Users\dramos\Documents\Proyecto_CapturaBot\ico\cupture_bot.ico
[2026-06-01 13:57:20,588] [INFO] [root] Aplicación cerrada de forma limpia.
[2026-06-01 14:26:32,656] [INFO] [root] Sistema de logging inicializado exitosamente.
[2026-06-01 14:26:32,657] [INFO] [root] Archivo Excel localizado en: C:\Users\dramos\Documents\Proyecto_CapturaBot\Optima_Capture_Bot.xlsx
[2026-06-01 14:26:32,658] [INFO] [root] Lanzando interfaz gráfica en CustomTkinter...
[2026-06-01 14:26:33,377] [INFO] [OptimaCaptureBot.GUI] Icono cargado exitosamente desde: C:\Users\dramos\Documents\Proyecto_CapturaBot\ico\cupture_bot.ico
[2026-06-01 14:26:45,479] [INFO] [root] Aplicación cerrada de forma limpia.
[2026-06-01 14:29:13,605] [INFO] [root] Sistema de logging inicializado exitosamente.
[2026-06-01 14:29:13,606] [INFO] [root] Archivo Excel localizado en: C:\Users\dramos\Documents\Proyecto_CapturaBot\Optima_Capture_Bot.xlsx
[2026-06-01 14:29:13,606] [INFO] [root] Lanzando interfaz gráfica en CustomTkinter...
[2026-06-01 14:29:14,018] [INFO] [OptimaCaptureBot.GUI] Icono cargado exitosamente desde: C:\Users\dramos\Documents\Proyecto_CapturaBot\ico\cupture_bot.ico
[2026-06-01 14:29:23,402] [INFO] [root] Aplicación cerrada de forma limpia.
[2026-06-01 15:20:24,630] [INFO] [root] Sistema de logging inicializado exitosamente.
[2026-06-01 15:20:24,631] [INFO] [root] Archivo Excel localizado en: C:\Users\dramos\Documents\Proyecto_CapturaBot\Optima_Capture_Bot.xlsx
[2026-06-01 15:20:24,631] [INFO] [root] Lanzando interfaz gráfica en CustomTkinter...
[2026-06-01 15:20:25,012] [INFO] [OptimaCaptureBot.GUI] Icono cargado exitosamente desde: C:\Users\dramos\Documents\Proyecto_CapturaBot\ico\cupture_bot.ico
[2026-06-01 15:20:30,432] [INFO] [root] Aplicación cerrada de forma limpia.
[2026-06-01 15:33:07,797] [INFO] [root] Sistema de logging inicializado exitosamente.
[2026-06-01 15:33:07,797] [INFO] [root] Archivo Excel localizado en: C:\Users\dramos\Documents\Proyecto_CapturaBot\Optima_Capture_Bot.xlsx
[2026-06-01 15:33:07,798] [INFO] [root] Lanzando interfaz gráfica en CustomTkinter...
[2026-06-01 15:33:08,222] [INFO] [OptimaCaptureBot.GUI] Icono cargado exitosamente desde: C:\Users\dramos\Documents\Proyecto_CapturaBot\ico\cupture_bot.ico
[2026-06-01 15:33:16,275] [INFO] [root] Aplicación cerrada de forma limpia.
[2026-06-01 16:13:38,141] [INFO] [root] Sistema de logging inicializado exitosamente.
[2026-06-01 16:13:38,143] [INFO] [root] Archivo Excel localizado en: C:\Users\dramos\Documents\Proyecto_CapturaBot\Optima_Capture_Bot.xlsx
[2026-06-01 16:13:38,143] [INFO] [root] Lanzando interfaz gráfica en CustomTkinter...
[2026-06-01 16:13:38,506] [INFO] [OptimaCaptureBot.GUI] Icono cargado exitosamente desde: C:\Users\dramos\Documents\Proyecto_CapturaBot\ico\cupture_bot.ico
[2026-06-01 16:13:49,218] [INFO] [root] Aplicación cerrada de forma limpia.
[2026-06-01 16:45:23,616] [INFO] [root] Sistema de logging inicializado exitosamente.
[2026-06-01 16:45:23,617] [INFO] [root] Archivo Excel localizado en: C:\Users\dramos\Documents\Proyecto_CapturaBot\Optima_Capture_Bot.xlsx
[2026-06-01 16:45:23,617] [INFO] [root] Lanzando interfaz gráfica en CustomTkinter...
[2026-06-01 16:45:24,049] [INFO] [OptimaCaptureBot.GUI] Icono cargado exitosamente desde: C:\Users\dramos\Documents\Proyecto_CapturaBot\ico\cupture_bot.ico
[2026-06-01 16:45:32,433] [INFO] [root] Aplicación cerrada de forma limpia.
[2026-06-01 17:14:57,864] [INFO] [root] Sistema de logging inicializado exitosamente.
[2026-06-01 17:14:57,865] [INFO] [root] Archivo Excel localizado en: C:\Users\dramos\Documents\Proyecto_CapturaBot\Optima_Capture_Bot.xlsx
[2026-06-01 17:14:57,866] [INFO] [root] Lanzando interfaz gráfica en CustomTkinter...
[2026-06-01 17:14:58,621] [INFO] [OptimaCaptureBot.GUI] Icono cargado exitosamente desde: C:\Users\dramos\Documents\Proyecto_CapturaBot\ico\cupture_bot.ico
[2026-06-01 17:16:01,050] [INFO] [root] Sistema de logging inicializado exitosamente.
[2026-06-01 17:16:01,051] [INFO] [root] Archivo Excel localizado en: C:\Users\dramos\Documents\Proyecto_CapturaBot\Optima_Capture_Bot.xlsx
[2026-06-01 17:16:01,051] [INFO] [root] Lanzando interfaz gráfica en CustomTkinter...
[2026-06-01 17:16:01,491] [INFO] [OptimaCaptureBot.GUI] Icono cargado exitosamente desde: C:\Users\dramos\Documents\Proyecto_CapturaBot\ico\cupture_bot.ico
[2026-06-01 17:16:26,533] [INFO] [root] Aplicación cerrada de forma limpia.
[2026-06-01 17:16:45,395] [INFO] [root] Sistema de logging inicializado exitosamente.
[2026-06-01 17:16:45,396] [INFO] [root] Archivo Excel localizado en: C:\Users\dramos\Documents\Proyecto_CapturaBot\Optima_Capture_Bot.xlsx
[2026-06-01 17:16:45,397] [INFO] [root] Lanzando interfaz gráfica en CustomTkinter...
[2026-06-01 17:16:45,735] [INFO] [OptimaCaptureBot.GUI] Icono cargado exitosamente desde: C:\Users\dramos\Documents\Proyecto_CapturaBot\ico\cupture_bot.ico
[2026-06-01 17:17:13,339] [INFO] [OptimaCaptureBot.Orchestrator] Iniciando orquestador operativo...
[2026-06-01 17:17:13,340] [INFO] [OptimaCaptureBot.Orchestrator] Cargando catálogo de RFC y registros del Excel...
[2026-06-01 17:17:18,501] [INFO] [OptimaCaptureBot.ExcelHandler] Cargados 64 registros desde Control_Referencias
[2026-06-01 17:17:18,501] [INFO] [OptimaCaptureBot.Orchestrator] Catálogo RFC: CIN010904D31 (CADU INMOBILIARIA)
[2026-06-01 17:17:18,501] [INFO] [OptimaCaptureBot.Orchestrator] Total registros cargados de Excel: 64
[2026-06-01 17:17:18,502] [INFO] [OptimaCaptureBot.Orchestrator] Ejecutando depuración previa y detección de duplicados locales...
[2026-06-01 17:17:18,563] [INFO] [OptimaCaptureBot.ExcelHandler] Copia de seguridad creada en C:\Users\dramos\Documents\Proyecto_CapturaBot\temp\Optima_Capture_Bot.xlsx.bak
[2026-06-01 17:17:18,825] [INFO] [OptimaCaptureBot.ExcelHandler] Fila 58 de Excel actualizada exitosamente a estado: VALIDADO
[2026-06-01 17:17:18,929] [INFO] [OptimaCaptureBot.ExcelHandler] Copia de seguridad creada en C:\Users\dramos\Documents\Proyecto_CapturaBot\temp\Optima_Capture_Bot.xlsx.bak
[2026-06-01 17:17:19,129] [INFO] [OptimaCaptureBot.ExcelHandler] Fila 59 de Excel actualizada exitosamente a estado: VALIDADO
[2026-06-01 17:17:19,228] [INFO] [OptimaCaptureBot.ExcelHandler] Copia de seguridad creada en C:\Users\dramos\Documents\Proyecto_CapturaBot\temp\Optima_Capture_Bot.xlsx.bak
[2026-06-01 17:17:19,448] [INFO] [OptimaCaptureBot.ExcelHandler] Fila 60 de Excel actualizada exitosamente a estado: VALIDADO
[2026-06-01 17:17:19,453] [INFO] [OptimaCaptureBot.ExcelHandler] Copia de seguridad creada en C:\Users\dramos\Documents\Proyecto_CapturaBot\temp\Optima_Capture_Bot.xlsx.bak
[2026-06-01 17:17:19,565] [INFO] [OptimaCaptureBot.ExcelHandler] Fila 61 de Excel actualizada exitosamente a estado: VALIDADO
[2026-06-01 17:17:19,571] [INFO] [OptimaCaptureBot.ExcelHandler] Copia de seguridad creada en C:\Users\dramos\Documents\Proyecto_CapturaBot\temp\Optima_Capture_Bot.xlsx.bak
[2026-06-01 17:17:19,698] [INFO] [OptimaCaptureBot.ExcelHandler] Fila 62 de Excel actualizada exitosamente a estado: VALIDADO
[2026-06-01 17:17:19,708] [INFO] [OptimaCaptureBot.ExcelHandler] Copia de seguridad creada en C:\Users\dramos\Documents\Proyecto_CapturaBot\temp\Optima_Capture_Bot.xlsx.bak
[2026-06-01 17:17:19,824] [INFO] [OptimaCaptureBot.ExcelHandler] Fila 63 de Excel actualizada exitosamente a estado: VALIDADO
[2026-06-01 17:17:19,828] [INFO] [OptimaCaptureBot.ExcelHandler] Copia de seguridad creada en C:\Users\dramos\Documents\Proyecto_CapturaBot\temp\Optima_Capture_Bot.xlsx.bak
[2026-06-01 17:17:19,948] [INFO] [OptimaCaptureBot.ExcelHandler] Fila 64 de Excel actualizada exitosamente a estado: VALIDADO
[2026-06-01 17:17:19,953] [INFO] [OptimaCaptureBot.ExcelHandler] Copia de seguridad creada en C:\Users\dramos\Documents\Proyecto_CapturaBot\temp\Optima_Capture_Bot.xlsx.bak
[2026-06-01 17:17:20,070] [INFO] [OptimaCaptureBot.ExcelHandler] Fila 65 de Excel actualizada exitosamente a estado: VALIDADO
[2026-06-01 17:17:20,070] [INFO] [OptimaCaptureBot.Orchestrator] Depuración previa completada de forma segura.
[2026-06-01 17:17:20,070] [INFO] [OptimaCaptureBot.Orchestrator] Iniciando navegador Playwright...
[2026-06-01 17:17:20,073] [INFO] [OptimaCaptureBot.Scraper] Iniciando Playwright...
[2026-06-01 17:17:22,049] [INFO] [OptimaCaptureBot.Scraper] Usando perfil persistente de Chrome en: C:\Users\dramos\Documents\Proyecto_CapturaBot\temp\perfil_bot
[2026-06-01 17:17:23,982] [INFO] [OptimaCaptureBot.Scraper] Navegando a la URL del SATQ: https://satq.qroo.gob.mx/paperless/timbrador.html
[2026-06-01 17:17:25,590] [INFO] [OptimaCaptureBot.Scraper] Portal cargado exitosamente.
[2026-06-01 17:17:25,591] [INFO] [OptimaCaptureBot.Orchestrator] No se requiere inicio de sesión manual. Continuando con el proceso.
[2026-06-01 17:17:25,592] [INFO] [OptimaCaptureBot.Orchestrator] Procesando Fila 58: [Referencia: 70027100199764812] en carpeta Lote_1
[2026-06-01 17:17:25,605] [INFO] [OptimaCaptureBot.ExcelHandler] Copia de seguridad creada en C:\Users\dramos\Documents\Proyecto_CapturaBot\temp\Optima_Capture_Bot.xlsx.bak
[2026-06-01 17:17:25,824] [INFO] [OptimaCaptureBot.ExcelHandler] Fila 58 de Excel actualizada exitosamente a estado: EN_PROCESO
[2026-06-01 17:17:25,826] [INFO] [OptimaCaptureBot.Scraper] Iniciando consulta automatizada para referencia: 70027100199764812 (RFC: CIN010904D31)
[2026-06-01 17:17:34,448] [INFO] [OptimaCaptureBot.Scraper] Botón Buscar pulsado, esperando resultados...
[2026-06-01 17:17:36,631] [INFO] [OptimaCaptureBot.Scraper] Clic en Generar CFDI ejecutado.
[2026-06-01 17:17:39,034] [INFO] [OptimaCaptureBot.Scraper] Razón Social establecida: 'CADU INMOBILIARIA'
[2026-06-01 17:17:39,326] [INFO] [OptimaCaptureBot.Scraper] Código Postal establecido: '77503'
[2026-06-01 17:17:39,326] [INFO] [OptimaCaptureBot.Scraper] Datos de validación rellenados y verificados.
[2026-06-01 17:17:40,568] [INFO] [OptimaCaptureBot.Scraper] [VALIDACIÓN] Campos listos. Revise en Chrome antes de timbrar:
  · Razón Social → 'CADU INMOBILIARIA'
  · Código Postal → '77503'
Haga clic en 'Aprobar Timbrado' en la aplicación para continuar.
[2026-06-01 17:17:40,569] [WARNING] [OptimaCaptureBot.Orchestrator] [AUTÓNOMO] ✓ Timbrado aprobado automáticamente. Razón Social='CADU INMOBILIARIA' | CP='77503'
[2026-06-01 17:17:40,574] [INFO] [OptimaCaptureBot.Scraper] [VALIDACIÓN] Aprobado por el operador. Procediendo a timbrar...
[2026-06-01 17:17:40,652] [INFO] [OptimaCaptureBot.Scraper] Clic en Timbrar ejecutado.
[2026-06-01 17:17:44,070] [INFO] [OptimaCaptureBot.ExcelHandler] Copia de seguridad creada en C:\Users\dramos\Documents\Proyecto_CapturaBot\temp\Optima_Capture_Bot.xlsx.bak
[2026-06-01 17:17:44,331] [INFO] [OptimaCaptureBot.ExcelHandler] Fila 58 de Excel actualizada exitosamente a estado: OK-GENERADA
[2026-06-01 17:17:44,332] [ERROR] [OptimaCaptureBot.Orchestrator] Referencia 70027100199764812 falló: None
[2026-06-01 17:17:44,332] [INFO] [OptimaCaptureBot.Orchestrator] Procesando Fila 59: [Referencia: 70027100219764834] en carpeta Lote_1
[2026-06-01 17:17:44,436] [INFO] [OptimaCaptureBot.ExcelHandler] Copia de seguridad creada en C:\Users\dramos\Documents\Proyecto_CapturaBot\temp\Optima_Capture_Bot.xlsx.bak
[2026-06-01 17:17:44,669] [INFO] [OptimaCaptureBot.ExcelHandler] Fila 59 de Excel actualizada exitosamente a estado: EN_PROCESO
[2026-06-01 17:17:44,671] [INFO] [OptimaCaptureBot.Scraper] Iniciando consulta automatizada para referencia: 70027100219764834 (RFC: CIN010904D31)
[2026-06-01 17:17:53,624] [INFO] [OptimaCaptureBot.Scraper] Botón Buscar pulsado, esperando resultados...
[2026-06-01 17:17:55,859] [INFO] [OptimaCaptureBot.Scraper] Clic en Generar CFDI ejecutado.
[2026-06-01 17:17:58,279] [INFO] [OptimaCaptureBot.Scraper] Razón Social establecida: 'CADU INMOBILIARIA'
[2026-06-01 17:17:58,889] [INFO] [OptimaCaptureBot.Scraper] Código Postal establecido: '77503'
[2026-06-01 17:17:58,890] [INFO] [OptimaCaptureBot.Scraper] Datos de validación rellenados y verificados.
[2026-06-01 17:18:00,583] [INFO] [OptimaCaptureBot.Scraper] [VALIDACIÓN] Campos listos. Revise en Chrome antes de timbrar:
  · Razón Social → 'CADU INMOBILIARIA'
  · Código Postal → '77503'
Haga clic en 'Aprobar Timbrado' en la aplicación para continuar.
[2026-06-01 17:18:00,587] [WARNING] [OptimaCaptureBot.Orchestrator] [AUTÓNOMO] ✓ Timbrado aprobado automáticamente. Razón Social='CADU INMOBILIARIA' | CP='77503'
[2026-06-01 17:18:00,595] [INFO] [OptimaCaptureBot.Scraper] [VALIDACIÓN] Aprobado por el operador. Procediendo a timbrar...
[2026-06-01 17:18:00,712] [INFO] [OptimaCaptureBot.Scraper] Clic en Timbrar ejecutado.
[2026-06-01 17:18:04,164] [INFO] [OptimaCaptureBot.ExcelHandler] Copia de seguridad creada en C:\Users\dramos\Documents\Proyecto_CapturaBot\temp\Optima_Capture_Bot.xlsx.bak
[2026-06-01 17:18:04,748] [INFO] [OptimaCaptureBot.ExcelHandler] Fila 59 de Excel actualizada exitosamente a estado: OK-GENERADA
[2026-06-01 17:18:04,749] [ERROR] [OptimaCaptureBot.Orchestrator] Referencia 70027100219764834 falló: None
[2026-06-01 17:18:04,750] [INFO] [OptimaCaptureBot.Orchestrator] Procesando Fila 60: [Referencia: 70027100239764856] en carpeta Lote_1
[2026-06-01 17:18:04,876] [INFO] [OptimaCaptureBot.ExcelHandler] Copia de seguridad creada en C:\Users\dramos\Documents\Proyecto_CapturaBot\temp\Optima_Capture_Bot.xlsx.bak
[2026-06-01 17:18:05,107] [INFO] [OptimaCaptureBot.ExcelHandler] Fila 60 de Excel actualizada exitosamente a estado: EN_PROCESO
[2026-06-01 17:18:05,110] [INFO] [OptimaCaptureBot.Scraper] Iniciando consulta automatizada para referencia: 70027100239764856 (RFC: CIN010904D31)
[2026-06-01 17:18:14,617] [INFO] [OptimaCaptureBot.Scraper] Botón Buscar pulsado, esperando resultados...
[2026-06-01 17:18:16,810] [INFO] [OptimaCaptureBot.Scraper] Clic en Generar CFDI ejecutado.
[2026-06-01 17:18:18,927] [INFO] [OptimaCaptureBot.Scraper] Razón Social establecida: 'CADU INMOBILIARIA'
[2026-06-01 17:18:19,391] [INFO] [OptimaCaptureBot.Scraper] Código Postal establecido: '77503'
[2026-06-01 17:18:19,392] [INFO] [OptimaCaptureBot.Scraper] Datos de validación rellenados y verificados.
[2026-06-01 17:18:20,890] [INFO] [OptimaCaptureBot.Scraper] [VALIDACIÓN] Campos listos. Revise en Chrome antes de timbrar:
  · Razón Social → 'CADU INMOBILIARIA'
  · Código Postal → '77503'
Haga clic en 'Aprobar Timbrado' en la aplicación para continuar.
[2026-06-01 17:18:20,894] [WARNING] [OptimaCaptureBot.Orchestrator] [AUTÓNOMO] ✓ Timbrado aprobado automáticamente. Razón Social='CADU INMOBILIARIA' | CP='77503'
[2026-06-01 17:18:20,904] [INFO] [OptimaCaptureBot.Scraper] [VALIDACIÓN] Aprobado por el operador. Procediendo a timbrar...
[2026-06-01 17:18:21,107] [INFO] [OptimaCaptureBot.Scraper] Clic en Timbrar ejecutado.
[2026-06-01 17:18:24,884] [INFO] [OptimaCaptureBot.ExcelHandler] Copia de seguridad creada en C:\Users\dramos\Documents\Proyecto_CapturaBot\temp\Optima_Capture_Bot.xlsx.bak
[2026-06-01 17:18:25,220] [INFO] [OptimaCaptureBot.ExcelHandler] Fila 60 de Excel actualizada exitosamente a estado: OK-GENERADA
[2026-06-01 17:18:25,220] [ERROR] [OptimaCaptureBot.Orchestrator] Referencia 70027100239764856 falló: None
[2026-06-01 17:18:25,220] [INFO] [OptimaCaptureBot.Orchestrator] Procesando Fila 61: [Referencia: 70027100269764889] en carpeta Lote_1
[2026-06-01 17:18:25,333] [INFO] [OptimaCaptureBot.ExcelHandler] Copia de seguridad creada en C:\Users\dramos\Documents\Proyecto_CapturaBot\temp\Optima_Capture_Bot.xlsx.bak
[2026-06-01 17:18:25,555] [INFO] [OptimaCaptureBot.ExcelHandler] Fila 61 de Excel actualizada exitosamente a estado: EN_PROCESO
[2026-06-01 17:18:25,557] [INFO] [OptimaCaptureBot.Scraper] Iniciando consulta automatizada para referencia: 70027100269764889 (RFC: CIN010904D31)
[2026-06-01 17:18:34,430] [INFO] [OptimaCaptureBot.Scraper] Botón Buscar pulsado, esperando resultados...
[2026-06-01 17:18:36,701] [INFO] [OptimaCaptureBot.Scraper] Clic en Generar CFDI ejecutado.
[2026-06-01 17:18:39,357] [INFO] [OptimaCaptureBot.Scraper] Razón Social establecida: 'CADU INMOBILIARIA'
[2026-06-01 17:18:39,851] [INFO] [OptimaCaptureBot.Scraper] Código Postal establecido: '77503'
[2026-06-01 17:18:39,852] [INFO] [OptimaCaptureBot.Scraper] Datos de validación rellenados y verificados.
[2026-06-01 17:18:41,099] [INFO] [OptimaCaptureBot.Scraper] [VALIDACIÓN] Campos listos. Revise en Chrome antes de timbrar:
  · Razón Social → 'CADU INMOBILIARIA'
  · Código Postal → '77503'
Haga clic en 'Aprobar Timbrado' en la aplicación para continuar.
[2026-06-01 17:18:41,104] [WARNING] [OptimaCaptureBot.Orchestrator] [AUTÓNOMO] ✓ Timbrado aprobado automáticamente. Razón Social='CADU INMOBILIARIA' | CP='77503'
[2026-06-01 17:18:41,113] [INFO] [OptimaCaptureBot.Scraper] [VALIDACIÓN] Aprobado por el operador. Procediendo a timbrar...
[2026-06-01 17:18:41,258] [INFO] [OptimaCaptureBot.Scraper] Clic en Timbrar ejecutado.
[2026-06-01 17:18:44,832] [INFO] [OptimaCaptureBot.ExcelHandler] Copia de seguridad creada en C:\Users\dramos\Documents\Proyecto_CapturaBot\temp\Optima_Capture_Bot.xlsx.bak
[2026-06-01 17:18:45,061] [INFO] [OptimaCaptureBot.ExcelHandler] Fila 61 de Excel actualizada exitosamente a estado: OK-GENERADA
[2026-06-01 17:18:45,061] [ERROR] [OptimaCaptureBot.Orchestrator] Referencia 70027100269764889 falló: None
[2026-06-01 17:18:45,061] [INFO] [OptimaCaptureBot.Orchestrator] Procesando Fila 62: [Referencia: 70027100279764803] en carpeta Lote_1
[2026-06-01 17:18:45,155] [INFO] [OptimaCaptureBot.ExcelHandler] Copia de seguridad creada en C:\Users\dramos\Documents\Proyecto_CapturaBot\temp\Optima_Capture_Bot.xlsx.bak
[2026-06-01 17:18:45,504] [INFO] [OptimaCaptureBot.ExcelHandler] Fila 62 de Excel actualizada exitosamente a estado: EN_PROCESO
[2026-06-01 17:18:45,506] [INFO] [OptimaCaptureBot.Scraper] Iniciando consulta automatizada para referencia: 70027100279764803 (RFC: CIN010904D31)
[2026-06-01 17:18:54,410] [INFO] [OptimaCaptureBot.Scraper] Botón Buscar pulsado, esperando resultados...
[2026-06-01 17:18:56,666] [INFO] [OptimaCaptureBot.Scraper] Clic en Generar CFDI ejecutado.
[2026-06-01 17:18:59,249] [INFO] [OptimaCaptureBot.Scraper] Razón Social establecida: 'CADU INMOBILIARIA'
[2026-06-01 17:18:59,764] [INFO] [OptimaCaptureBot.Scraper] Código Postal establecido: '77503'
[2026-06-01 17:18:59,767] [INFO] [OptimaCaptureBot.Scraper] Datos de validación rellenados y verificados.
[2026-06-01 17:19:01,237] [INFO] [OptimaCaptureBot.Scraper] [VALIDACIÓN] Campos listos. Revise en Chrome antes de timbrar:
  · Razón Social → 'CADU INMOBILIARIA'
  · Código Postal → '77503'
Haga clic en 'Aprobar Timbrado' en la aplicación para continuar.
[2026-06-01 17:19:01,241] [WARNING] [OptimaCaptureBot.Orchestrator] [AUTÓNOMO] ✓ Timbrado aprobado automáticamente. Razón Social='CADU INMOBILIARIA' | CP='77503'
[2026-06-01 17:19:01,248] [INFO] [OptimaCaptureBot.Scraper] [VALIDACIÓN] Aprobado por el operador. Procediendo a timbrar...
[2026-06-01 17:19:01,437] [INFO] [OptimaCaptureBot.Scraper] Clic en Timbrar ejecutado.
[2026-06-01 17:19:04,958] [INFO] [OptimaCaptureBot.ExcelHandler] Copia de seguridad creada en C:\Users\dramos\Documents\Proyecto_CapturaBot\temp\Optima_Capture_Bot.xlsx.bak
[2026-06-01 17:19:05,418] [INFO] [OptimaCaptureBot.ExcelHandler] Fila 62 de Excel actualizada exitosamente a estado: OK-GENERADA
[2026-06-01 17:19:05,419] [ERROR] [OptimaCaptureBot.Orchestrator] Referencia 70027100279764803 falló: None
[2026-06-01 17:19:05,419] [INFO] [OptimaCaptureBot.Orchestrator] Procesando Fila 63: [Referencia: 70027100299764825] en carpeta Lote_1
[2026-06-01 17:19:05,516] [INFO] [OptimaCaptureBot.ExcelHandler] Copia de seguridad creada en C:\Users\dramos\Documents\Proyecto_CapturaBot\temp\Optima_Capture_Bot.xlsx.bak
[2026-06-01 17:19:05,740] [INFO] [OptimaCaptureBot.ExcelHandler] Fila 63 de Excel actualizada exitosamente a estado: EN_PROCESO
[2026-06-01 17:19:05,743] [INFO] [OptimaCaptureBot.Scraper] Iniciando consulta automatizada para referencia: 70027100299764825 (RFC: CIN010904D31)
[2026-06-01 17:19:15,283] [INFO] [OptimaCaptureBot.Scraper] Botón Buscar pulsado, esperando resultados...
[2026-06-01 17:19:17,548] [INFO] [OptimaCaptureBot.Scraper] Clic en Generar CFDI ejecutado.
[2026-06-01 17:19:19,918] [INFO] [OptimaCaptureBot.Scraper] Razón Social establecida: 'CADU INMOBILIARIA'
[2026-06-01 17:19:20,385] [INFO] [OptimaCaptureBot.Scraper] Código Postal establecido: '77503'
[2026-06-01 17:19:20,387] [INFO] [OptimaCaptureBot.Scraper] Datos de validación rellenados y verificados.
[2026-06-01 17:19:21,578] [INFO] [OptimaCaptureBot.Scraper] [VALIDACIÓN] Campos listos. Revise en Chrome antes de timbrar:
  · Razón Social → 'CADU INMOBILIARIA'
  · Código Postal → '77503'
Haga clic en 'Aprobar Timbrado' en la aplicación para continuar.
[2026-06-01 17:19:21,582] [WARNING] [OptimaCaptureBot.Orchestrator] [AUTÓNOMO] ✓ Timbrado aprobado automáticamente. Razón Social='CADU INMOBILIARIA' | CP='77503'
[2026-06-01 17:19:21,590] [INFO] [OptimaCaptureBot.Scraper] [VALIDACIÓN] Aprobado por el operador. Procediendo a timbrar...
[2026-06-01 17:19:21,730] [INFO] [OptimaCaptureBot.Scraper] Clic en Timbrar ejecutado.
[2026-06-01 17:19:24,297] [INFO] [OptimaCaptureBot.ExcelHandler] Copia de seguridad creada en C:\Users\dramos\Documents\Proyecto_CapturaBot\temp\Optima_Capture_Bot.xlsx.bak
[2026-06-01 17:19:24,540] [INFO] [OptimaCaptureBot.ExcelHandler] Fila 63 de Excel actualizada exitosamente a estado: OK-GENERADA
[2026-06-01 17:19:24,541] [ERROR] [OptimaCaptureBot.Orchestrator] Referencia 70027100299764825 falló: None
[2026-06-01 17:19:24,542] [INFO] [OptimaCaptureBot.Orchestrator] Procesando Fila 64: [Referencia: 70027100319764847] en carpeta Lote_1
[2026-06-01 17:19:24,657] [INFO] [OptimaCaptureBot.ExcelHandler] Copia de seguridad creada en C:\Users\dramos\Documents\Proyecto_CapturaBot\temp\Optima_Capture_Bot.xlsx.bak
[2026-06-01 17:19:24,875] [INFO] [OptimaCaptureBot.ExcelHandler] Fila 64 de Excel actualizada exitosamente a estado: EN_PROCESO
[2026-06-01 17:19:24,878] [INFO] [OptimaCaptureBot.Scraper] Iniciando consulta automatizada para referencia: 70027100319764847 (RFC: CIN010904D31)
[2026-06-01 17:19:33,655] [INFO] [OptimaCaptureBot.Scraper] Botón Buscar pulsado, esperando resultados...
[2026-06-01 17:19:35,939] [INFO] [OptimaCaptureBot.Scraper] Clic en Generar CFDI ejecutado.
[2026-06-01 17:19:38,345] [INFO] [OptimaCaptureBot.Scraper] Razón Social establecida: 'CADU INMOBILIARIA'
[2026-06-01 17:19:38,797] [INFO] [OptimaCaptureBot.Scraper] Código Postal establecido: '77503'
[2026-06-01 17:19:38,798] [INFO] [OptimaCaptureBot.Scraper] Datos de validación rellenados y verificados.
[2026-06-01 17:19:40,432] [INFO] [OptimaCaptureBot.Scraper] [VALIDACIÓN] Campos listos. Revise en Chrome antes de timbrar:
  · Razón Social → 'CADU INMOBILIARIA'
  · Código Postal → '77503'
Haga clic en 'Aprobar Timbrado' en la aplicación para continuar.
[2026-06-01 17:19:40,434] [WARNING] [OptimaCaptureBot.Orchestrator] [AUTÓNOMO] ✓ Timbrado aprobado automáticamente. Razón Social='CADU INMOBILIARIA' | CP='77503'
[2026-06-01 17:19:40,438] [INFO] [OptimaCaptureBot.Scraper] [VALIDACIÓN] Aprobado por el operador. Procediendo a timbrar...
[2026-06-01 17:19:40,518] [INFO] [OptimaCaptureBot.Scraper] Clic en Timbrar ejecutado.
[2026-06-01 17:19:43,594] [INFO] [OptimaCaptureBot.ExcelHandler] Copia de seguridad creada en C:\Users\dramos\Documents\Proyecto_CapturaBot\temp\Optima_Capture_Bot.xlsx.bak
[2026-06-01 17:19:43,871] [INFO] [OptimaCaptureBot.ExcelHandler] Fila 64 de Excel actualizada exitosamente a estado: OK-GENERADA
[2026-06-01 17:19:43,872] [ERROR] [OptimaCaptureBot.Orchestrator] Referencia 70027100319764847 falló: None
[2026-06-01 17:19:43,872] [INFO] [OptimaCaptureBot.Orchestrator] Procesando Fila 65: [Referencia: 70027100339764869] en carpeta Lote_1
[2026-06-01 17:19:43,985] [INFO] [OptimaCaptureBot.ExcelHandler] Copia de seguridad creada en C:\Users\dramos\Documents\Proyecto_CapturaBot\temp\Optima_Capture_Bot.xlsx.bak
[2026-06-01 17:19:44,240] [INFO] [OptimaCaptureBot.ExcelHandler] Fila 65 de Excel actualizada exitosamente a estado: EN_PROCESO
[2026-06-01 17:19:44,242] [INFO] [OptimaCaptureBot.Scraper] Iniciando consulta automatizada para referencia: 70027100339764869 (RFC: CIN010904D31)
[2026-06-01 17:19:53,164] [INFO] [OptimaCaptureBot.Scraper] Botón Buscar pulsado, esperando resultados...
[2026-06-01 17:19:55,441] [INFO] [OptimaCaptureBot.Scraper] Clic en Generar CFDI ejecutado.
[2026-06-01 17:19:58,381] [INFO] [OptimaCaptureBot.Scraper] Razón Social establecida: 'CADU INMOBILIARIA'
[2026-06-01 17:19:58,789] [INFO] [OptimaCaptureBot.Scraper] Código Postal establecido: '77503'
[2026-06-01 17:19:58,790] [INFO] [OptimaCaptureBot.Scraper] Datos de validación rellenados y verificados.
[2026-06-01 17:20:00,132] [INFO] [OptimaCaptureBot.Scraper] [VALIDACIÓN] Campos listos. Revise en Chrome antes de timbrar:
  · Razón Social → 'CADU INMOBILIARIA'
  · Código Postal → '77503'
Haga clic en 'Aprobar Timbrado' en la aplicación para continuar.
[2026-06-01 17:20:00,134] [WARNING] [OptimaCaptureBot.Orchestrator] [AUTÓNOMO] ✓ Timbrado aprobado automáticamente. Razón Social='CADU INMOBILIARIA' | CP='77503'
[2026-06-01 17:20:00,138] [INFO] [OptimaCaptureBot.Scraper] [VALIDACIÓN] Aprobado por el operador. Procediendo a timbrar...
[2026-06-01 17:20:00,227] [INFO] [OptimaCaptureBot.Scraper] Clic en Timbrar ejecutado.
[2026-06-01 17:20:03,104] [INFO] [OptimaCaptureBot.ExcelHandler] Copia de seguridad creada en C:\Users\dramos\Documents\Proyecto_CapturaBot\temp\Optima_Capture_Bot.xlsx.bak
[2026-06-01 17:20:03,464] [INFO] [OptimaCaptureBot.ExcelHandler] Fila 65 de Excel actualizada exitosamente a estado: OK-GENERADA
[2026-06-01 17:20:03,465] [ERROR] [OptimaCaptureBot.Orchestrator] Referencia 70027100339764869 falló: None
[2026-06-01 17:20:03,465] [INFO] [OptimaCaptureBot.Orchestrator] Procesamiento de registros completado.
[2026-06-01 17:20:03,465] [INFO] [OptimaCaptureBot.Orchestrator] El navegador permanece abierto. Ciérrelo manualmente cuando lo desee.
[2026-06-01 17:20:03,466] [INFO] [OptimaCaptureBot.Orchestrator] Orquestador finalizado de forma ordenada.
[2026-06-01 17:24:12,669] [INFO] [OptimaCaptureBot.Orchestrator] Iniciando orquestador operativo...
[2026-06-01 17:24:12,670] [INFO] [OptimaCaptureBot.Orchestrator] Cargando catálogo de RFC y registros del Excel...
[2026-06-01 17:24:15,332] [INFO] [OptimaCaptureBot.ExcelHandler] Cargados 8 registros desde Control_Referencias
[2026-06-01 17:24:15,332] [INFO] [OptimaCaptureBot.Orchestrator] Catálogo RFC: CIN010904D31 (CADU INMOBILIARIA)
[2026-06-01 17:24:15,333] [INFO] [OptimaCaptureBot.Orchestrator] Total registros cargados de Excel: 8
[2026-06-01 17:24:15,333] [INFO] [OptimaCaptureBot.Orchestrator] Ejecutando depuración previa y detección de duplicados locales...
[2026-06-01 17:24:15,339] [INFO] [OptimaCaptureBot.ExcelHandler] Copia de seguridad creada en C:\Users\dramos\Documents\Proyecto_CapturaBot\temp\Optima_Capture_Bot.xlsx.bak
[2026-06-01 17:24:15,542] [INFO] [OptimaCaptureBot.ExcelHandler] Fila 2 de Excel actualizada exitosamente a estado: VALIDADO
[2026-06-01 17:24:15,642] [INFO] [OptimaCaptureBot.ExcelHandler] Copia de seguridad creada en C:\Users\dramos\Documents\Proyecto_CapturaBot\temp\Optima_Capture_Bot.xlsx.bak
[2026-06-01 17:24:15,833] [INFO] [OptimaCaptureBot.ExcelHandler] Fila 3 de Excel actualizada exitosamente a estado: VALIDADO
[2026-06-01 17:24:15,932] [INFO] [OptimaCaptureBot.ExcelHandler] Copia de seguridad creada en C:\Users\dramos\Documents\Proyecto_CapturaBot\temp\Optima_Capture_Bot.xlsx.bak
[2026-06-01 17:24:16,128] [INFO] [OptimaCaptureBot.ExcelHandler] Fila 4 de Excel actualizada exitosamente a estado: VALIDADO
[2026-06-01 17:24:16,132] [INFO] [OptimaCaptureBot.ExcelHandler] Copia de seguridad creada en C:\Users\dramos\Documents\Proyecto_CapturaBot\temp\Optima_Capture_Bot.xlsx.bak
[2026-06-01 17:24:16,227] [INFO] [OptimaCaptureBot.ExcelHandler] Fila 5 de Excel actualizada exitosamente a estado: VALIDADO
[2026-06-01 17:24:16,231] [INFO] [OptimaCaptureBot.ExcelHandler] Copia de seguridad creada en C:\Users\dramos\Documents\Proyecto_CapturaBot\temp\Optima_Capture_Bot.xlsx.bak
[2026-06-01 17:24:16,324] [INFO] [OptimaCaptureBot.ExcelHandler] Fila 6 de Excel actualizada exitosamente a estado: VALIDADO
[2026-06-01 17:24:16,329] [INFO] [OptimaCaptureBot.ExcelHandler] Copia de seguridad creada en C:\Users\dramos\Documents\Proyecto_CapturaBot\temp\Optima_Capture_Bot.xlsx.bak
[2026-06-01 17:24:16,431] [INFO] [OptimaCaptureBot.ExcelHandler] Fila 7 de Excel actualizada exitosamente a estado: VALIDADO
[2026-06-01 17:24:16,436] [INFO] [OptimaCaptureBot.ExcelHandler] Copia de seguridad creada en C:\Users\dramos\Documents\Proyecto_CapturaBot\temp\Optima_Capture_Bot.xlsx.bak
[2026-06-01 17:24:16,523] [INFO] [OptimaCaptureBot.ExcelHandler] Fila 8 de Excel actualizada exitosamente a estado: VALIDADO
[2026-06-01 17:24:16,526] [INFO] [OptimaCaptureBot.ExcelHandler] Copia de seguridad creada en C:\Users\dramos\Documents\Proyecto_CapturaBot\temp\Optima_Capture_Bot.xlsx.bak
[2026-06-01 17:24:16,714] [INFO] [OptimaCaptureBot.ExcelHandler] Fila 9 de Excel actualizada exitosamente a estado: VALIDADO
[2026-06-01 17:24:16,720] [INFO] [OptimaCaptureBot.Orchestrator] Depuración previa completada de forma segura.
[2026-06-01 17:24:16,725] [INFO] [OptimaCaptureBot.Orchestrator] Iniciando navegador Playwright...
[2026-06-01 17:24:16,734] [INFO] [OptimaCaptureBot.Scraper] Iniciando Playwright...
[2026-06-01 17:24:17,500] [INFO] [OptimaCaptureBot.Scraper] Usando perfil persistente de Chrome en: C:\Users\dramos\Documents\Proyecto_CapturaBot\temp\perfil_bot
[2026-06-01 17:24:18,507] [WARNING] [OptimaCaptureBot.Scraper] Google Chrome real no detectado o falló al iniciar: BrowserType.launch_persistent_context: Target page, context or browser has been closed
Browser logs:

<launching> C:\Program Files\Google\Chrome\Application\chrome.exe --disable-field-trial-config --disable-background-networking --disable-background-timer-throttling --disable-backgrounding-occluded-windows --disable-back-forward-cache --disable-breakpad --disable-client-side-phishing-detection --disable-component-extensions-with-background-pages --disable-component-update --no-default-browser-check --disable-default-apps --disable-dev-shm-usage --disable-edgeupdater --disable-extensions --disable-features=AvoidUnnecessaryBeforeUnloadCheckSync,BoundaryEventDispatchTracksNodeRemoval,DestroyProfileOnBrowserClose,DialMediaRouteProvider,GlobalMediaControls,HttpsUpgrades,LensOverlay,MediaRouter,PaintHolding,ThirdPartyStoragePartitioning,Translate,AutoDeElevate,RenderDocument,OptimizationHints,msForceBrowserSignIn,msEdgeUpdateLaunchServicesPreferredVersion --enable-features=CDPScreenshotNewSurface --allow-pre-commit-input --disable-hang-monitor --disable-ipc-flooding-protection --disable-popup-blocking --disable-prompt-on-repost --disable-renderer-backgrounding --force-color-profile=srgb --metrics-recording-only --no-first-run --password-store=basic --use-mock-keychain --no-service-autorun --export-tagged-pdf --disable-search-engine-choice-screen --unsafely-disable-devtools-self-xss-warnings --edge-skip-compat-layer-relaunch --disable-infobars --disable-search-engine-choice-screen --disable-sync --enable-unsafe-swiftshader --no-sandbox --start-maximized --disable-blink-features=AutomationControlled --user-data-dir=C:\Users\dramos\Documents\Proyecto_CapturaBot\temp\perfil_bot --remote-debugging-pipe about:blank
<launched> pid=32792
[pid=32792][out] Abriendo en una sesi�n existente del navegador
Call log:
  - <launching> C:\Program Files\Google\Chrome\Application\chrome.exe --disable-field-trial-config --disable-background-networking --disable-background-timer-throttling --disable-backgrounding-occluded-windows --disable-back-forward-cache --disable-breakpad --disable-client-side-phishing-detection --disable-component-extensions-with-background-pages --disable-component-update --no-default-browser-check --disable-default-apps --disable-dev-shm-usage --disable-edgeupdater --disable-extensions --disable-features=AvoidUnnecessaryBeforeUnloadCheckSync,BoundaryEventDispatchTracksNodeRemoval,DestroyProfileOnBrowserClose,DialMediaRouteProvider,GlobalMediaControls,HttpsUpgrades,LensOverlay,MediaRouter,PaintHolding,ThirdPartyStoragePartitioning,Translate,AutoDeElevate,RenderDocument,OptimizationHints,msForceBrowserSignIn,msEdgeUpdateLaunchServicesPreferredVersion --enable-features=CDPScreenshotNewSurface --allow-pre-commit-input --disable-hang-monitor --disable-ipc-flooding-protection --disable-popup-blocking --disable-prompt-on-repost --disable-renderer-backgrounding --force-color-profile=srgb --metrics-recording-only --no-first-run --password-store=basic --use-mock-keychain --no-service-autorun --export-tagged-pdf --disable-search-engine-choice-screen --unsafely-disable-devtools-self-xss-warnings --edge-skip-compat-layer-relaunch --disable-infobars --disable-search-engine-choice-screen --disable-sync --enable-unsafe-swiftshader --no-sandbox --start-maximized --disable-blink-features=AutomationControlled --user-data-dir=C:\Users\dramos\Documents\Proyecto_CapturaBot\temp\perfil_bot --remote-debugging-pipe about:blank
  - <launched> pid=32792
  - [pid=32792][out] Abriendo en una sesi�n existente del navegador
  - [pid=32792] <gracefully close start>
  - [pid=32792] <kill>
  - [pid=32792] <will force kill>
  - [pid=32792] taskkill stderr: ERROR: no se encontr� el proceso "32792".
  - [pid=32792] <process did exit: exitCode=0, signal=null>
  - [pid=32792] starting temporary directories cleanup
  - [pid=32792] finished temporary directories cleanup
  - [pid=32792] <gracefully close end>
. Intentando fallback con Microsoft Edge...
[2026-06-01 17:24:19,728] [ERROR] [OptimaCaptureBot.Scraper] Fallback a Microsoft Edge también falló: BrowserType.launch_persistent_context: Target page, context or browser has been closed
Browser logs:

<launching> C:\Program Files (x86)\Microsoft\Edge\Application\msedge.exe --disable-field-trial-config --disable-background-networking --disable-background-timer-throttling --disable-backgrounding-occluded-windows --disable-back-forward-cache --disable-breakpad --disable-client-side-phishing-detection --disable-component-extensions-with-background-pages --disable-component-update --no-default-browser-check --disable-default-apps --disable-dev-shm-usage --disable-edgeupdater --disable-extensions --disable-features=AvoidUnnecessaryBeforeUnloadCheckSync,BoundaryEventDispatchTracksNodeRemoval,DestroyProfileOnBrowserClose,DialMediaRouteProvider,GlobalMediaControls,HttpsUpgrades,LensOverlay,MediaRouter,PaintHolding,ThirdPartyStoragePartitioning,Translate,AutoDeElevate,RenderDocument,OptimizationHints,msForceBrowserSignIn,msEdgeUpdateLaunchServicesPreferredVersion --enable-features=CDPScreenshotNewSurface --allow-pre-commit-input --disable-hang-monitor --disable-ipc-flooding-protection --disable-popup-blocking --disable-prompt-on-repost --disable-renderer-backgrounding --force-color-profile=srgb --metrics-recording-only --no-first-run --password-store=basic --use-mock-keychain --no-service-autorun --export-tagged-pdf --disable-search-engine-choice-screen --unsafely-disable-devtools-self-xss-warnings --edge-skip-compat-layer-relaunch --disable-infobars --disable-search-engine-choice-screen --disable-sync --enable-unsafe-swiftshader --no-sandbox --start-maximized --disable-blink-features=AutomationControlled --user-data-dir=C:\Users\dramos\Documents\Proyecto_CapturaBot\temp\perfil_bot --remote-debugging-pipe about:blank
<launched> pid=24128
[pid=24128][out] Abriendo en la sesi�n del explorador existente.
Call log:
  - <launching> C:\Program Files (x86)\Microsoft\Edge\Application\msedge.exe --disable-field-trial-config --disable-background-networking --disable-background-timer-throttling --disable-backgrounding-occluded-windows --disable-back-forward-cache --disable-breakpad --disable-client-side-phishing-detection --disable-component-extensions-with-background-pages --disable-component-update --no-default-browser-check --disable-default-apps --disable-dev-shm-usage --disable-edgeupdater --disable-extensions --disable-features=AvoidUnnecessaryBeforeUnloadCheckSync,BoundaryEventDispatchTracksNodeRemoval,DestroyProfileOnBrowserClose,DialMediaRouteProvider,GlobalMediaControls,HttpsUpgrades,LensOverlay,MediaRouter,PaintHolding,ThirdPartyStoragePartitioning,Translate,AutoDeElevate,RenderDocument,OptimizationHints,msForceBrowserSignIn,msEdgeUpdateLaunchServicesPreferredVersion --enable-features=CDPScreenshotNewSurface --allow-pre-commit-input --disable-hang-monitor --disable-ipc-flooding-protection --disable-popup-blocking --disable-prompt-on-repost --disable-renderer-backgrounding --force-color-profile=srgb --metrics-recording-only --no-first-run --password-store=basic --use-mock-keychain --no-service-autorun --export-tagged-pdf --disable-search-engine-choice-screen --unsafely-disable-devtools-self-xss-warnings --edge-skip-compat-layer-relaunch --disable-infobars --disable-search-engine-choice-screen --disable-sync --enable-unsafe-swiftshader --no-sandbox --start-maximized --disable-blink-features=AutomationControlled --user-data-dir=C:\Users\dramos\Documents\Proyecto_CapturaBot\temp\perfil_bot --remote-debugging-pipe about:blank
  - <launched> pid=24128
  - [pid=24128][out] Abriendo en la sesi�n del explorador existente.
  - [pid=24128] <gracefully close start>
  - [pid=24128] <kill>
  - [pid=24128] <will force kill>
  - [pid=24128] taskkill stderr: ERROR: no se encontr� el proceso "24128".
  - [pid=24128] <process did exit: exitCode=0, signal=null>
  - [pid=24128] starting temporary directories cleanup
  - [pid=24128] finished temporary directories cleanup
  - [pid=24128] <gracefully close end>

[2026-06-01 17:24:19,729] [ERROR] [OptimaCaptureBot.Scraper] Error al iniciar el navegador con perfil persistente: No se detectó Google Chrome ni Microsoft Edge instalados en el sistema Windows. Por favor, instale alguno para ejecutar la automatización.
[2026-06-01 17:24:19,763] [INFO] [OptimaCaptureBot.Scraper] Navegador Playwright cerrado de forma ordenada.
[2026-06-01 17:24:19,764] [ERROR] [OptimaCaptureBot.Orchestrator] No se pudo iniciar el navegador de Playwright.
[2026-06-01 17:24:19,764] [INFO] [OptimaCaptureBot.Orchestrator] El navegador permanece abierto. Ciérrelo manualmente cuando lo desee.
[2026-06-01 17:24:19,764] [INFO] [OptimaCaptureBot.Orchestrator] Orquestador finalizado de forma ordenada.
[2026-06-01 17:24:42,409] [INFO] [OptimaCaptureBot.Scraper] Navegador Playwright cerrado de forma ordenada.
[2026-06-01 17:24:43,162] [INFO] [OptimaCaptureBot.Scraper] Navegador Playwright cerrado de forma ordenada.
[2026-06-01 17:24:43,163] [INFO] [root] Aplicación cerrada de forma limpia.
[2026-06-01 17:24:49,621] [INFO] [root] Sistema de logging inicializado exitosamente.
[2026-06-01 17:24:49,622] [INFO] [root] Archivo Excel localizado en: C:\Users\dramos\Documents\Proyecto_CapturaBot\Optima_Capture_Bot.xlsx
[2026-06-01 17:24:49,623] [INFO] [root] Lanzando interfaz gráfica en CustomTkinter...
[2026-06-01 17:24:49,973] [INFO] [OptimaCaptureBot.GUI] Icono cargado exitosamente desde: C:\Users\dramos\Documents\Proyecto_CapturaBot\ico\cupture_bot.ico
[2026-06-01 17:25:14,052] [INFO] [OptimaCaptureBot.Orchestrator] Iniciando orquestador operativo...
[2026-06-01 17:25:14,054] [INFO] [OptimaCaptureBot.Orchestrator] Cargando catálogo de RFC y registros del Excel...
[2026-06-01 17:25:14,668] [INFO] [OptimaCaptureBot.ExcelHandler] Cargados 8 registros desde Control_Referencias
[2026-06-01 17:25:14,669] [INFO] [OptimaCaptureBot.Orchestrator] Catálogo RFC: CIN010904D31 (CADU INMOBILIARIA)
[2026-06-01 17:25:14,669] [INFO] [OptimaCaptureBot.Orchestrator] Total registros cargados de Excel: 8
[2026-06-01 17:25:14,669] [INFO] [OptimaCaptureBot.Orchestrator] Ejecutando depuración previa y detección de duplicados locales...
[2026-06-01 17:25:14,670] [INFO] [OptimaCaptureBot.Orchestrator] Depuración previa completada de forma segura.
[2026-06-01 17:25:14,670] [INFO] [OptimaCaptureBot.Orchestrator] Iniciando navegador Playwright...
[2026-06-01 17:25:14,673] [INFO] [OptimaCaptureBot.Scraper] Iniciando Playwright...
[2026-06-01 17:25:15,607] [INFO] [OptimaCaptureBot.Scraper] Usando perfil persistente de Chrome en: C:\Users\dramos\Documents\Proyecto_CapturaBot\temp\perfil_bot
[2026-06-01 17:25:16,906] [INFO] [OptimaCaptureBot.Scraper] Navegando a la URL del SATQ: https://satq.qroo.gob.mx/paperless/timbrador.html
[2026-06-01 17:25:17,924] [INFO] [OptimaCaptureBot.Scraper] Portal cargado exitosamente.
[2026-06-01 17:25:17,925] [INFO] [OptimaCaptureBot.Orchestrator] No se requiere inicio de sesión manual. Continuando con el proceso.
[2026-06-01 17:25:17,926] [INFO] [OptimaCaptureBot.Orchestrator] Procesando Fila 2: [Referencia: 70027100199764812] en carpeta Lote_1
[2026-06-01 17:25:17,938] [INFO] [OptimaCaptureBot.ExcelHandler] Copia de seguridad creada en C:\Users\dramos\Documents\Proyecto_CapturaBot\temp\Optima_Capture_Bot.xlsx.bak
[2026-06-01 17:25:18,218] [INFO] [OptimaCaptureBot.ExcelHandler] Fila 2 de Excel actualizada exitosamente a estado: EN_PROCESO
[2026-06-01 17:25:18,221] [INFO] [OptimaCaptureBot.Scraper] Iniciando consulta automatizada para referencia: 70027100199764812 (RFC: CIN010904D31)
[2026-06-01 17:25:28,673] [INFO] [OptimaCaptureBot.Scraper] Botón Buscar pulsado, esperando resultados...
[2026-06-01 17:25:30,831] [INFO] [OptimaCaptureBot.ExcelHandler] Copia de seguridad creada en C:\Users\dramos\Documents\Proyecto_CapturaBot\temp\Optima_Capture_Bot.xlsx.bak
[2026-06-01 17:25:31,328] [INFO] [OptimaCaptureBot.ExcelHandler] Fila 2 de Excel actualizada exitosamente a estado: OK-YA GENERADA
[2026-06-01 17:25:31,329] [ERROR] [OptimaCaptureBot.Orchestrator] Referencia 70027100199764812 falló: None
[2026-06-01 17:25:31,329] [INFO] [OptimaCaptureBot.Orchestrator] Procesando Fila 3: [Referencia: 70027100219764834] en carpeta Lote_1
[2026-06-01 17:25:31,423] [INFO] [OptimaCaptureBot.ExcelHandler] Copia de seguridad creada en C:\Users\dramos\Documents\Proyecto_CapturaBot\temp\Optima_Capture_Bot.xlsx.bak
[2026-06-01 17:25:31,630] [INFO] [OptimaCaptureBot.ExcelHandler] Fila 3 de Excel actualizada exitosamente a estado: EN_PROCESO
[2026-06-01 17:25:31,632] [INFO] [OptimaCaptureBot.Scraper] Iniciando consulta automatizada para referencia: 70027100219764834 (RFC: CIN010904D31)
[2026-06-01 17:25:41,556] [INFO] [OptimaCaptureBot.Scraper] Botón Buscar pulsado, esperando resultados...
[2026-06-01 17:25:43,700] [INFO] [OptimaCaptureBot.ExcelHandler] Copia de seguridad creada en C:\Users\dramos\Documents\Proyecto_CapturaBot\temp\Optima_Capture_Bot.xlsx.bak
[2026-06-01 17:25:43,990] [INFO] [OptimaCaptureBot.ExcelHandler] Fila 3 de Excel actualizada exitosamente a estado: OK-YA GENERADA
[2026-06-01 17:25:43,992] [ERROR] [OptimaCaptureBot.Orchestrator] Referencia 70027100219764834 falló: None
[2026-06-01 17:25:43,993] [INFO] [OptimaCaptureBot.Orchestrator] Procesando Fila 4: [Referencia: 70027100239764856] en carpeta Lote_1
[2026-06-01 17:25:44,017] [INFO] [OptimaCaptureBot.ExcelHandler] Copia de seguridad creada en C:\Users\dramos\Documents\Proyecto_CapturaBot\temp\Optima_Capture_Bot.xlsx.bak
[2026-06-01 17:25:44,157] [INFO] [OptimaCaptureBot.ExcelHandler] Fila 4 de Excel actualizada exitosamente a estado: EN_PROCESO
[2026-06-01 17:25:44,159] [INFO] [OptimaCaptureBot.Scraper] Iniciando consulta automatizada para referencia: 70027100239764856 (RFC: CIN010904D31)
[2026-06-01 17:25:53,754] [INFO] [OptimaCaptureBot.Scraper] Botón Buscar pulsado, esperando resultados...
[2026-06-01 17:25:55,907] [INFO] [OptimaCaptureBot.ExcelHandler] Copia de seguridad creada en C:\Users\dramos\Documents\Proyecto_CapturaBot\temp\Optima_Capture_Bot.xlsx.bak
[2026-06-01 17:25:56,037] [INFO] [OptimaCaptureBot.ExcelHandler] Fila 4 de Excel actualizada exitosamente a estado: OK-YA GENERADA
[2026-06-01 17:25:56,038] [ERROR] [OptimaCaptureBot.Orchestrator] Referencia 70027100239764856 falló: None
[2026-06-01 17:25:56,038] [INFO] [OptimaCaptureBot.Orchestrator] Procesando Fila 5: [Referencia: 70027100269764889] en carpeta Lote_1
[2026-06-01 17:25:56,044] [INFO] [OptimaCaptureBot.ExcelHandler] Copia de seguridad creada en C:\Users\dramos\Documents\Proyecto_CapturaBot\temp\Optima_Capture_Bot.xlsx.bak
[2026-06-01 17:25:56,181] [INFO] [OptimaCaptureBot.ExcelHandler] Fila 5 de Excel actualizada exitosamente a estado: EN_PROCESO
[2026-06-01 17:25:56,183] [INFO] [OptimaCaptureBot.Scraper] Iniciando consulta automatizada para referencia: 70027100269764889 (RFC: CIN010904D31)
[2026-06-01 17:26:04,246] [INFO] [OptimaCaptureBot.Scraper] Botón Buscar pulsado, esperando resultados...
[2026-06-01 17:26:06,359] [INFO] [OptimaCaptureBot.ExcelHandler] Copia de seguridad creada en C:\Users\dramos\Documents\Proyecto_CapturaBot\temp\Optima_Capture_Bot.xlsx.bak
[2026-06-01 17:26:06,469] [INFO] [OptimaCaptureBot.ExcelHandler] Fila 5 de Excel actualizada exitosamente a estado: OK-YA GENERADA
[2026-06-01 17:26:06,470] [ERROR] [OptimaCaptureBot.Orchestrator] Referencia 70027100269764889 falló: None
[2026-06-01 17:26:06,470] [INFO] [OptimaCaptureBot.Orchestrator] Procesando Fila 6: [Referencia: 70027100279764803] en carpeta Lote_1
[2026-06-01 17:26:06,477] [INFO] [OptimaCaptureBot.ExcelHandler] Copia de seguridad creada en C:\Users\dramos\Documents\Proyecto_CapturaBot\temp\Optima_Capture_Bot.xlsx.bak
[2026-06-01 17:26:06,584] [INFO] [OptimaCaptureBot.ExcelHandler] Fila 6 de Excel actualizada exitosamente a estado: EN_PROCESO
[2026-06-01 17:26:06,585] [INFO] [OptimaCaptureBot.Scraper] Iniciando consulta automatizada para referencia: 70027100279764803 (RFC: CIN010904D31)
[2026-06-01 17:26:14,865] [INFO] [OptimaCaptureBot.Scraper] Botón Buscar pulsado, esperando resultados...
[2026-06-01 17:26:16,986] [INFO] [OptimaCaptureBot.ExcelHandler] Copia de seguridad creada en C:\Users\dramos\Documents\Proyecto_CapturaBot\temp\Optima_Capture_Bot.xlsx.bak
[2026-06-01 17:26:17,106] [INFO] [OptimaCaptureBot.ExcelHandler] Fila 6 de Excel actualizada exitosamente a estado: OK-YA GENERADA
[2026-06-01 17:26:17,107] [ERROR] [OptimaCaptureBot.Orchestrator] Referencia 70027100279764803 falló: None
[2026-06-01 17:26:17,107] [INFO] [OptimaCaptureBot.Orchestrator] Procesando Fila 7: [Referencia: 70027100299764825] en carpeta Lote_1
[2026-06-01 17:26:17,112] [INFO] [OptimaCaptureBot.ExcelHandler] Copia de seguridad creada en C:\Users\dramos\Documents\Proyecto_CapturaBot\temp\Optima_Capture_Bot.xlsx.bak
[2026-06-01 17:26:17,215] [INFO] [OptimaCaptureBot.ExcelHandler] Fila 7 de Excel actualizada exitosamente a estado: EN_PROCESO
[2026-06-01 17:26:17,217] [INFO] [OptimaCaptureBot.Scraper] Iniciando consulta automatizada para referencia: 70027100299764825 (RFC: CIN010904D31)
[2026-06-01 17:26:26,712] [INFO] [OptimaCaptureBot.Scraper] Botón Buscar pulsado, esperando resultados...
[2026-06-01 17:26:28,875] [INFO] [OptimaCaptureBot.ExcelHandler] Copia de seguridad creada en C:\Users\dramos\Documents\Proyecto_CapturaBot\temp\Optima_Capture_Bot.xlsx.bak
[2026-06-01 17:26:28,970] [INFO] [OptimaCaptureBot.ExcelHandler] Fila 7 de Excel actualizada exitosamente a estado: OK-YA GENERADA
[2026-06-01 17:26:28,971] [ERROR] [OptimaCaptureBot.Orchestrator] Referencia 70027100299764825 falló: None
[2026-06-01 17:26:28,971] [INFO] [OptimaCaptureBot.Orchestrator] Procesando Fila 8: [Referencia: 70027100319764847] en carpeta Lote_1
[2026-06-01 17:26:28,975] [INFO] [OptimaCaptureBot.ExcelHandler] Copia de seguridad creada en C:\Users\dramos\Documents\Proyecto_CapturaBot\temp\Optima_Capture_Bot.xlsx.bak
[2026-06-01 17:26:29,080] [INFO] [OptimaCaptureBot.ExcelHandler] Fila 8 de Excel actualizada exitosamente a estado: EN_PROCESO
[2026-06-01 17:26:29,083] [INFO] [OptimaCaptureBot.Scraper] Iniciando consulta automatizada para referencia: 70027100319764847 (RFC: CIN010904D31)
[2026-06-01 17:26:38,789] [INFO] [OptimaCaptureBot.Scraper] Botón Buscar pulsado, esperando resultados...
[2026-06-01 17:26:40,976] [INFO] [OptimaCaptureBot.ExcelHandler] Copia de seguridad creada en C:\Users\dramos\Documents\Proyecto_CapturaBot\temp\Optima_Capture_Bot.xlsx.bak
[2026-06-01 17:26:41,124] [INFO] [OptimaCaptureBot.ExcelHandler] Fila 8 de Excel actualizada exitosamente a estado: OK-YA GENERADA
[2026-06-01 17:26:41,124] [ERROR] [OptimaCaptureBot.Orchestrator] Referencia 70027100319764847 falló: None
[2026-06-01 17:26:41,124] [INFO] [OptimaCaptureBot.Orchestrator] Procesando Fila 9: [Referencia: 70027100339764869] en carpeta Lote_1
[2026-06-01 17:26:41,130] [INFO] [OptimaCaptureBot.ExcelHandler] Copia de seguridad creada en C:\Users\dramos\Documents\Proyecto_CapturaBot\temp\Optima_Capture_Bot.xlsx.bak
[2026-06-01 17:26:41,225] [INFO] [OptimaCaptureBot.ExcelHandler] Fila 9 de Excel actualizada exitosamente a estado: EN_PROCESO
[2026-06-01 17:26:41,226] [INFO] [OptimaCaptureBot.Scraper] Iniciando consulta automatizada para referencia: 70027100339764869 (RFC: CIN010904D31)
[2026-06-01 17:26:50,362] [INFO] [OptimaCaptureBot.Scraper] Botón Buscar pulsado, esperando resultados...
[2026-06-01 17:26:52,415] [INFO] [OptimaCaptureBot.ExcelHandler] Copia de seguridad creada en C:\Users\dramos\Documents\Proyecto_CapturaBot\temp\Optima_Capture_Bot.xlsx.bak
[2026-06-01 17:26:52,563] [INFO] [OptimaCaptureBot.ExcelHandler] Fila 9 de Excel actualizada exitosamente a estado: OK-YA GENERADA
[2026-06-01 17:26:52,564] [ERROR] [OptimaCaptureBot.Orchestrator] Referencia 70027100339764869 falló: None
[2026-06-01 17:26:52,565] [INFO] [OptimaCaptureBot.Orchestrator] Procesamiento de registros completado.
[2026-06-01 17:26:52,565] [INFO] [OptimaCaptureBot.Orchestrator] El navegador permanece abierto. Ciérrelo manualmente cuando lo desee.
[2026-06-01 17:26:52,566] [INFO] [OptimaCaptureBot.Orchestrator] Orquestador finalizado de forma ordenada.
[2026-06-01 17:29:59,489] [INFO] [root] Sistema de logging inicializado exitosamente.
[2026-06-01 17:29:59,490] [INFO] [root] Archivo Excel localizado en: C:\Users\dramos\Documents\Proyecto_CapturaBot\Optima_Capture_Bot.xlsx
[2026-06-01 17:29:59,490] [INFO] [root] Lanzando interfaz gráfica en CustomTkinter...
[2026-06-01 17:29:59,857] [INFO] [OptimaCaptureBot.GUI] Icono cargado exitosamente desde: C:\Users\dramos\Documents\Proyecto_CapturaBot\ico\cupture_bot.ico
[2026-06-01 17:30:47,729] [WARNING] [OptimaCaptureBot.Scraper] Error al cerrar los recursos de Playwright: cannot switch to a different thread (which happens to have exited)
[2026-06-01 17:30:48,289] [INFO] [OptimaCaptureBot.Scraper] Navegador Playwright cerrado de forma ordenada.
[2026-06-01 17:30:48,289] [INFO] [root] Aplicación cerrada de forma limpia.
[2026-06-01 17:30:49,937] [INFO] [root] Aplicación cerrada de forma limpia.
[2026-06-01 17:31:37,884] [INFO] [root] Sistema de logging inicializado exitosamente.
[2026-06-01 17:31:37,885] [INFO] [root] Archivo Excel localizado en: C:\Users\dramos\Documents\Proyecto_CapturaBot\Optima_Capture_Bot.xlsx
[2026-06-01 17:31:37,885] [INFO] [root] Lanzando interfaz gráfica en CustomTkinter...
[2026-06-01 17:31:38,205] [INFO] [OptimaCaptureBot.GUI] Icono cargado exitosamente desde: C:\Users\dramos\Documents\Proyecto_CapturaBot\ico\cupture_bot.ico
[2026-06-01 17:32:07,327] [INFO] [OptimaCaptureBot.Orchestrator] Iniciando orquestador operativo...
[2026-06-01 17:32:07,328] [INFO] [OptimaCaptureBot.Orchestrator] Cargando catálogo de RFC y registros del Excel...
[2026-06-01 17:32:07,329] [WARNING] [OptimaCaptureBot.ExcelHandler] El archivo C:\Users\dramos\Documents\Proyecto_CapturaBot\Optima_Capture_Bot.xlsx está bloqueado por otro programa: [Errno 13] Permission denied: 'C:\\Users\\dramos\\Documents\\Proyecto_CapturaBot\\Optima_Capture_Bot.xlsx'
[2026-06-01 17:32:07,329] [INFO] [OptimaCaptureBot.Orchestrator] Orquestador finalizado de forma ordenada.
[2026-06-01 17:32:18,397] [INFO] [OptimaCaptureBot.Orchestrator] Iniciando orquestador operativo...
[2026-06-01 17:32:18,398] [INFO] [OptimaCaptureBot.Orchestrator] Cargando catálogo de RFC y registros del Excel...
[2026-06-01 17:32:19,039] [INFO] [OptimaCaptureBot.ExcelHandler] Cargados 8 registros desde Control_Referencias
[2026-06-01 17:32:19,039] [INFO] [OptimaCaptureBot.Orchestrator] Catálogo RFC: CIN010904D31 (CADU INMOBILIARIA)
[2026-06-01 17:32:19,039] [INFO] [OptimaCaptureBot.Orchestrator] Total registros cargados de Excel: 8
[2026-06-01 17:32:19,040] [INFO] [OptimaCaptureBot.Orchestrator] Ejecutando depuración previa y detección de duplicados locales...
[2026-06-01 17:32:19,040] [INFO] [OptimaCaptureBot.Orchestrator] Depuración previa completada de forma segura.
[2026-06-01 17:32:19,040] [INFO] [OptimaCaptureBot.Orchestrator] No existen referencias pendientes de consulta en el portal SATQ.
[2026-06-01 17:32:19,040] [INFO] [OptimaCaptureBot.Orchestrator] Orquestador finalizado de forma ordenada.
[2026-06-01 17:32:25,264] [INFO] [OptimaCaptureBot.Orchestrator] Iniciando orquestador operativo...
[2026-06-01 17:32:25,265] [INFO] [OptimaCaptureBot.Orchestrator] Cargando catálogo de RFC y registros del Excel...
[2026-06-01 17:32:25,799] [INFO] [OptimaCaptureBot.ExcelHandler] Cargados 8 registros desde Control_Referencias
[2026-06-01 17:32:25,800] [INFO] [OptimaCaptureBot.Orchestrator] Catálogo RFC: CIN010904D31 (CADU INMOBILIARIA)
[2026-06-01 17:32:25,800] [INFO] [OptimaCaptureBot.Orchestrator] Total registros cargados de Excel: 8
[2026-06-01 17:32:25,800] [INFO] [OptimaCaptureBot.Orchestrator] Ejecutando depuración previa y detección de duplicados locales...
[2026-06-01 17:32:25,801] [INFO] [OptimaCaptureBot.Orchestrator] Depuración previa completada de forma segura.
[2026-06-01 17:32:25,801] [INFO] [OptimaCaptureBot.Orchestrator] No existen referencias pendientes de consulta en el portal SATQ.
[2026-06-01 17:32:25,801] [INFO] [OptimaCaptureBot.Orchestrator] Orquestador finalizado de forma ordenada.
[2026-06-01 17:32:51,606] [INFO] [root] Aplicación cerrada de forma limpia.
[2026-06-01 17:32:56,186] [INFO] [root] Sistema de logging inicializado exitosamente.
[2026-06-01 17:32:56,186] [INFO] [root] Archivo Excel localizado en: C:\Users\dramos\Documents\Proyecto_CapturaBot\Optima_Capture_Bot.xlsx
[2026-06-01 17:32:56,187] [INFO] [root] Lanzando interfaz gráfica en CustomTkinter...
[2026-06-01 17:32:56,484] [INFO] [OptimaCaptureBot.GUI] Icono cargado exitosamente desde: C:\Users\dramos\Documents\Proyecto_CapturaBot\ico\cupture_bot.ico
[2026-06-01 17:33:20,770] [INFO] [OptimaCaptureBot.Orchestrator] Iniciando orquestador operativo...
[2026-06-01 17:33:20,772] [INFO] [OptimaCaptureBot.Orchestrator] Cargando catálogo de RFC y registros del Excel...
[2026-06-01 17:33:23,270] [INFO] [OptimaCaptureBot.ExcelHandler] Cargados 8 registros desde Control_Referencias
[2026-06-01 17:33:23,270] [INFO] [OptimaCaptureBot.Orchestrator] Catálogo RFC: CIN010904D31 (CADU INMOBILIARIA)
[2026-06-01 17:33:23,271] [INFO] [OptimaCaptureBot.Orchestrator] Total registros cargados de Excel: 8
[2026-06-01 17:33:23,271] [INFO] [OptimaCaptureBot.Orchestrator] Ejecutando depuración previa y detección de duplicados locales...
[2026-06-01 17:33:23,279] [INFO] [OptimaCaptureBot.ExcelHandler] Copia de seguridad creada en C:\Users\dramos\Documents\Proyecto_CapturaBot\temp\Optima_Capture_Bot.xlsx.bak
[2026-06-01 17:33:23,514] [INFO] [OptimaCaptureBot.ExcelHandler] Fila 2 de Excel actualizada exitosamente a estado: VALIDADO
[2026-06-01 17:33:23,613] [INFO] [OptimaCaptureBot.ExcelHandler] Copia de seguridad creada en C:\Users\dramos\Documents\Proyecto_CapturaBot\temp\Optima_Capture_Bot.xlsx.bak
[2026-06-01 17:33:23,805] [INFO] [OptimaCaptureBot.ExcelHandler] Fila 3 de Excel actualizada exitosamente a estado: VALIDADO
[2026-06-01 17:33:23,903] [INFO] [OptimaCaptureBot.ExcelHandler] Copia de seguridad creada en C:\Users\dramos\Documents\Proyecto_CapturaBot\temp\Optima_Capture_Bot.xlsx.bak
[2026-06-01 17:33:24,090] [INFO] [OptimaCaptureBot.ExcelHandler] Fila 4 de Excel actualizada exitosamente a estado: VALIDADO
[2026-06-01 17:33:24,095] [INFO] [OptimaCaptureBot.ExcelHandler] Copia de seguridad creada en C:\Users\dramos\Documents\Proyecto_CapturaBot\temp\Optima_Capture_Bot.xlsx.bak
[2026-06-01 17:33:24,188] [INFO] [OptimaCaptureBot.ExcelHandler] Fila 5 de Excel actualizada exitosamente a estado: VALIDADO
[2026-06-01 17:33:24,194] [INFO] [OptimaCaptureBot.ExcelHandler] Copia de seguridad creada en C:\Users\dramos\Documents\Proyecto_CapturaBot\temp\Optima_Capture_Bot.xlsx.bak
[2026-06-01 17:33:24,288] [INFO] [OptimaCaptureBot.ExcelHandler] Fila 6 de Excel actualizada exitosamente a estado: VALIDADO
[2026-06-01 17:33:24,294] [INFO] [OptimaCaptureBot.ExcelHandler] Copia de seguridad creada en C:\Users\dramos\Documents\Proyecto_CapturaBot\temp\Optima_Capture_Bot.xlsx.bak
[2026-06-01 17:33:24,387] [INFO] [OptimaCaptureBot.ExcelHandler] Fila 7 de Excel actualizada exitosamente a estado: VALIDADO
[2026-06-01 17:33:24,392] [INFO] [OptimaCaptureBot.ExcelHandler] Copia de seguridad creada en C:\Users\dramos\Documents\Proyecto_CapturaBot\temp\Optima_Capture_Bot.xlsx.bak
[2026-06-01 17:33:24,484] [INFO] [OptimaCaptureBot.ExcelHandler] Fila 8 de Excel actualizada exitosamente a estado: VALIDADO
[2026-06-01 17:33:24,490] [INFO] [OptimaCaptureBot.ExcelHandler] Copia de seguridad creada en C:\Users\dramos\Documents\Proyecto_CapturaBot\temp\Optima_Capture_Bot.xlsx.bak
[2026-06-01 17:33:24,596] [INFO] [OptimaCaptureBot.ExcelHandler] Fila 9 de Excel actualizada exitosamente a estado: VALIDADO
[2026-06-01 17:33:24,596] [INFO] [OptimaCaptureBot.Orchestrator] Depuración previa completada de forma segura.
[2026-06-01 17:33:24,597] [INFO] [OptimaCaptureBot.Orchestrator] Iniciando navegador Playwright...
[2026-06-01 17:33:24,599] [INFO] [OptimaCaptureBot.Scraper] Iniciando Playwright...
[2026-06-01 17:33:25,412] [INFO] [OptimaCaptureBot.Scraper] Usando perfil persistente de Chrome en: C:\Users\dramos\Documents\Proyecto_CapturaBot\temp\perfil_bot
[2026-06-01 17:33:26,824] [INFO] [OptimaCaptureBot.Scraper] Navegando a la URL del SATQ: https://satq.qroo.gob.mx/paperless/timbrador.html
[2026-06-01 17:33:28,323] [INFO] [OptimaCaptureBot.Scraper] Portal cargado exitosamente.
[2026-06-01 17:33:28,324] [INFO] [OptimaCaptureBot.Orchestrator] No se requiere inicio de sesión manual. Continuando con el proceso.
[2026-06-01 17:33:28,324] [INFO] [OptimaCaptureBot.Orchestrator] Procesando Fila 2: [Referencia: 70027100199764812] en carpeta Lote_1
[2026-06-01 17:33:28,329] [INFO] [OptimaCaptureBot.ExcelHandler] Copia de seguridad creada en C:\Users\dramos\Documents\Proyecto_CapturaBot\temp\Optima_Capture_Bot.xlsx.bak
[2026-06-01 17:33:28,439] [INFO] [OptimaCaptureBot.ExcelHandler] Fila 2 de Excel actualizada exitosamente a estado: EN_PROCESO
[2026-06-01 17:33:28,442] [INFO] [OptimaCaptureBot.Scraper] Iniciando consulta automatizada para referencia: 70027100199764812 (RFC: CIN010904D31)
[2026-06-01 17:33:37,032] [INFO] [OptimaCaptureBot.Scraper] Botón Buscar pulsado, esperando resultados...
[2026-06-01 17:33:39,192] [WARNING] [OptimaCaptureBot.Scraper] No se encontraron enlaces PDF después del timbrado.
[2026-06-01 17:33:39,209] [INFO] [OptimaCaptureBot.ExcelHandler] Copia de seguridad creada en C:\Users\dramos\Documents\Proyecto_CapturaBot\temp\Optima_Capture_Bot.xlsx.bak
[2026-06-01 17:33:39,545] [INFO] [OptimaCaptureBot.ExcelHandler] Fila 2 de Excel actualizada exitosamente a estado: OK-YA GENERADA
[2026-06-01 17:33:39,547] [ERROR] [OptimaCaptureBot.Orchestrator] Referencia 70027100199764812 falló: None
[2026-06-01 17:33:39,548] [INFO] [OptimaCaptureBot.Orchestrator] Procesando Fila 3: [Referencia: 70027100219764834] en carpeta Lote_1
[2026-06-01 17:33:39,565] [INFO] [OptimaCaptureBot.ExcelHandler] Copia de seguridad creada en C:\Users\dramos\Documents\Proyecto_CapturaBot\temp\Optima_Capture_Bot.xlsx.bak
[2026-06-01 17:33:39,772] [INFO] [OptimaCaptureBot.ExcelHandler] Fila 3 de Excel actualizada exitosamente a estado: EN_PROCESO
[2026-06-01 17:33:39,775] [INFO] [OptimaCaptureBot.Scraper] Iniciando consulta automatizada para referencia: 70027100219764834 (RFC: CIN010904D31)
[2026-06-01 17:33:48,099] [INFO] [OptimaCaptureBot.Scraper] Botón Buscar pulsado, esperando resultados...
[2026-06-01 17:33:50,257] [WARNING] [OptimaCaptureBot.Scraper] No se encontraron enlaces PDF después del timbrado.
[2026-06-01 17:33:50,277] [INFO] [OptimaCaptureBot.ExcelHandler] Copia de seguridad creada en C:\Users\dramos\Documents\Proyecto_CapturaBot\temp\Optima_Capture_Bot.xlsx.bak
[2026-06-01 17:33:50,595] [INFO] [OptimaCaptureBot.ExcelHandler] Fila 3 de Excel actualizada exitosamente a estado: OK-YA GENERADA
[2026-06-01 17:33:50,596] [ERROR] [OptimaCaptureBot.Orchestrator] Referencia 70027100219764834 falló: None
[2026-06-01 17:33:50,597] [INFO] [OptimaCaptureBot.Orchestrator] Procesando Fila 4: [Referencia: 70027100239764856] en carpeta Lote_1
[2026-06-01 17:33:50,609] [INFO] [OptimaCaptureBot.ExcelHandler] Copia de seguridad creada en C:\Users\dramos\Documents\Proyecto_CapturaBot\temp\Optima_Capture_Bot.xlsx.bak
[2026-06-01 17:33:50,809] [INFO] [OptimaCaptureBot.ExcelHandler] Fila 4 de Excel actualizada exitosamente a estado: EN_PROCESO
[2026-06-01 17:33:50,811] [INFO] [OptimaCaptureBot.Scraper] Iniciando consulta automatizada para referencia: 70027100239764856 (RFC: CIN010904D31)
[2026-06-01 17:33:55,076] [WARNING] [OptimaCaptureBot.Orchestrator] Pausa solicitada. El bot se detendrá al completar el registro actual.
[2026-06-01 17:33:57,280] [WARNING] [OptimaCaptureBot.Orchestrator] Detención segura solicitada. Cerrando procesos...
[2026-06-01 17:33:59,411] [INFO] [OptimaCaptureBot.Scraper] Botón Buscar pulsado, esperando resultados...
[2026-06-01 17:34:01,536] [WARNING] [OptimaCaptureBot.Scraper] No se encontraron enlaces PDF después del timbrado.
[2026-06-01 17:34:01,548] [INFO] [OptimaCaptureBot.ExcelHandler] Copia de seguridad creada en C:\Users\dramos\Documents\Proyecto_CapturaBot\temp\Optima_Capture_Bot.xlsx.bak
[2026-06-01 17:34:01,849] [INFO] [OptimaCaptureBot.ExcelHandler] Fila 4 de Excel actualizada exitosamente a estado: OK-YA GENERADA
[2026-06-01 17:34:01,851] [ERROR] [OptimaCaptureBot.Orchestrator] Referencia 70027100239764856 falló: None
[2026-06-01 17:34:01,852] [INFO] [OptimaCaptureBot.Orchestrator] Procesamiento de registros completado.
[2026-06-01 17:34:01,852] [INFO] [OptimaCaptureBot.Orchestrator] El navegador permanece abierto. Ciérrelo manualmente cuando lo desee.
[2026-06-01 17:34:01,854] [INFO] [OptimaCaptureBot.Orchestrator] Orquestador finalizado de forma ordenada.
[2026-06-01 17:36:55,297] [WARNING] [root] Interrupción de teclado detectada. Cerrando bot...
[2026-06-01 17:37:02,485] [INFO] [root] Sistema de logging inicializado exitosamente.
[2026-06-01 17:37:02,486] [INFO] [root] Archivo Excel localizado en: C:\Users\dramos\Documents\Proyecto_CapturaBot\Optima_Capture_Bot.xlsx
[2026-06-01 17:37:02,486] [INFO] [root] Lanzando interfaz gráfica en CustomTkinter...
[2026-06-01 17:37:02,852] [INFO] [OptimaCaptureBot.GUI] Icono cargado exitosamente desde: C:\Users\dramos\Documents\Proyecto_CapturaBot\ico\cupture_bot.ico
[2026-06-01 17:37:59,079] [INFO] [OptimaCaptureBot.Orchestrator] Iniciando orquestador operativo...
[2026-06-01 17:37:59,080] [INFO] [OptimaCaptureBot.Orchestrator] Cargando catálogo de RFC y registros del Excel...
[2026-06-01 17:38:01,534] [INFO] [OptimaCaptureBot.ExcelHandler] Cargados 8 registros desde Control_Referencias
[2026-06-01 17:38:01,534] [INFO] [OptimaCaptureBot.Orchestrator] Catálogo RFC: CIN010904D31 (CADU INMOBILIARIA)
[2026-06-01 17:38:01,534] [INFO] [OptimaCaptureBot.Orchestrator] Total registros cargados de Excel: 8
[2026-06-01 17:38:01,535] [INFO] [OptimaCaptureBot.Orchestrator] Ejecutando depuración previa y detección de duplicados locales...
[2026-06-01 17:38:01,541] [INFO] [OptimaCaptureBot.ExcelHandler] Copia de seguridad creada en C:\Users\dramos\Documents\Proyecto_CapturaBot\temp\Optima_Capture_Bot.xlsx.bak
[2026-06-01 17:38:01,760] [INFO] [OptimaCaptureBot.ExcelHandler] Fila 2 de Excel actualizada exitosamente a estado: VALIDADO
[2026-06-01 17:38:01,859] [INFO] [OptimaCaptureBot.ExcelHandler] Copia de seguridad creada en C:\Users\dramos\Documents\Proyecto_CapturaBot\temp\Optima_Capture_Bot.xlsx.bak
[2026-06-01 17:38:02,056] [INFO] [OptimaCaptureBot.ExcelHandler] Fila 3 de Excel actualizada exitosamente a estado: VALIDADO
[2026-06-01 17:38:02,149] [INFO] [OptimaCaptureBot.ExcelHandler] Copia de seguridad creada en C:\Users\dramos\Documents\Proyecto_CapturaBot\temp\Optima_Capture_Bot.xlsx.bak
[2026-06-01 17:38:02,333] [INFO] [OptimaCaptureBot.ExcelHandler] Fila 4 de Excel actualizada exitosamente a estado: VALIDADO
[2026-06-01 17:38:02,337] [INFO] [OptimaCaptureBot.ExcelHandler] Copia de seguridad creada en C:\Users\dramos\Documents\Proyecto_CapturaBot\temp\Optima_Capture_Bot.xlsx.bak
[2026-06-01 17:38:02,437] [INFO] [OptimaCaptureBot.ExcelHandler] Fila 5 de Excel actualizada exitosamente a estado: VALIDADO
[2026-06-01 17:38:02,445] [INFO] [OptimaCaptureBot.ExcelHandler] Copia de seguridad creada en C:\Users\dramos\Documents\Proyecto_CapturaBot\temp\Optima_Capture_Bot.xlsx.bak
[2026-06-01 17:38:02,545] [INFO] [OptimaCaptureBot.ExcelHandler] Fila 6 de Excel actualizada exitosamente a estado: VALIDADO
[2026-06-01 17:38:02,551] [INFO] [OptimaCaptureBot.ExcelHandler] Copia de seguridad creada en C:\Users\dramos\Documents\Proyecto_CapturaBot\temp\Optima_Capture_Bot.xlsx.bak
[2026-06-01 17:38:02,642] [INFO] [OptimaCaptureBot.ExcelHandler] Fila 7 de Excel actualizada exitosamente a estado: VALIDADO
[2026-06-01 17:38:02,647] [INFO] [OptimaCaptureBot.ExcelHandler] Copia de seguridad creada en C:\Users\dramos\Documents\Proyecto_CapturaBot\temp\Optima_Capture_Bot.xlsx.bak
[2026-06-01 17:38:02,741] [INFO] [OptimaCaptureBot.ExcelHandler] Fila 8 de Excel actualizada exitosamente a estado: VALIDADO
[2026-06-01 17:38:02,747] [INFO] [OptimaCaptureBot.ExcelHandler] Copia de seguridad creada en C:\Users\dramos\Documents\Proyecto_CapturaBot\temp\Optima_Capture_Bot.xlsx.bak
[2026-06-01 17:38:02,858] [INFO] [OptimaCaptureBot.ExcelHandler] Fila 9 de Excel actualizada exitosamente a estado: VALIDADO
[2026-06-01 17:38:02,858] [INFO] [OptimaCaptureBot.Orchestrator] Depuración previa completada de forma segura.
[2026-06-01 17:38:02,859] [INFO] [OptimaCaptureBot.Orchestrator] Iniciando navegador Playwright...
[2026-06-01 17:38:02,861] [INFO] [OptimaCaptureBot.Scraper] Iniciando Playwright...
[2026-06-01 17:38:03,519] [INFO] [OptimaCaptureBot.Scraper] Usando perfil persistente de Chrome en: C:\Users\dramos\Documents\Proyecto_CapturaBot\temp\perfil_bot
[2026-06-01 17:38:04,787] [INFO] [OptimaCaptureBot.Scraper] Navegando a la URL del SATQ: https://satq.qroo.gob.mx/paperless/timbrador.html
[2026-06-01 17:38:05,793] [INFO] [OptimaCaptureBot.Scraper] Portal cargado exitosamente.
[2026-06-01 17:38:05,793] [INFO] [OptimaCaptureBot.Orchestrator] No se requiere inicio de sesión manual. Continuando con el proceso.
[2026-06-01 17:38:05,794] [INFO] [OptimaCaptureBot.Orchestrator] Procesando Fila 2: [Referencia: 70027100199764812] en carpeta Lote_1
[2026-06-01 17:38:05,804] [INFO] [OptimaCaptureBot.ExcelHandler] Copia de seguridad creada en C:\Users\dramos\Documents\Proyecto_CapturaBot\temp\Optima_Capture_Bot.xlsx.bak
[2026-06-01 17:38:05,988] [INFO] [OptimaCaptureBot.ExcelHandler] Fila 2 de Excel actualizada exitosamente a estado: EN_PROCESO
[2026-06-01 17:38:05,991] [INFO] [OptimaCaptureBot.Scraper] Iniciando consulta automatizada para referencia: 70027100199764812 (RFC: CIN010904D31)
[2026-06-01 17:38:16,114] [INFO] [OptimaCaptureBot.Scraper] Botón Buscar pulsado, esperando resultados...
[2026-06-01 17:38:18,195] [WARNING] [OptimaCaptureBot.Scraper] No se encontraron enlaces PDF después del timbrado.
[2026-06-01 17:38:18,208] [INFO] [OptimaCaptureBot.ExcelHandler] Copia de seguridad creada en C:\Users\dramos\Documents\Proyecto_CapturaBot\temp\Optima_Capture_Bot.xlsx.bak
[2026-06-01 17:38:18,382] [INFO] [OptimaCaptureBot.ExcelHandler] Fila 2 de Excel actualizada exitosamente a estado: OK-YA GENERADA
[2026-06-01 17:38:18,382] [ERROR] [OptimaCaptureBot.Orchestrator] Referencia 70027100199764812 falló: None
[2026-06-01 17:38:18,383] [INFO] [OptimaCaptureBot.Orchestrator] Procesando Fila 3: [Referencia: 70027100219764834] en carpeta Lote_1
[2026-06-01 17:38:18,388] [INFO] [OptimaCaptureBot.ExcelHandler] Copia de seguridad creada en C:\Users\dramos\Documents\Proyecto_CapturaBot\temp\Optima_Capture_Bot.xlsx.bak
[2026-06-01 17:38:18,495] [INFO] [OptimaCaptureBot.ExcelHandler] Fila 3 de Excel actualizada exitosamente a estado: EN_PROCESO
[2026-06-01 17:38:18,497] [INFO] [OptimaCaptureBot.Scraper] Iniciando consulta automatizada para referencia: 70027100219764834 (RFC: CIN010904D31)
[2026-06-01 17:38:27,474] [INFO] [OptimaCaptureBot.Scraper] Botón Buscar pulsado, esperando resultados...
[2026-06-01 17:38:29,612] [WARNING] [OptimaCaptureBot.Scraper] No se encontraron enlaces PDF después del timbrado.
[2026-06-01 17:38:29,629] [INFO] [OptimaCaptureBot.ExcelHandler] Copia de seguridad creada en C:\Users\dramos\Documents\Proyecto_CapturaBot\temp\Optima_Capture_Bot.xlsx.bak
[2026-06-01 17:38:29,841] [INFO] [OptimaCaptureBot.ExcelHandler] Fila 3 de Excel actualizada exitosamente a estado: OK-YA GENERADA
[2026-06-01 17:38:29,842] [ERROR] [OptimaCaptureBot.Orchestrator] Referencia 70027100219764834 falló: None
[2026-06-01 17:38:29,843] [INFO] [OptimaCaptureBot.Orchestrator] Procesando Fila 4: [Referencia: 70027100239764856] en carpeta Lote_1
[2026-06-01 17:38:29,850] [INFO] [OptimaCaptureBot.ExcelHandler] Copia de seguridad creada en C:\Users\dramos\Documents\Proyecto_CapturaBot\temp\Optima_Capture_Bot.xlsx.bak
[2026-06-01 17:38:30,036] [INFO] [OptimaCaptureBot.ExcelHandler] Fila 4 de Excel actualizada exitosamente a estado: EN_PROCESO
[2026-06-01 17:38:30,041] [INFO] [OptimaCaptureBot.Scraper] Iniciando consulta automatizada para referencia: 70027100239764856 (RFC: CIN010904D31)
[2026-06-01 17:38:38,653] [WARNING] [OptimaCaptureBot.Orchestrator] Detención segura solicitada. Cerrando procesos...
[2026-06-01 17:38:39,009] [INFO] [OptimaCaptureBot.Scraper] Botón Buscar pulsado, esperando resultados...
[2026-06-01 17:38:41,148] [WARNING] [OptimaCaptureBot.Scraper] No se encontraron enlaces PDF después del timbrado.
[2026-06-01 17:38:41,155] [INFO] [OptimaCaptureBot.ExcelHandler] Copia de seguridad creada en C:\Users\dramos\Documents\Proyecto_CapturaBot\temp\Optima_Capture_Bot.xlsx.bak
[2026-06-01 17:38:41,307] [INFO] [OptimaCaptureBot.ExcelHandler] Fila 4 de Excel actualizada exitosamente a estado: OK-YA GENERADA
[2026-06-01 17:38:41,308] [ERROR] [OptimaCaptureBot.Orchestrator] Referencia 70027100239764856 falló: None
[2026-06-01 17:38:41,308] [INFO] [OptimaCaptureBot.Orchestrator] Procesamiento de registros completado.
[2026-06-01 17:38:41,308] [INFO] [OptimaCaptureBot.Orchestrator] El navegador permanece abierto. Ciérrelo manualmente cuando lo desee.
[2026-06-01 17:38:41,309] [INFO] [OptimaCaptureBot.Orchestrator] Orquestador finalizado de forma ordenada.
[2026-06-01 17:50:33,041] [INFO] [root] Sistema de logging inicializado exitosamente.
[2026-06-01 17:50:33,042] [INFO] [root] Archivo Excel localizado en: C:\Users\dramos\Documents\Proyecto_CapturaBot\Optima_Capture_Bot.xlsx
[2026-06-01 17:50:33,043] [INFO] [root] Lanzando interfaz gráfica en CustomTkinter...
[2026-06-01 17:50:33,629] [INFO] [OptimaCaptureBot.GUI] Icono cargado exitosamente desde: C:\Users\dramos\Documents\Proyecto_CapturaBot\ico\cupture_bot.ico
[2026-06-01 17:51:24,789] [INFO] [OptimaCaptureBot.Orchestrator] Iniciando orquestador operativo...
[2026-06-01 17:51:24,789] [INFO] [OptimaCaptureBot.Orchestrator] Cargando catálogo de RFC y registros del Excel...
[2026-06-01 17:51:27,952] [INFO] [OptimaCaptureBot.ExcelHandler] Cargados 8 registros desde Control_Referencias
[2026-06-01 17:51:27,952] [INFO] [OptimaCaptureBot.Orchestrator] Catálogo RFC: CIN010904D31 (CADU INMOBILIARIA)
[2026-06-01 17:51:27,953] [INFO] [OptimaCaptureBot.Orchestrator] Total registros cargados de Excel: 8
[2026-06-01 17:51:27,953] [INFO] [OptimaCaptureBot.Orchestrator] Ejecutando depuración previa y detección de duplicados locales...
[2026-06-01 17:51:27,962] [INFO] [OptimaCaptureBot.ExcelHandler] Copia de seguridad creada en C:\Users\dramos\Documents\Proyecto_CapturaBot\temp\Optima_Capture_Bot.xlsx.bak
[2026-06-01 17:51:28,218] [INFO] [OptimaCaptureBot.ExcelHandler] Fila 2 de Excel actualizada exitosamente a estado: VALIDADO
[2026-06-01 17:51:28,333] [INFO] [OptimaCaptureBot.ExcelHandler] Copia de seguridad creada en C:\Users\dramos\Documents\Proyecto_CapturaBot\temp\Optima_Capture_Bot.xlsx.bak
[2026-06-01 17:51:28,560] [INFO] [OptimaCaptureBot.ExcelHandler] Fila 3 de Excel actualizada exitosamente a estado: VALIDADO
[2026-06-01 17:51:28,666] [INFO] [OptimaCaptureBot.ExcelHandler] Copia de seguridad creada en C:\Users\dramos\Documents\Proyecto_CapturaBot\temp\Optima_Capture_Bot.xlsx.bak
[2026-06-01 17:51:28,891] [INFO] [OptimaCaptureBot.ExcelHandler] Fila 4 de Excel actualizada exitosamente a estado: VALIDADO
[2026-06-01 17:51:28,898] [INFO] [OptimaCaptureBot.ExcelHandler] Copia de seguridad creada en C:\Users\dramos\Documents\Proyecto_CapturaBot\temp\Optima_Capture_Bot.xlsx.bak
[2026-06-01 17:51:29,013] [INFO] [OptimaCaptureBot.ExcelHandler] Fila 5 de Excel actualizada exitosamente a estado: VALIDADO
[2026-06-01 17:51:29,021] [INFO] [OptimaCaptureBot.ExcelHandler] Copia de seguridad creada en C:\Users\dramos\Documents\Proyecto_CapturaBot\temp\Optima_Capture_Bot.xlsx.bak
[2026-06-01 17:51:29,129] [INFO] [OptimaCaptureBot.ExcelHandler] Fila 6 de Excel actualizada exitosamente a estado: VALIDADO
[2026-06-01 17:51:29,136] [INFO] [OptimaCaptureBot.ExcelHandler] Copia de seguridad creada en C:\Users\dramos\Documents\Proyecto_CapturaBot\temp\Optima_Capture_Bot.xlsx.bak
[2026-06-01 17:51:29,256] [INFO] [OptimaCaptureBot.ExcelHandler] Fila 7 de Excel actualizada exitosamente a estado: VALIDADO
[2026-06-01 17:51:29,261] [INFO] [OptimaCaptureBot.ExcelHandler] Copia de seguridad creada en C:\Users\dramos\Documents\Proyecto_CapturaBot\temp\Optima_Capture_Bot.xlsx.bak
[2026-06-01 17:51:29,402] [INFO] [OptimaCaptureBot.ExcelHandler] Fila 8 de Excel actualizada exitosamente a estado: VALIDADO
[2026-06-01 17:51:29,407] [INFO] [OptimaCaptureBot.ExcelHandler] Copia de seguridad creada en C:\Users\dramos\Documents\Proyecto_CapturaBot\temp\Optima_Capture_Bot.xlsx.bak
[2026-06-01 17:51:29,508] [INFO] [OptimaCaptureBot.ExcelHandler] Fila 9 de Excel actualizada exitosamente a estado: VALIDADO
[2026-06-01 17:51:29,509] [INFO] [OptimaCaptureBot.Orchestrator] Depuración previa completada de forma segura.
[2026-06-01 17:51:29,509] [INFO] [OptimaCaptureBot.Orchestrator] Iniciando navegador Playwright...
[2026-06-01 17:51:29,511] [INFO] [OptimaCaptureBot.Scraper] Iniciando Playwright...
[2026-06-01 17:51:30,658] [INFO] [OptimaCaptureBot.Scraper] Usando perfil persistente de Chrome en: C:\Users\dramos\Documents\Proyecto_CapturaBot\temp\perfil_bot
[2026-06-01 17:51:32,395] [INFO] [OptimaCaptureBot.Scraper] Navegando a la URL del SATQ: https://satq.qroo.gob.mx/paperless/timbrador.html
[2026-06-01 17:51:33,586] [INFO] [OptimaCaptureBot.Scraper] Portal cargado exitosamente.
[2026-06-01 17:51:33,587] [INFO] [OptimaCaptureBot.Orchestrator] No se requiere inicio de sesión manual. Continuando con el proceso.
[2026-06-01 17:51:33,587] [INFO] [OptimaCaptureBot.Orchestrator] Procesando Fila 2: [Referencia: 70027100199764812] en carpeta Lote_1
[2026-06-01 17:51:33,597] [INFO] [OptimaCaptureBot.ExcelHandler] Copia de seguridad creada en C:\Users\dramos\Documents\Proyecto_CapturaBot\temp\Optima_Capture_Bot.xlsx.bak
[2026-06-01 17:51:33,853] [INFO] [OptimaCaptureBot.ExcelHandler] Fila 2 de Excel actualizada exitosamente a estado: EN_PROCESO
[2026-06-01 17:51:33,858] [INFO] [OptimaCaptureBot.Scraper] Iniciando consulta automatizada para referencia: 70027100199764812 (RFC: CIN010904D31)
[2026-06-01 17:51:43,276] [INFO] [OptimaCaptureBot.Scraper] Botón Buscar pulsado, esperando resultados...
[2026-06-01 17:51:45,344] [WARNING] [OptimaCaptureBot.Scraper] No se encontraron enlaces PDF después del timbrado.
[2026-06-01 17:51:45,352] [INFO] [OptimaCaptureBot.ExcelHandler] Copia de seguridad creada en C:\Users\dramos\Documents\Proyecto_CapturaBot\temp\Optima_Capture_Bot.xlsx.bak
[2026-06-01 17:51:45,472] [INFO] [OptimaCaptureBot.ExcelHandler] Fila 2 de Excel actualizada exitosamente a estado: OK-YA GENERADA
[2026-06-01 17:51:45,473] [ERROR] [OptimaCaptureBot.Orchestrator] Referencia 70027100199764812 falló: None
[2026-06-01 17:51:45,473] [INFO] [OptimaCaptureBot.Orchestrator] Procesando Fila 3: [Referencia: 70027100219764834] en carpeta Lote_1
[2026-06-01 17:51:45,479] [INFO] [OptimaCaptureBot.ExcelHandler] Copia de seguridad creada en C:\Users\dramos\Documents\Proyecto_CapturaBot\temp\Optima_Capture_Bot.xlsx.bak
[2026-06-01 17:51:45,595] [INFO] [OptimaCaptureBot.ExcelHandler] Fila 3 de Excel actualizada exitosamente a estado: EN_PROCESO
[2026-06-01 17:51:45,597] [INFO] [OptimaCaptureBot.Scraper] Iniciando consulta automatizada para referencia: 70027100219764834 (RFC: CIN010904D31)
[2026-06-01 17:51:53,646] [INFO] [OptimaCaptureBot.Scraper] Botón Buscar pulsado, esperando resultados...
[2026-06-01 17:51:55,690] [WARNING] [OptimaCaptureBot.Scraper] No se encontraron enlaces PDF después del timbrado.
[2026-06-01 17:51:55,696] [INFO] [OptimaCaptureBot.ExcelHandler] Copia de seguridad creada en C:\Users\dramos\Documents\Proyecto_CapturaBot\temp\Optima_Capture_Bot.xlsx.bak
[2026-06-01 17:51:55,848] [INFO] [OptimaCaptureBot.ExcelHandler] Fila 3 de Excel actualizada exitosamente a estado: OK-YA GENERADA
[2026-06-01 17:51:55,849] [ERROR] [OptimaCaptureBot.Orchestrator] Referencia 70027100219764834 falló: None
[2026-06-01 17:51:55,850] [INFO] [OptimaCaptureBot.Orchestrator] Procesando Fila 4: [Referencia: 70027100239764856] en carpeta Lote_1
[2026-06-01 17:51:55,855] [INFO] [OptimaCaptureBot.ExcelHandler] Copia de seguridad creada en C:\Users\dramos\Documents\Proyecto_CapturaBot\temp\Optima_Capture_Bot.xlsx.bak
[2026-06-01 17:51:55,956] [INFO] [OptimaCaptureBot.ExcelHandler] Fila 4 de Excel actualizada exitosamente a estado: EN_PROCESO
[2026-06-01 17:51:55,958] [INFO] [OptimaCaptureBot.Scraper] Iniciando consulta automatizada para referencia: 70027100239764856 (RFC: CIN010904D31)
[2026-06-01 17:52:04,124] [INFO] [OptimaCaptureBot.Scraper] Botón Buscar pulsado, esperando resultados...
[2026-06-01 17:52:06,179] [WARNING] [OptimaCaptureBot.Scraper] No se encontraron enlaces PDF después del timbrado.
[2026-06-01 17:52:06,184] [INFO] [OptimaCaptureBot.ExcelHandler] Copia de seguridad creada en C:\Users\dramos\Documents\Proyecto_CapturaBot\temp\Optima_Capture_Bot.xlsx.bak
[2026-06-01 17:52:06,288] [INFO] [OptimaCaptureBot.ExcelHandler] Fila 4 de Excel actualizada exitosamente a estado: OK-YA GENERADA
[2026-06-01 17:52:06,289] [ERROR] [OptimaCaptureBot.Orchestrator] Referencia 70027100239764856 falló: None
[2026-06-01 17:52:06,289] [INFO] [OptimaCaptureBot.Orchestrator] Procesando Fila 5: [Referencia: 70027100269764889] en carpeta Lote_1
[2026-06-01 17:52:06,295] [INFO] [OptimaCaptureBot.ExcelHandler] Copia de seguridad creada en C:\Users\dramos\Documents\Proyecto_CapturaBot\temp\Optima_Capture_Bot.xlsx.bak
[2026-06-01 17:52:06,412] [INFO] [OptimaCaptureBot.ExcelHandler] Fila 5 de Excel actualizada exitosamente a estado: EN_PROCESO
[2026-06-01 17:52:06,414] [INFO] [OptimaCaptureBot.Scraper] Iniciando consulta automatizada para referencia: 70027100269764889 (RFC: CIN010904D31)
[2026-06-01 17:52:15,608] [INFO] [OptimaCaptureBot.Scraper] Botón Buscar pulsado, esperando resultados...
[2026-06-01 17:52:17,662] [WARNING] [OptimaCaptureBot.Scraper] No se encontraron enlaces PDF después del timbrado.
[2026-06-01 17:52:17,667] [INFO] [OptimaCaptureBot.ExcelHandler] Copia de seguridad creada en C:\Users\dramos\Documents\Proyecto_CapturaBot\temp\Optima_Capture_Bot.xlsx.bak
[2026-06-01 17:52:17,784] [INFO] [OptimaCaptureBot.ExcelHandler] Fila 5 de Excel actualizada exitosamente a estado: OK-YA GENERADA
[2026-06-01 17:52:17,784] [ERROR] [OptimaCaptureBot.Orchestrator] Referencia 70027100269764889 falló: None
[2026-06-01 17:52:17,785] [INFO] [OptimaCaptureBot.Orchestrator] Procesando Fila 6: [Referencia: 70027100279764803] en carpeta Lote_1
[2026-06-01 17:52:17,790] [INFO] [OptimaCaptureBot.ExcelHandler] Copia de seguridad creada en C:\Users\dramos\Documents\Proyecto_CapturaBot\temp\Optima_Capture_Bot.xlsx.bak
[2026-06-01 17:52:17,916] [INFO] [OptimaCaptureBot.ExcelHandler] Fila 6 de Excel actualizada exitosamente a estado: EN_PROCESO
[2026-06-01 17:52:17,919] [INFO] [OptimaCaptureBot.Scraper] Iniciando consulta automatizada para referencia: 70027100279764803 (RFC: CIN010904D31)
[2026-06-01 17:52:25,634] [INFO] [OptimaCaptureBot.Scraper] Botón Buscar pulsado, esperando resultados...
[2026-06-01 17:52:27,700] [WARNING] [OptimaCaptureBot.Scraper] No se encontraron enlaces PDF después del timbrado.
[2026-06-01 17:52:27,708] [INFO] [OptimaCaptureBot.ExcelHandler] Copia de seguridad creada en C:\Users\dramos\Documents\Proyecto_CapturaBot\temp\Optima_Capture_Bot.xlsx.bak
[2026-06-01 17:52:27,810] [INFO] [OptimaCaptureBot.ExcelHandler] Fila 6 de Excel actualizada exitosamente a estado: OK-YA GENERADA
[2026-06-01 17:52:27,810] [ERROR] [OptimaCaptureBot.Orchestrator] Referencia 70027100279764803 falló: None
[2026-06-01 17:52:27,811] [INFO] [OptimaCaptureBot.Orchestrator] Procesando Fila 7: [Referencia: 70027100299764825] en carpeta Lote_1
[2026-06-01 17:52:27,817] [INFO] [OptimaCaptureBot.ExcelHandler] Copia de seguridad creada en C:\Users\dramos\Documents\Proyecto_CapturaBot\temp\Optima_Capture_Bot.xlsx.bak
[2026-06-01 17:52:27,924] [INFO] [OptimaCaptureBot.ExcelHandler] Fila 7 de Excel actualizada exitosamente a estado: EN_PROCESO
[2026-06-01 17:52:27,928] [INFO] [OptimaCaptureBot.Scraper] Iniciando consulta automatizada para referencia: 70027100299764825 (RFC: CIN010904D31)
[2026-06-01 17:52:36,845] [INFO] [OptimaCaptureBot.Scraper] Botón Buscar pulsado, esperando resultados...
[2026-06-01 17:52:38,897] [WARNING] [OptimaCaptureBot.Scraper] No se encontraron enlaces PDF después del timbrado.
[2026-06-01 17:52:38,907] [INFO] [OptimaCaptureBot.ExcelHandler] Copia de seguridad creada en C:\Users\dramos\Documents\Proyecto_CapturaBot\temp\Optima_Capture_Bot.xlsx.bak
[2026-06-01 17:52:39,014] [INFO] [OptimaCaptureBot.ExcelHandler] Fila 7 de Excel actualizada exitosamente a estado: OK-YA GENERADA
[2026-06-01 17:52:39,014] [ERROR] [OptimaCaptureBot.Orchestrator] Referencia 70027100299764825 falló: None
[2026-06-01 17:52:39,014] [INFO] [OptimaCaptureBot.Orchestrator] Procesando Fila 8: [Referencia: 70027100319764847] en carpeta Lote_1
[2026-06-01 17:52:39,020] [INFO] [OptimaCaptureBot.ExcelHandler] Copia de seguridad creada en C:\Users\dramos\Documents\Proyecto_CapturaBot\temp\Optima_Capture_Bot.xlsx.bak
[2026-06-01 17:52:39,133] [INFO] [OptimaCaptureBot.ExcelHandler] Fila 8 de Excel actualizada exitosamente a estado: EN_PROCESO
[2026-06-01 17:52:39,135] [INFO] [OptimaCaptureBot.Scraper] Iniciando consulta automatizada para referencia: 70027100319764847 (RFC: CIN010904D31)
[2026-06-01 17:52:48,834] [INFO] [OptimaCaptureBot.Scraper] Botón Buscar pulsado, esperando resultados...
[2026-06-01 17:52:50,893] [WARNING] [OptimaCaptureBot.Scraper] No se encontraron enlaces PDF después del timbrado.
[2026-06-01 17:52:50,897] [INFO] [OptimaCaptureBot.ExcelHandler] Copia de seguridad creada en C:\Users\dramos\Documents\Proyecto_CapturaBot\temp\Optima_Capture_Bot.xlsx.bak
[2026-06-01 17:52:51,016] [INFO] [OptimaCaptureBot.ExcelHandler] Fila 8 de Excel actualizada exitosamente a estado: OK-YA GENERADA
[2026-06-01 17:52:51,017] [ERROR] [OptimaCaptureBot.Orchestrator] Referencia 70027100319764847 falló: None
[2026-06-01 17:52:51,017] [INFO] [OptimaCaptureBot.Orchestrator] Procesando Fila 9: [Referencia: 70027100339764869] en carpeta Lote_1
[2026-06-01 17:52:51,023] [INFO] [OptimaCaptureBot.ExcelHandler] Copia de seguridad creada en C:\Users\dramos\Documents\Proyecto_CapturaBot\temp\Optima_Capture_Bot.xlsx.bak
[2026-06-01 17:52:51,145] [INFO] [OptimaCaptureBot.ExcelHandler] Fila 9 de Excel actualizada exitosamente a estado: EN_PROCESO
[2026-06-01 17:52:51,148] [INFO] [OptimaCaptureBot.Scraper] Iniciando consulta automatizada para referencia: 70027100339764869 (RFC: CIN010904D31)
[2026-06-01 17:53:00,386] [INFO] [OptimaCaptureBot.Scraper] Botón Buscar pulsado, esperando resultados...
[2026-06-01 17:53:02,458] [WARNING] [OptimaCaptureBot.Scraper] No se encontraron enlaces PDF después del timbrado.
[2026-06-01 17:53:02,468] [INFO] [OptimaCaptureBot.ExcelHandler] Copia de seguridad creada en C:\Users\dramos\Documents\Proyecto_CapturaBot\temp\Optima_Capture_Bot.xlsx.bak
[2026-06-01 17:53:02,637] [INFO] [OptimaCaptureBot.ExcelHandler] Fila 9 de Excel actualizada exitosamente a estado: OK-YA GENERADA
[2026-06-01 17:53:02,637] [ERROR] [OptimaCaptureBot.Orchestrator] Referencia 70027100339764869 falló: None
[2026-06-01 17:53:02,638] [INFO] [OptimaCaptureBot.Orchestrator] Procesamiento de registros completado.
[2026-06-01 17:53:02,638] [INFO] [OptimaCaptureBot.Orchestrator] El navegador permanece abierto. Ciérrelo manualmente cuando lo desee.
[2026-06-01 17:53:02,639] [INFO] [OptimaCaptureBot.Orchestrator] Orquestador finalizado de forma ordenada.
[2026-06-01 17:53:22,771] [WARNING] [root] Interrupción de teclado detectada. Cerrando bot...
[2026-06-01 17:54:38,497] [INFO] [root] Sistema de logging inicializado exitosamente.
[2026-06-01 17:54:38,498] [INFO] [root] Archivo Excel localizado en: C:\Users\dramos\Documents\Proyecto_CapturaBot\Optima_Capture_Bot.xlsx
[2026-06-01 17:54:38,499] [INFO] [root] Lanzando interfaz gráfica en CustomTkinter...
[2026-06-01 17:54:38,952] [INFO] [OptimaCaptureBot.GUI] Icono cargado exitosamente desde: C:\Users\dramos\Documents\Proyecto_CapturaBot\ico\cupture_bot.ico
[2026-06-01 17:55:01,986] [INFO] [OptimaCaptureBot.Orchestrator] Iniciando orquestador operativo...
[2026-06-01 17:55:01,986] [INFO] [OptimaCaptureBot.Orchestrator] Cargando catálogo de RFC y registros del Excel...
[2026-06-01 17:55:02,626] [INFO] [OptimaCaptureBot.ExcelHandler] Cargados 8 registros desde Control_Referencias
[2026-06-01 17:55:02,627] [INFO] [OptimaCaptureBot.Orchestrator] Catálogo RFC: CIN010904D31 (CADU INMOBILIARIA)
[2026-06-01 17:55:02,627] [INFO] [OptimaCaptureBot.Orchestrator] Total registros cargados de Excel: 8
[2026-06-01 17:55:02,628] [INFO] [OptimaCaptureBot.Orchestrator] Ejecutando depuración previa y detección de duplicados locales...
[2026-06-01 17:55:02,628] [INFO] [OptimaCaptureBot.Orchestrator] Depuración previa completada de forma segura.
[2026-06-01 17:55:02,628] [INFO] [OptimaCaptureBot.Orchestrator] No existen referencias pendientes de consulta en el portal SATQ.
[2026-06-01 17:55:02,629] [INFO] [OptimaCaptureBot.Orchestrator] Orquestador finalizado de forma ordenada.
[2026-06-01 17:55:14,122] [INFO] [OptimaCaptureBot.Orchestrator] Iniciando orquestador operativo...
[2026-06-01 17:55:14,122] [INFO] [OptimaCaptureBot.Orchestrator] Cargando catálogo de RFC y registros del Excel...
[2026-06-01 17:55:14,835] [INFO] [OptimaCaptureBot.ExcelHandler] Cargados 8 registros desde Control_Referencias
[2026-06-01 17:55:14,836] [INFO] [OptimaCaptureBot.Orchestrator] Catálogo RFC: CIN010904D31 (CADU INMOBILIARIA)
[2026-06-01 17:55:14,836] [INFO] [OptimaCaptureBot.Orchestrator] Total registros cargados de Excel: 8
[2026-06-01 17:55:14,837] [INFO] [OptimaCaptureBot.Orchestrator] Ejecutando depuración previa y detección de duplicados locales...
[2026-06-01 17:55:14,837] [INFO] [OptimaCaptureBot.Orchestrator] Depuración previa completada de forma segura.
[2026-06-01 17:55:14,838] [INFO] [OptimaCaptureBot.Orchestrator] No existen referencias pendientes de consulta en el portal SATQ.
[2026-06-01 17:55:14,838] [INFO] [OptimaCaptureBot.Orchestrator] Orquestador finalizado de forma ordenada.
[2026-06-01 17:55:17,472] [INFO] [OptimaCaptureBot.Orchestrator] Iniciando orquestador operativo...
[2026-06-01 17:55:17,472] [INFO] [OptimaCaptureBot.Orchestrator] Cargando catálogo de RFC y registros del Excel...
[2026-06-01 17:55:18,138] [INFO] [OptimaCaptureBot.ExcelHandler] Cargados 8 registros desde Control_Referencias
[2026-06-01 17:55:18,138] [INFO] [OptimaCaptureBot.Orchestrator] Catálogo RFC: CIN010904D31 (CADU INMOBILIARIA)
[2026-06-01 17:55:18,139] [INFO] [OptimaCaptureBot.Orchestrator] Total registros cargados de Excel: 8
[2026-06-01 17:55:18,139] [INFO] [OptimaCaptureBot.Orchestrator] Ejecutando depuración previa y detección de duplicados locales...
[2026-06-01 17:55:18,140] [INFO] [OptimaCaptureBot.Orchestrator] Depuración previa completada de forma segura.
[2026-06-01 17:55:18,140] [INFO] [OptimaCaptureBot.Orchestrator] No existen referencias pendientes de consulta en el portal SATQ.
[2026-06-01 17:55:18,140] [INFO] [OptimaCaptureBot.Orchestrator] Orquestador finalizado de forma ordenada.
[2026-06-01 17:55:28,170] [INFO] [root] Aplicación cerrada de forma limpia.
[2026-06-01 17:55:47,920] [INFO] [root] Sistema de logging inicializado exitosamente.
[2026-06-01 17:55:47,921] [INFO] [root] Archivo Excel localizado en: C:\Users\dramos\Documents\Proyecto_CapturaBot\Optima_Capture_Bot.xlsx
[2026-06-01 17:55:47,921] [INFO] [root] Lanzando interfaz gráfica en CustomTkinter...
[2026-06-01 17:55:48,273] [INFO] [OptimaCaptureBot.GUI] Icono cargado exitosamente desde: C:\Users\dramos\Documents\Proyecto_CapturaBot\ico\cupture_bot.ico
[2026-06-01 17:56:22,005] [INFO] [OptimaCaptureBot.Orchestrator] Iniciando orquestador operativo...
[2026-06-01 17:56:22,006] [INFO] [OptimaCaptureBot.Orchestrator] Cargando catálogo de RFC y registros del Excel...
[2026-06-01 17:56:25,064] [INFO] [OptimaCaptureBot.ExcelHandler] Cargados 8 registros desde Control_Referencias
[2026-06-01 17:56:25,064] [INFO] [OptimaCaptureBot.Orchestrator] Catálogo RFC: CIN010904D31 (CADU INMOBILIARIA)
[2026-06-01 17:56:25,064] [INFO] [OptimaCaptureBot.Orchestrator] Total registros cargados de Excel: 8
[2026-06-01 17:56:25,065] [INFO] [OptimaCaptureBot.Orchestrator] Ejecutando depuración previa y detección de duplicados locales...
[2026-06-01 17:56:25,073] [INFO] [OptimaCaptureBot.ExcelHandler] Copia de seguridad creada en C:\Users\dramos\Documents\Proyecto_CapturaBot\temp\Optima_Capture_Bot.xlsx.bak
[2026-06-01 17:56:25,332] [INFO] [OptimaCaptureBot.ExcelHandler] Fila 2 de Excel actualizada exitosamente a estado: VALIDADO
[2026-06-01 17:56:25,446] [INFO] [OptimaCaptureBot.ExcelHandler] Copia de seguridad creada en C:\Users\dramos\Documents\Proyecto_CapturaBot\temp\Optima_Capture_Bot.xlsx.bak
[2026-06-01 17:56:25,654] [INFO] [OptimaCaptureBot.ExcelHandler] Fila 3 de Excel actualizada exitosamente a estado: VALIDADO
[2026-06-01 17:56:25,756] [INFO] [OptimaCaptureBot.ExcelHandler] Copia de seguridad creada en C:\Users\dramos\Documents\Proyecto_CapturaBot\temp\Optima_Capture_Bot.xlsx.bak
[2026-06-01 17:56:25,970] [INFO] [OptimaCaptureBot.ExcelHandler] Fila 4 de Excel actualizada exitosamente a estado: VALIDADO
[2026-06-01 17:56:25,976] [INFO] [OptimaCaptureBot.ExcelHandler] Copia de seguridad creada en C:\Users\dramos\Documents\Proyecto_CapturaBot\temp\Optima_Capture_Bot.xlsx.bak
[2026-06-01 17:56:26,116] [INFO] [OptimaCaptureBot.ExcelHandler] Fila 5 de Excel actualizada exitosamente a estado: VALIDADO
[2026-06-01 17:56:26,125] [INFO] [OptimaCaptureBot.ExcelHandler] Copia de seguridad creada en C:\Users\dramos\Documents\Proyecto_CapturaBot\temp\Optima_Capture_Bot.xlsx.bak
[2026-06-01 17:56:26,341] [INFO] [OptimaCaptureBot.ExcelHandler] Fila 6 de Excel actualizada exitosamente a estado: VALIDADO
[2026-06-01 17:56:26,360] [INFO] [OptimaCaptureBot.ExcelHandler] Copia de seguridad creada en C:\Users\dramos\Documents\Proyecto_CapturaBot\temp\Optima_Capture_Bot.xlsx.bak
[2026-06-01 17:56:26,478] [INFO] [OptimaCaptureBot.ExcelHandler] Fila 7 de Excel actualizada exitosamente a estado: VALIDADO
[2026-06-01 17:56:26,483] [INFO] [OptimaCaptureBot.ExcelHandler] Copia de seguridad creada en C:\Users\dramos\Documents\Proyecto_CapturaBot\temp\Optima_Capture_Bot.xlsx.bak
[2026-06-01 17:56:26,592] [INFO] [OptimaCaptureBot.ExcelHandler] Fila 8 de Excel actualizada exitosamente a estado: VALIDADO
[2026-06-01 17:56:26,597] [INFO] [OptimaCaptureBot.ExcelHandler] Copia de seguridad creada en C:\Users\dramos\Documents\Proyecto_CapturaBot\temp\Optima_Capture_Bot.xlsx.bak
[2026-06-01 17:56:26,702] [INFO] [OptimaCaptureBot.ExcelHandler] Fila 9 de Excel actualizada exitosamente a estado: VALIDADO
[2026-06-01 17:56:26,703] [INFO] [OptimaCaptureBot.Orchestrator] Depuración previa completada de forma segura.
[2026-06-01 17:56:26,703] [INFO] [OptimaCaptureBot.Orchestrator] Iniciando navegador Playwright...
[2026-06-01 17:56:26,705] [INFO] [OptimaCaptureBot.Scraper] Iniciando Playwright...
[2026-06-01 17:56:27,489] [INFO] [OptimaCaptureBot.Scraper] Usando perfil persistente de Chrome en: C:\Users\dramos\Documents\Proyecto_CapturaBot\temp\perfil_bot
[2026-06-01 17:56:29,062] [INFO] [OptimaCaptureBot.Scraper] Navegando a la URL del SATQ: https://satq.qroo.gob.mx/paperless/timbrador.html
[2026-06-01 17:56:29,943] [INFO] [OptimaCaptureBot.Scraper] Portal cargado exitosamente.
[2026-06-01 17:56:29,943] [INFO] [OptimaCaptureBot.Orchestrator] No se requiere inicio de sesión manual. Continuando con el proceso.
[2026-06-01 17:56:29,944] [INFO] [OptimaCaptureBot.Orchestrator] Procesando Fila 2: [Referencia: 70027100199764812] en carpeta Lote_1
[2026-06-01 17:56:29,951] [INFO] [OptimaCaptureBot.ExcelHandler] Copia de seguridad creada en C:\Users\dramos\Documents\Proyecto_CapturaBot\temp\Optima_Capture_Bot.xlsx.bak
[2026-06-01 17:56:30,069] [INFO] [OptimaCaptureBot.ExcelHandler] Fila 2 de Excel actualizada exitosamente a estado: EN_PROCESO
[2026-06-01 17:56:30,072] [INFO] [OptimaCaptureBot.Scraper] Iniciando consulta automatizada para referencia: 70027100199764812 (RFC: CIN010904D31)
[2026-06-01 17:56:38,518] [INFO] [OptimaCaptureBot.Scraper] Botón Buscar pulsado, esperando resultados...
[2026-06-01 17:56:40,570] [WARNING] [OptimaCaptureBot.Scraper] No se encontraron enlaces PDF después del timbrado.
[2026-06-01 17:56:40,578] [INFO] [OptimaCaptureBot.ExcelHandler] Copia de seguridad creada en C:\Users\dramos\Documents\Proyecto_CapturaBot\temp\Optima_Capture_Bot.xlsx.bak
[2026-06-01 17:56:40,687] [INFO] [OptimaCaptureBot.ExcelHandler] Fila 2 de Excel actualizada exitosamente a estado: OK-YA GENERADA
[2026-06-01 17:56:40,687] [INFO] [OptimaCaptureBot.Orchestrator] Referencia 70027100199764812 procesada con éxito.
[2026-06-01 17:56:40,688] [INFO] [OptimaCaptureBot.Orchestrator] Procesando Fila 3: [Referencia: 70027100219764834] en carpeta Lote_1
[2026-06-01 17:56:40,694] [INFO] [OptimaCaptureBot.ExcelHandler] Copia de seguridad creada en C:\Users\dramos\Documents\Proyecto_CapturaBot\temp\Optima_Capture_Bot.xlsx.bak
[2026-06-01 17:56:40,797] [INFO] [OptimaCaptureBot.ExcelHandler] Fila 3 de Excel actualizada exitosamente a estado: EN_PROCESO
[2026-06-01 17:56:40,799] [INFO] [OptimaCaptureBot.Scraper] Iniciando consulta automatizada para referencia: 70027100219764834 (RFC: CIN010904D31)
[2026-06-01 17:56:49,258] [INFO] [OptimaCaptureBot.Scraper] Botón Buscar pulsado, esperando resultados...
[2026-06-01 17:56:51,309] [WARNING] [OptimaCaptureBot.Scraper] No se encontraron enlaces PDF después del timbrado.
[2026-06-01 17:56:51,314] [INFO] [OptimaCaptureBot.ExcelHandler] Copia de seguridad creada en C:\Users\dramos\Documents\Proyecto_CapturaBot\temp\Optima_Capture_Bot.xlsx.bak
[2026-06-01 17:56:51,415] [INFO] [OptimaCaptureBot.ExcelHandler] Fila 3 de Excel actualizada exitosamente a estado: OK-YA GENERADA
[2026-06-01 17:56:51,415] [INFO] [OptimaCaptureBot.Orchestrator] Referencia 70027100219764834 procesada con éxito.
[2026-06-01 17:56:51,416] [INFO] [OptimaCaptureBot.Orchestrator] Procesando Fila 4: [Referencia: 70027100239764856] en carpeta Lote_1
[2026-06-01 17:56:51,420] [INFO] [OptimaCaptureBot.ExcelHandler] Copia de seguridad creada en C:\Users\dramos\Documents\Proyecto_CapturaBot\temp\Optima_Capture_Bot.xlsx.bak
[2026-06-01 17:56:51,527] [INFO] [OptimaCaptureBot.ExcelHandler] Fila 4 de Excel actualizada exitosamente a estado: EN_PROCESO
[2026-06-01 17:56:51,529] [INFO] [OptimaCaptureBot.Scraper] Iniciando consulta automatizada para referencia: 70027100239764856 (RFC: CIN010904D31)
[2026-06-01 17:57:01,052] [INFO] [OptimaCaptureBot.Scraper] Botón Buscar pulsado, esperando resultados...
[2026-06-01 17:57:03,105] [WARNING] [OptimaCaptureBot.Scraper] No se encontraron enlaces PDF después del timbrado.
[2026-06-01 17:57:03,109] [INFO] [OptimaCaptureBot.ExcelHandler] Copia de seguridad creada en C:\Users\dramos\Documents\Proyecto_CapturaBot\temp\Optima_Capture_Bot.xlsx.bak
[2026-06-01 17:57:03,224] [INFO] [OptimaCaptureBot.ExcelHandler] Fila 4 de Excel actualizada exitosamente a estado: OK-YA GENERADA
[2026-06-01 17:57:03,224] [INFO] [OptimaCaptureBot.Orchestrator] Referencia 70027100239764856 procesada con éxito.
[2026-06-01 17:57:03,224] [INFO] [OptimaCaptureBot.Orchestrator] Procesando Fila 5: [Referencia: 70027100269764889] en carpeta Lote_1
[2026-06-01 17:57:03,230] [INFO] [OptimaCaptureBot.ExcelHandler] Copia de seguridad creada en C:\Users\dramos\Documents\Proyecto_CapturaBot\temp\Optima_Capture_Bot.xlsx.bak
[2026-06-01 17:57:03,346] [INFO] [OptimaCaptureBot.ExcelHandler] Fila 5 de Excel actualizada exitosamente a estado: EN_PROCESO
[2026-06-01 17:57:03,348] [INFO] [OptimaCaptureBot.Scraper] Iniciando consulta automatizada para referencia: 70027100269764889 (RFC: CIN010904D31)
[2026-06-01 17:57:11,254] [INFO] [OptimaCaptureBot.Scraper] Botón Buscar pulsado, esperando resultados...
[2026-06-01 17:57:13,305] [WARNING] [OptimaCaptureBot.Scraper] No se encontraron enlaces PDF después del timbrado.
[2026-06-01 17:57:13,309] [INFO] [OptimaCaptureBot.ExcelHandler] Copia de seguridad creada en C:\Users\dramos\Documents\Proyecto_CapturaBot\temp\Optima_Capture_Bot.xlsx.bak
[2026-06-01 17:57:13,408] [INFO] [OptimaCaptureBot.ExcelHandler] Fila 5 de Excel actualizada exitosamente a estado: OK-YA GENERADA
[2026-06-01 17:57:13,409] [INFO] [OptimaCaptureBot.Orchestrator] Referencia 70027100269764889 procesada con éxito.
[2026-06-01 17:57:13,409] [INFO] [OptimaCaptureBot.Orchestrator] Procesando Fila 6: [Referencia: 70027100279764803] en carpeta Lote_1
[2026-06-01 17:57:13,414] [INFO] [OptimaCaptureBot.ExcelHandler] Copia de seguridad creada en C:\Users\dramos\Documents\Proyecto_CapturaBot\temp\Optima_Capture_Bot.xlsx.bak
[2026-06-01 17:57:13,524] [INFO] [OptimaCaptureBot.ExcelHandler] Fila 6 de Excel actualizada exitosamente a estado: EN_PROCESO
[2026-06-01 17:57:13,526] [INFO] [OptimaCaptureBot.Scraper] Iniciando consulta automatizada para referencia: 70027100279764803 (RFC: CIN010904D31)
[2026-06-01 17:57:21,448] [INFO] [OptimaCaptureBot.Scraper] Botón Buscar pulsado, esperando resultados...
[2026-06-01 17:57:23,503] [WARNING] [OptimaCaptureBot.Scraper] No se encontraron enlaces PDF después del timbrado.
[2026-06-01 17:57:23,509] [INFO] [OptimaCaptureBot.ExcelHandler] Copia de seguridad creada en C:\Users\dramos\Documents\Proyecto_CapturaBot\temp\Optima_Capture_Bot.xlsx.bak
[2026-06-01 17:57:23,612] [INFO] [OptimaCaptureBot.ExcelHandler] Fila 6 de Excel actualizada exitosamente a estado: OK-YA GENERADA
[2026-06-01 17:57:23,612] [INFO] [OptimaCaptureBot.Orchestrator] Referencia 70027100279764803 procesada con éxito.
[2026-06-01 17:57:23,612] [INFO] [OptimaCaptureBot.Orchestrator] Procesando Fila 7: [Referencia: 70027100299764825] en carpeta Lote_1
[2026-06-01 17:57:23,617] [INFO] [OptimaCaptureBot.ExcelHandler] Copia de seguridad creada en C:\Users\dramos\Documents\Proyecto_CapturaBot\temp\Optima_Capture_Bot.xlsx.bak
[2026-06-01 17:57:23,736] [INFO] [OptimaCaptureBot.ExcelHandler] Fila 7 de Excel actualizada exitosamente a estado: EN_PROCESO
[2026-06-01 17:57:23,739] [INFO] [OptimaCaptureBot.Scraper] Iniciando consulta automatizada para referencia: 70027100299764825 (RFC: CIN010904D31)
[2026-06-01 17:57:32,873] [INFO] [OptimaCaptureBot.Scraper] Botón Buscar pulsado, esperando resultados...
[2026-06-01 17:57:34,924] [WARNING] [OptimaCaptureBot.Scraper] No se encontraron enlaces PDF después del timbrado.
[2026-06-01 17:57:34,930] [INFO] [OptimaCaptureBot.ExcelHandler] Copia de seguridad creada en C:\Users\dramos\Documents\Proyecto_CapturaBot\temp\Optima_Capture_Bot.xlsx.bak
[2026-06-01 17:57:35,033] [INFO] [OptimaCaptureBot.ExcelHandler] Fila 7 de Excel actualizada exitosamente a estado: OK-YA GENERADA
[2026-06-01 17:57:35,034] [INFO] [OptimaCaptureBot.Orchestrator] Referencia 70027100299764825 procesada con éxito.
[2026-06-01 17:57:35,034] [INFO] [OptimaCaptureBot.Orchestrator] Procesando Fila 8: [Referencia: 70027100319764847] en carpeta Lote_1
[2026-06-01 17:57:35,042] [INFO] [OptimaCaptureBot.ExcelHandler] Copia de seguridad creada en C:\Users\dramos\Documents\Proyecto_CapturaBot\temp\Optima_Capture_Bot.xlsx.bak
[2026-06-01 17:57:35,149] [INFO] [OptimaCaptureBot.ExcelHandler] Fila 8 de Excel actualizada exitosamente a estado: EN_PROCESO
[2026-06-01 17:57:35,152] [INFO] [OptimaCaptureBot.Scraper] Iniciando consulta automatizada para referencia: 70027100319764847 (RFC: CIN010904D31)
[2026-06-01 17:57:35,168] [WARNING] [OptimaCaptureBot.Orchestrator] Pausa solicitada. El bot se detendrá al completar el registro actual.
[2026-06-01 17:57:37,527] [WARNING] [OptimaCaptureBot.Orchestrator] Detención segura solicitada. Cerrando procesos...
[2026-06-01 17:57:42,051] [WARNING] [OptimaCaptureBot.Orchestrator] Detención segura solicitada. Cerrando procesos...
[2026-06-01 17:57:43,708] [INFO] [OptimaCaptureBot.Scraper] Botón Buscar pulsado, esperando resultados...
[2026-06-01 17:57:45,760] [WARNING] [OptimaCaptureBot.Scraper] No se encontraron enlaces PDF después del timbrado.
[2026-06-01 17:57:45,765] [INFO] [OptimaCaptureBot.ExcelHandler] Copia de seguridad creada en C:\Users\dramos\Documents\Proyecto_CapturaBot\temp\Optima_Capture_Bot.xlsx.bak
[2026-06-01 17:57:45,869] [INFO] [OptimaCaptureBot.ExcelHandler] Fila 8 de Excel actualizada exitosamente a estado: OK-YA GENERADA
[2026-06-01 17:57:45,869] [INFO] [OptimaCaptureBot.Orchestrator] Referencia 70027100319764847 procesada con éxito.
[2026-06-01 17:57:45,870] [INFO] [OptimaCaptureBot.Orchestrator] Procesamiento de registros completado.
[2026-06-01 17:57:45,870] [INFO] [OptimaCaptureBot.Orchestrator] El navegador permanece abierto. Ciérrelo manualmente cuando lo desee.
[2026-06-01 17:57:45,870] [INFO] [OptimaCaptureBot.Orchestrator] Orquestador finalizado de forma ordenada.
[2026-06-01 18:04:54,064] [WARNING] [root] Interrupción de teclado detectada. Cerrando bot...
[2026-06-01 18:06:15,389] [INFO] [root] Sistema de logging inicializado exitosamente.
[2026-06-01 18:06:15,390] [INFO] [root] Archivo Excel localizado en: C:\Users\dramos\Documents\Proyecto_CapturaBot\Optima_Capture_Bot.xlsx
[2026-06-01 18:06:15,390] [INFO] [root] Lanzando interfaz gráfica en CustomTkinter...
[2026-06-01 18:06:15,763] [INFO] [OptimaCaptureBot.GUI] Icono cargado exitosamente desde: C:\Users\dramos\Documents\Proyecto_CapturaBot\ico\cupture_bot.ico
[2026-06-01 18:06:36,729] [INFO] [OptimaCaptureBot.Orchestrator] Iniciando orquestador operativo...
[2026-06-01 18:06:36,730] [INFO] [OptimaCaptureBot.Orchestrator] Cargando catálogo de RFC y registros del Excel...
[2026-06-01 18:06:39,588] [INFO] [OptimaCaptureBot.ExcelHandler] Cargados 8 registros desde Control_Referencias
[2026-06-01 18:06:39,589] [INFO] [OptimaCaptureBot.Orchestrator] Catálogo RFC: CIN010904D31 (CADU INMOBILIARIA)
[2026-06-01 18:06:39,589] [INFO] [OptimaCaptureBot.Orchestrator] Total registros cargados de Excel: 8
[2026-06-01 18:06:39,589] [INFO] [OptimaCaptureBot.Orchestrator] Ejecutando depuración previa y detección de duplicados locales...
[2026-06-01 18:06:39,597] [INFO] [OptimaCaptureBot.ExcelHandler] Copia de seguridad creada en C:\Users\dramos\Documents\Proyecto_CapturaBot\temp\Optima_Capture_Bot.xlsx.bak
[2026-06-01 18:06:39,835] [INFO] [OptimaCaptureBot.ExcelHandler] Fila 2 de Excel actualizada exitosamente a estado: VALIDADO
[2026-06-01 18:06:39,942] [INFO] [OptimaCaptureBot.ExcelHandler] Copia de seguridad creada en C:\Users\dramos\Documents\Proyecto_CapturaBot\temp\Optima_Capture_Bot.xlsx.bak
[2026-06-01 18:06:40,147] [INFO] [OptimaCaptureBot.ExcelHandler] Fila 3 de Excel actualizada exitosamente a estado: VALIDADO
[2026-06-01 18:06:40,246] [INFO] [OptimaCaptureBot.ExcelHandler] Copia de seguridad creada en C:\Users\dramos\Documents\Proyecto_CapturaBot\temp\Optima_Capture_Bot.xlsx.bak
[2026-06-01 18:06:40,462] [INFO] [OptimaCaptureBot.ExcelHandler] Fila 4 de Excel actualizada exitosamente a estado: VALIDADO
[2026-06-01 18:06:40,468] [INFO] [OptimaCaptureBot.ExcelHandler] Copia de seguridad creada en C:\Users\dramos\Documents\Proyecto_CapturaBot\temp\Optima_Capture_Bot.xlsx.bak
[2026-06-01 18:06:40,596] [INFO] [OptimaCaptureBot.ExcelHandler] Fila 5 de Excel actualizada exitosamente a estado: VALIDADO
[2026-06-01 18:06:40,603] [INFO] [OptimaCaptureBot.ExcelHandler] Copia de seguridad creada en C:\Users\dramos\Documents\Proyecto_CapturaBot\temp\Optima_Capture_Bot.xlsx.bak
[2026-06-01 18:06:40,702] [INFO] [OptimaCaptureBot.ExcelHandler] Fila 6 de Excel actualizada exitosamente a estado: VALIDADO
[2026-06-01 18:06:40,709] [INFO] [OptimaCaptureBot.ExcelHandler] Copia de seguridad creada en C:\Users\dramos\Documents\Proyecto_CapturaBot\temp\Optima_Capture_Bot.xlsx.bak
[2026-06-01 18:06:40,818] [INFO] [OptimaCaptureBot.ExcelHandler] Fila 7 de Excel actualizada exitosamente a estado: VALIDADO
[2026-06-01 18:06:40,824] [INFO] [OptimaCaptureBot.ExcelHandler] Copia de seguridad creada en C:\Users\dramos\Documents\Proyecto_CapturaBot\temp\Optima_Capture_Bot.xlsx.bak
[2026-06-01 18:06:40,953] [INFO] [OptimaCaptureBot.ExcelHandler] Fila 8 de Excel actualizada exitosamente a estado: VALIDADO
[2026-06-01 18:06:40,959] [INFO] [OptimaCaptureBot.ExcelHandler] Copia de seguridad creada en C:\Users\dramos\Documents\Proyecto_CapturaBot\temp\Optima_Capture_Bot.xlsx.bak
[2026-06-01 18:06:41,059] [INFO] [OptimaCaptureBot.ExcelHandler] Fila 9 de Excel actualizada exitosamente a estado: VALIDADO
[2026-06-01 18:06:41,060] [INFO] [OptimaCaptureBot.Orchestrator] Depuración previa completada de forma segura.
[2026-06-01 18:06:41,060] [INFO] [OptimaCaptureBot.Orchestrator] Iniciando navegador Playwright...
[2026-06-01 18:06:41,062] [INFO] [OptimaCaptureBot.Scraper] Iniciando Playwright...
[2026-06-01 18:06:41,866] [INFO] [OptimaCaptureBot.Scraper] Usando perfil persistente de Chrome en: C:\Users\dramos\Documents\Proyecto_CapturaBot\temp\perfil_bot
[2026-06-01 18:06:43,415] [INFO] [OptimaCaptureBot.Scraper] Navegando a la URL del SATQ: https://satq.qroo.gob.mx/paperless/timbrador.html
[2026-06-01 18:06:44,403] [INFO] [OptimaCaptureBot.Scraper] Portal cargado exitosamente.
[2026-06-01 18:06:44,403] [INFO] [OptimaCaptureBot.Orchestrator] No se requiere inicio de sesión manual. Continuando con el proceso.
[2026-06-01 18:06:44,403] [INFO] [OptimaCaptureBot.Orchestrator] Procesando Fila 2: [Referencia: 70027100199764812] en carpeta Lote_1
[2026-06-01 18:06:44,411] [INFO] [OptimaCaptureBot.ExcelHandler] Copia de seguridad creada en C:\Users\dramos\Documents\Proyecto_CapturaBot\temp\Optima_Capture_Bot.xlsx.bak
[2026-06-01 18:06:44,533] [INFO] [OptimaCaptureBot.ExcelHandler] Fila 2 de Excel actualizada exitosamente a estado: EN_PROCESO
[2026-06-01 18:06:44,536] [INFO] [OptimaCaptureBot.Scraper] Iniciando consulta automatizada para referencia: 70027100199764812 (RFC: CIN010904D31)
[2026-06-01 18:06:53,281] [INFO] [OptimaCaptureBot.Scraper] Botón Buscar pulsado, esperando resultados...
[2026-06-01 18:06:58,942] [INFO] [OptimaCaptureBot.Scraper] PDF 1 guardado en C:\Users\dramos\Documents\Lote_1\70027100199764812_pdf1.pdf
[2026-06-01 18:07:02,326] [INFO] [OptimaCaptureBot.Scraper] PDF 2 guardado en C:\Users\dramos\Documents\Lote_1\70027100199764812_pdf2.pdf
[2026-06-01 18:07:02,335] [INFO] [OptimaCaptureBot.ExcelHandler] Copia de seguridad creada en C:\Users\dramos\Documents\Proyecto_CapturaBot\temp\Optima_Capture_Bot.xlsx.bak
[2026-06-01 18:07:02,640] [INFO] [OptimaCaptureBot.ExcelHandler] Fila 2 de Excel actualizada exitosamente a estado: OK-YA GENERADA
[2026-06-01 18:07:02,707] [ERROR] [OptimaCaptureBot.Orchestrator] Error fatal del sistema al intentar guardar la Fila 2: Cannot convert ['C:\\Users\\dramos\\Documents\\Lote_1\\70027100199764812_pdf1.pdf', 'C:\\Users\\dramos\\Documents\\Lote_1\\70027100199764812_pdf2.pdf'] to Excel
[2026-06-01 18:07:02,707] [ERROR] [OptimaCaptureBot.Orchestrator] Referencia 70027100199764812 falló: Cannot convert ['C:\\Users\\dramos\\Documents\\Lote_1\\70027100199764812_pdf1.pdf', 'C:\\Users\\dramos\\Documents\\Lote_1\\70027100199764812_pdf2.pdf'] to Excel
[2026-06-01 18:07:02,708] [INFO] [OptimaCaptureBot.Orchestrator] Procesando Fila 3: [Referencia: 70027100219764834] en carpeta Lote_1
[2026-06-01 18:07:02,765] [INFO] [OptimaCaptureBot.ExcelHandler] Copia de seguridad creada en C:\Users\dramos\Documents\Proyecto_CapturaBot\temp\Optima_Capture_Bot.xlsx.bak
[2026-06-01 18:07:03,007] [INFO] [OptimaCaptureBot.ExcelHandler] Fila 3 de Excel actualizada exitosamente a estado: EN_PROCESO
[2026-06-01 18:07:03,009] [INFO] [OptimaCaptureBot.Scraper] Iniciando consulta automatizada para referencia: 70027100219764834 (RFC: CIN010904D31)
[2026-06-01 18:07:12,320] [INFO] [OptimaCaptureBot.Scraper] Botón Buscar pulsado, esperando resultados...
[2026-06-01 18:07:18,693] [INFO] [OptimaCaptureBot.Scraper] PDF 1 guardado en C:\Users\dramos\Documents\Lote_1\70027100219764834_pdf1.pdf
[2026-06-01 18:07:22,583] [INFO] [OptimaCaptureBot.Scraper] PDF 2 guardado en C:\Users\dramos\Documents\Lote_1\70027100219764834_pdf2.pdf
[2026-06-01 18:07:22,591] [INFO] [OptimaCaptureBot.ExcelHandler] Copia de seguridad creada en C:\Users\dramos\Documents\Proyecto_CapturaBot\temp\Optima_Capture_Bot.xlsx.bak
[2026-06-01 18:07:22,808] [INFO] [OptimaCaptureBot.ExcelHandler] Fila 3 de Excel actualizada exitosamente a estado: OK-YA GENERADA
[2026-06-01 18:07:22,887] [ERROR] [OptimaCaptureBot.Orchestrator] Error fatal del sistema al intentar guardar la Fila 3: Cannot convert ['C:\\Users\\dramos\\Documents\\Lote_1\\70027100219764834_pdf1.pdf', 'C:\\Users\\dramos\\Documents\\Lote_1\\70027100219764834_pdf2.pdf'] to Excel
[2026-06-01 18:07:22,888] [ERROR] [OptimaCaptureBot.Orchestrator] Referencia 70027100219764834 falló: Cannot convert ['C:\\Users\\dramos\\Documents\\Lote_1\\70027100219764834_pdf1.pdf', 'C:\\Users\\dramos\\Documents\\Lote_1\\70027100219764834_pdf2.pdf'] to Excel
[2026-06-01 18:07:22,888] [INFO] [OptimaCaptureBot.Orchestrator] Procesando Fila 4: [Referencia: 70027100239764856] en carpeta Lote_1
[2026-06-01 18:07:22,950] [INFO] [OptimaCaptureBot.ExcelHandler] Copia de seguridad creada en C:\Users\dramos\Documents\Proyecto_CapturaBot\temp\Optima_Capture_Bot.xlsx.bak
[2026-06-01 18:07:23,188] [INFO] [OptimaCaptureBot.ExcelHandler] Fila 4 de Excel actualizada exitosamente a estado: EN_PROCESO
[2026-06-01 18:07:23,191] [INFO] [OptimaCaptureBot.Scraper] Iniciando consulta automatizada para referencia: 70027100239764856 (RFC: CIN010904D31)
[2026-06-01 18:07:33,124] [INFO] [OptimaCaptureBot.Scraper] Botón Buscar pulsado, esperando resultados...
[2026-06-01 18:07:38,965] [INFO] [OptimaCaptureBot.Scraper] PDF 1 guardado en C:\Users\dramos\Documents\Lote_1\70027100239764856_pdf1.pdf
[2026-06-01 18:07:42,312] [INFO] [OptimaCaptureBot.Scraper] PDF 2 guardado en C:\Users\dramos\Documents\Lote_1\70027100239764856_pdf2.pdf
[2026-06-01 18:07:42,318] [INFO] [OptimaCaptureBot.ExcelHandler] Copia de seguridad creada en C:\Users\dramos\Documents\Proyecto_CapturaBot\temp\Optima_Capture_Bot.xlsx.bak
[2026-06-01 18:07:42,571] [INFO] [OptimaCaptureBot.ExcelHandler] Fila 4 de Excel actualizada exitosamente a estado: OK-YA GENERADA
[2026-06-01 18:07:42,645] [ERROR] [OptimaCaptureBot.Orchestrator] Error fatal del sistema al intentar guardar la Fila 4: Cannot convert ['C:\\Users\\dramos\\Documents\\Lote_1\\70027100239764856_pdf1.pdf', 'C:\\Users\\dramos\\Documents\\Lote_1\\70027100239764856_pdf2.pdf'] to Excel
[2026-06-01 18:07:42,645] [ERROR] [OptimaCaptureBot.Orchestrator] Referencia 70027100239764856 falló: Cannot convert ['C:\\Users\\dramos\\Documents\\Lote_1\\70027100239764856_pdf1.pdf', 'C:\\Users\\dramos\\Documents\\Lote_1\\70027100239764856_pdf2.pdf'] to Excel
[2026-06-01 18:07:42,646] [INFO] [OptimaCaptureBot.Orchestrator] Procesando Fila 5: [Referencia: 70027100269764889] en carpeta Lote_1
[2026-06-01 18:07:42,703] [INFO] [OptimaCaptureBot.ExcelHandler] Copia de seguridad creada en C:\Users\dramos\Documents\Proyecto_CapturaBot\temp\Optima_Capture_Bot.xlsx.bak
[2026-06-01 18:07:42,954] [INFO] [OptimaCaptureBot.ExcelHandler] Fila 5 de Excel actualizada exitosamente a estado: EN_PROCESO
[2026-06-01 18:07:42,956] [INFO] [OptimaCaptureBot.Scraper] Iniciando consulta automatizada para referencia: 70027100269764889 (RFC: CIN010904D31)
[2026-06-01 18:07:51,488] [INFO] [OptimaCaptureBot.Scraper] Botón Buscar pulsado, esperando resultados...
[2026-06-01 18:07:56,620] [INFO] [OptimaCaptureBot.Scraper] PDF 1 guardado en C:\Users\dramos\Documents\Lote_1\70027100269764889_pdf1.pdf
[2026-06-01 18:07:59,837] [INFO] [OptimaCaptureBot.Scraper] PDF 2 guardado en C:\Users\dramos\Documents\Lote_1\70027100269764889_pdf2.pdf
[2026-06-01 18:07:59,843] [INFO] [OptimaCaptureBot.ExcelHandler] Copia de seguridad creada en C:\Users\dramos\Documents\Proyecto_CapturaBot\temp\Optima_Capture_Bot.xlsx.bak
[2026-06-01 18:08:00,081] [INFO] [OptimaCaptureBot.ExcelHandler] Fila 5 de Excel actualizada exitosamente a estado: OK-YA GENERADA
[2026-06-01 18:08:00,154] [ERROR] [OptimaCaptureBot.Orchestrator] Error fatal del sistema al intentar guardar la Fila 5: Cannot convert ['C:\\Users\\dramos\\Documents\\Lote_1\\70027100269764889_pdf1.pdf', 'C:\\Users\\dramos\\Documents\\Lote_1\\70027100269764889_pdf2.pdf'] to Excel
[2026-06-01 18:08:00,155] [ERROR] [OptimaCaptureBot.Orchestrator] Referencia 70027100269764889 falló: Cannot convert ['C:\\Users\\dramos\\Documents\\Lote_1\\70027100269764889_pdf1.pdf', 'C:\\Users\\dramos\\Documents\\Lote_1\\70027100269764889_pdf2.pdf'] to Excel
[2026-06-01 18:08:00,156] [INFO] [OptimaCaptureBot.Orchestrator] Procesando Fila 6: [Referencia: 70027100279764803] en carpeta Lote_1
[2026-06-01 18:08:00,209] [INFO] [OptimaCaptureBot.ExcelHandler] Copia de seguridad creada en C:\Users\dramos\Documents\Proyecto_CapturaBot\temp\Optima_Capture_Bot.xlsx.bak
[2026-06-01 18:08:00,436] [INFO] [OptimaCaptureBot.ExcelHandler] Fila 6 de Excel actualizada exitosamente a estado: EN_PROCESO
[2026-06-01 18:08:00,439] [INFO] [OptimaCaptureBot.Scraper] Iniciando consulta automatizada para referencia: 70027100279764803 (RFC: CIN010904D31)
[2026-06-01 18:08:09,274] [INFO] [OptimaCaptureBot.Scraper] Botón Buscar pulsado, esperando resultados...
[2026-06-01 18:08:15,014] [INFO] [OptimaCaptureBot.Scraper] PDF 1 guardado en C:\Users\dramos\Documents\Lote_1\70027100279764803_pdf1.pdf
[2026-06-01 18:08:18,421] [INFO] [OptimaCaptureBot.Scraper] PDF 2 guardado en C:\Users\dramos\Documents\Lote_1\70027100279764803_pdf2.pdf
[2026-06-01 18:08:18,430] [INFO] [OptimaCaptureBot.ExcelHandler] Copia de seguridad creada en C:\Users\dramos\Documents\Proyecto_CapturaBot\temp\Optima_Capture_Bot.xlsx.bak
[2026-06-01 18:08:18,690] [INFO] [OptimaCaptureBot.ExcelHandler] Fila 6 de Excel actualizada exitosamente a estado: OK-YA GENERADA
[2026-06-01 18:08:18,769] [ERROR] [OptimaCaptureBot.Orchestrator] Error fatal del sistema al intentar guardar la Fila 6: Cannot convert ['C:\\Users\\dramos\\Documents\\Lote_1\\70027100279764803_pdf1.pdf', 'C:\\Users\\dramos\\Documents\\Lote_1\\70027100279764803_pdf2.pdf'] to Excel
[2026-06-01 18:08:18,769] [ERROR] [OptimaCaptureBot.Orchestrator] Referencia 70027100279764803 falló: Cannot convert ['C:\\Users\\dramos\\Documents\\Lote_1\\70027100279764803_pdf1.pdf', 'C:\\Users\\dramos\\Documents\\Lote_1\\70027100279764803_pdf2.pdf'] to Excel
[2026-06-01 18:08:18,770] [INFO] [OptimaCaptureBot.Orchestrator] Procesando Fila 7: [Referencia: 70027100299764825] en carpeta Lote_1
[2026-06-01 18:08:18,837] [INFO] [OptimaCaptureBot.ExcelHandler] Copia de seguridad creada en C:\Users\dramos\Documents\Proyecto_CapturaBot\temp\Optima_Capture_Bot.xlsx.bak
[2026-06-01 18:08:19,105] [INFO] [OptimaCaptureBot.ExcelHandler] Fila 7 de Excel actualizada exitosamente a estado: EN_PROCESO
[2026-06-01 18:08:19,108] [INFO] [OptimaCaptureBot.Scraper] Iniciando consulta automatizada para referencia: 70027100299764825 (RFC: CIN010904D31)
[2026-06-01 18:08:28,252] [INFO] [OptimaCaptureBot.Scraper] Botón Buscar pulsado, esperando resultados...
[2026-06-01 18:08:33,856] [INFO] [OptimaCaptureBot.Scraper] PDF 1 guardado en C:\Users\dramos\Documents\Lote_1\70027100299764825_pdf1.pdf
[2026-06-01 18:08:37,092] [INFO] [OptimaCaptureBot.Scraper] PDF 2 guardado en C:\Users\dramos\Documents\Lote_1\70027100299764825_pdf2.pdf
[2026-06-01 18:08:37,101] [INFO] [OptimaCaptureBot.ExcelHandler] Copia de seguridad creada en C:\Users\dramos\Documents\Proyecto_CapturaBot\temp\Optima_Capture_Bot.xlsx.bak
[2026-06-01 18:08:37,382] [INFO] [OptimaCaptureBot.ExcelHandler] Fila 7 de Excel actualizada exitosamente a estado: OK-YA GENERADA
[2026-06-01 18:08:37,454] [ERROR] [OptimaCaptureBot.Orchestrator] Error fatal del sistema al intentar guardar la Fila 7: Cannot convert ['C:\\Users\\dramos\\Documents\\Lote_1\\70027100299764825_pdf1.pdf', 'C:\\Users\\dramos\\Documents\\Lote_1\\70027100299764825_pdf2.pdf'] to Excel
[2026-06-01 18:08:37,455] [ERROR] [OptimaCaptureBot.Orchestrator] Referencia 70027100299764825 falló: Cannot convert ['C:\\Users\\dramos\\Documents\\Lote_1\\70027100299764825_pdf1.pdf', 'C:\\Users\\dramos\\Documents\\Lote_1\\70027100299764825_pdf2.pdf'] to Excel
[2026-06-01 18:08:37,455] [INFO] [OptimaCaptureBot.Orchestrator] Procesando Fila 8: [Referencia: 70027100319764847] en carpeta Lote_1
[2026-06-01 18:08:37,524] [INFO] [OptimaCaptureBot.ExcelHandler] Copia de seguridad creada en C:\Users\dramos\Documents\Proyecto_CapturaBot\temp\Optima_Capture_Bot.xlsx.bak
[2026-06-01 18:08:37,783] [INFO] [OptimaCaptureBot.ExcelHandler] Fila 8 de Excel actualizada exitosamente a estado: EN_PROCESO
[2026-06-01 18:08:37,786] [INFO] [OptimaCaptureBot.Scraper] Iniciando consulta automatizada para referencia: 70027100319764847 (RFC: CIN010904D31)
[2026-06-01 18:08:46,612] [INFO] [OptimaCaptureBot.Scraper] Botón Buscar pulsado, esperando resultados...
[2026-06-01 18:08:52,125] [INFO] [OptimaCaptureBot.Scraper] PDF 1 guardado en C:\Users\dramos\Documents\Lote_1\70027100319764847_pdf1.pdf
[2026-06-01 18:08:55,449] [INFO] [OptimaCaptureBot.Scraper] PDF 2 guardado en C:\Users\dramos\Documents\Lote_1\70027100319764847_pdf2.pdf
[2026-06-01 18:08:55,454] [INFO] [OptimaCaptureBot.ExcelHandler] Copia de seguridad creada en C:\Users\dramos\Documents\Proyecto_CapturaBot\temp\Optima_Capture_Bot.xlsx.bak
[2026-06-01 18:08:55,694] [INFO] [OptimaCaptureBot.ExcelHandler] Fila 8 de Excel actualizada exitosamente a estado: OK-YA GENERADA
[2026-06-01 18:08:55,777] [ERROR] [OptimaCaptureBot.Orchestrator] Error fatal del sistema al intentar guardar la Fila 8: Cannot convert ['C:\\Users\\dramos\\Documents\\Lote_1\\70027100319764847_pdf1.pdf', 'C:\\Users\\dramos\\Documents\\Lote_1\\70027100319764847_pdf2.pdf'] to Excel
[2026-06-01 18:08:55,778] [ERROR] [OptimaCaptureBot.Orchestrator] Referencia 70027100319764847 falló: Cannot convert ['C:\\Users\\dramos\\Documents\\Lote_1\\70027100319764847_pdf1.pdf', 'C:\\Users\\dramos\\Documents\\Lote_1\\70027100319764847_pdf2.pdf'] to Excel
[2026-06-01 18:08:55,778] [INFO] [OptimaCaptureBot.Orchestrator] Procesando Fila 9: [Referencia: 70027100339764869] en carpeta Lote_1
[2026-06-01 18:08:55,841] [INFO] [OptimaCaptureBot.ExcelHandler] Copia de seguridad creada en C:\Users\dramos\Documents\Proyecto_CapturaBot\temp\Optima_Capture_Bot.xlsx.bak
[2026-06-01 18:08:56,074] [INFO] [OptimaCaptureBot.ExcelHandler] Fila 9 de Excel actualizada exitosamente a estado: EN_PROCESO
[2026-06-01 18:08:56,078] [INFO] [OptimaCaptureBot.Scraper] Iniciando consulta automatizada para referencia: 70027100339764869 (RFC: CIN010904D31)
[2026-06-01 18:09:06,795] [INFO] [OptimaCaptureBot.Scraper] Botón Buscar pulsado, esperando resultados...
[2026-06-01 18:09:12,694] [INFO] [OptimaCaptureBot.Scraper] PDF 1 guardado en C:\Users\dramos\Documents\Lote_1\70027100339764869_pdf1.pdf
[2026-06-01 18:09:16,158] [INFO] [OptimaCaptureBot.Scraper] PDF 2 guardado en C:\Users\dramos\Documents\Lote_1\70027100339764869_pdf2.pdf
[2026-06-01 18:09:16,166] [INFO] [OptimaCaptureBot.ExcelHandler] Copia de seguridad creada en C:\Users\dramos\Documents\Proyecto_CapturaBot\temp\Optima_Capture_Bot.xlsx.bak
[2026-06-01 18:09:16,420] [INFO] [OptimaCaptureBot.ExcelHandler] Fila 9 de Excel actualizada exitosamente a estado: OK-YA GENERADA
[2026-06-01 18:09:16,502] [ERROR] [OptimaCaptureBot.Orchestrator] Error fatal del sistema al intentar guardar la Fila 9: Cannot convert ['C:\\Users\\dramos\\Documents\\Lote_1\\70027100339764869_pdf1.pdf', 'C:\\Users\\dramos\\Documents\\Lote_1\\70027100339764869_pdf2.pdf'] to Excel
[2026-06-01 18:09:16,502] [ERROR] [OptimaCaptureBot.Orchestrator] Referencia 70027100339764869 falló: Cannot convert ['C:\\Users\\dramos\\Documents\\Lote_1\\70027100339764869_pdf1.pdf', 'C:\\Users\\dramos\\Documents\\Lote_1\\70027100339764869_pdf2.pdf'] to Excel
[2026-06-01 18:09:16,503] [INFO] [OptimaCaptureBot.Orchestrator] Procesamiento de registros completado.
[2026-06-01 18:09:16,503] [INFO] [OptimaCaptureBot.Orchestrator] El navegador permanece abierto. Ciérrelo manualmente cuando lo desee.
[2026-06-01 18:09:16,504] [INFO] [OptimaCaptureBot.Orchestrator] Orquestador finalizado de forma ordenada.
[2026-06-01 18:16:58,339] [WARNING] [OptimaCaptureBot.Scraper] Error al cerrar contexto Playwright: cannot switch to a different thread (which happens to have exited)
[2026-06-01 18:16:58,340] [WARNING] [OptimaCaptureBot.Scraper] Error al detener Playwright: cannot switch to a different thread (which happens to have exited)
[2026-06-01 18:16:59,039] [INFO] [root] Aplicación cerrada de forma limpia.
[2026-06-01 18:33:38,964] [INFO] [root] Sistema de logging inicializado exitosamente.
[2026-06-01 18:33:38,966] [INFO] [root] Archivo Excel localizado en: C:\Users\dramos\Documents\Proyecto_CapturaBot\Optima_Capture_Bot.xlsx
[2026-06-01 18:33:38,966] [INFO] [root] Lanzando interfaz gráfica en CustomTkinter...
[2026-06-01 18:33:39,712] [INFO] [OptimaCaptureBot.GUI] Icono cargado exitosamente desde: C:\Users\dramos\Documents\Proyecto_CapturaBot\ico\cupture_bot.ico
[2026-06-01 18:35:04,504] [INFO] [OptimaCaptureBot.Orchestrator] Iniciando orquestador operativo...
[2026-06-01 18:35:04,504] [INFO] [OptimaCaptureBot.Orchestrator] Cargando catálogo de RFC y registros del Excel...
[2026-06-01 18:35:08,485] [INFO] [OptimaCaptureBot.ExcelHandler] Cargados 8 registros desde Control_Referencias
[2026-06-01 18:35:08,486] [INFO] [OptimaCaptureBot.Orchestrator] Catálogo RFC: CIN010904D31 (CADU INMOBILIARIA)
[2026-06-01 18:35:08,486] [INFO] [OptimaCaptureBot.Orchestrator] Total registros cargados de Excel: 8
[2026-06-01 18:35:08,487] [INFO] [OptimaCaptureBot.Orchestrator] Ejecutando depuración previa y detección de duplicados locales...
[2026-06-01 18:35:08,499] [INFO] [OptimaCaptureBot.ExcelHandler] Copia de seguridad creada en C:\Users\dramos\Documents\Proyecto_CapturaBot\temp\Optima_Capture_Bot.xlsx.bak
[2026-06-01 18:35:08,829] [INFO] [OptimaCaptureBot.ExcelHandler] Fila 2 de Excel actualizada exitosamente a estado: VALIDADO
[2026-06-01 18:35:08,971] [INFO] [OptimaCaptureBot.ExcelHandler] Copia de seguridad creada en C:\Users\dramos\Documents\Proyecto_CapturaBot\temp\Optima_Capture_Bot.xlsx.bak
[2026-06-01 18:35:09,267] [INFO] [OptimaCaptureBot.ExcelHandler] Fila 3 de Excel actualizada exitosamente a estado: VALIDADO
[2026-06-01 18:35:09,404] [INFO] [OptimaCaptureBot.ExcelHandler] Copia de seguridad creada en C:\Users\dramos\Documents\Proyecto_CapturaBot\temp\Optima_Capture_Bot.xlsx.bak
[2026-06-01 18:35:09,733] [INFO] [OptimaCaptureBot.ExcelHandler] Fila 4 de Excel actualizada exitosamente a estado: VALIDADO
[2026-06-01 18:35:09,740] [INFO] [OptimaCaptureBot.ExcelHandler] Copia de seguridad creada en C:\Users\dramos\Documents\Proyecto_CapturaBot\temp\Optima_Capture_Bot.xlsx.bak
[2026-06-01 18:35:09,922] [INFO] [OptimaCaptureBot.ExcelHandler] Fila 5 de Excel actualizada exitosamente a estado: VALIDADO
[2026-06-01 18:35:09,933] [INFO] [OptimaCaptureBot.ExcelHandler] Copia de seguridad creada en C:\Users\dramos\Documents\Proyecto_CapturaBot\temp\Optima_Capture_Bot.xlsx.bak
[2026-06-01 18:35:10,076] [INFO] [OptimaCaptureBot.ExcelHandler] Fila 6 de Excel actualizada exitosamente a estado: VALIDADO
[2026-06-01 18:35:10,084] [INFO] [OptimaCaptureBot.ExcelHandler] Copia de seguridad creada en C:\Users\dramos\Documents\Proyecto_CapturaBot\temp\Optima_Capture_Bot.xlsx.bak
[2026-06-01 18:35:10,236] [INFO] [OptimaCaptureBot.ExcelHandler] Fila 7 de Excel actualizada exitosamente a estado: VALIDADO
[2026-06-01 18:35:10,244] [INFO] [OptimaCaptureBot.ExcelHandler] Copia de seguridad creada en C:\Users\dramos\Documents\Proyecto_CapturaBot\temp\Optima_Capture_Bot.xlsx.bak
[2026-06-01 18:35:10,416] [INFO] [OptimaCaptureBot.ExcelHandler] Fila 8 de Excel actualizada exitosamente a estado: VALIDADO
[2026-06-01 18:35:10,499] [INFO] [OptimaCaptureBot.ExcelHandler] Copia de seguridad creada en C:\Users\dramos\Documents\Proyecto_CapturaBot\temp\Optima_Capture_Bot.xlsx.bak
[2026-06-01 18:35:10,795] [INFO] [OptimaCaptureBot.ExcelHandler] Fila 9 de Excel actualizada exitosamente a estado: VALIDADO
[2026-06-01 18:35:10,795] [INFO] [OptimaCaptureBot.Orchestrator] Depuración previa completada de forma segura.
[2026-06-01 18:35:10,796] [INFO] [OptimaCaptureBot.Orchestrator] Iniciando navegador Playwright...
[2026-06-01 18:35:10,800] [INFO] [OptimaCaptureBot.Scraper] Iniciando Playwright...
[2026-06-01 18:35:11,813] [INFO] [OptimaCaptureBot.Scraper] Usando perfil persistente de Chrome en: C:\Users\dramos\Documents\Proyecto_CapturaBot\temp\perfil_bot
[2026-06-01 18:35:13,851] [INFO] [OptimaCaptureBot.Scraper] Navegando a la URL del SATQ: https://satq.qroo.gob.mx/paperless/timbrador.html
[2026-06-01 18:35:15,002] [INFO] [OptimaCaptureBot.Scraper] Portal cargado exitosamente.
[2026-06-01 18:35:15,002] [INFO] [OptimaCaptureBot.Orchestrator] No se requiere inicio de sesión manual. Continuando con el proceso.
[2026-06-01 18:35:15,003] [INFO] [OptimaCaptureBot.Orchestrator] Procesando Fila 2: [Referencia: 70027100199764812] en carpeta Lote_1
[2026-06-01 18:35:15,019] [INFO] [OptimaCaptureBot.ExcelHandler] Copia de seguridad creada en C:\Users\dramos\Documents\Proyecto_CapturaBot\temp\Optima_Capture_Bot.xlsx.bak
[2026-06-01 18:35:15,245] [INFO] [OptimaCaptureBot.ExcelHandler] Fila 2 de Excel actualizada exitosamente a estado: EN_PROCESO
[2026-06-01 18:35:15,249] [INFO] [OptimaCaptureBot.Scraper] Iniciando consulta automatizada para referencia: 70027100199764812 (RFC: CIN010904D31)
[2026-06-01 18:35:24,299] [INFO] [OptimaCaptureBot.Scraper] Botón Buscar pulsado, esperando resultados...
[2026-06-01 18:35:29,745] [INFO] [OptimaCaptureBot.Scraper] PDF 1 guardado en C:\Users\dramos\Downloads\Facturas_Referencias\Lote_1\70027100199764812_CIN010904D31_1.pdf
[2026-06-01 18:35:32,988] [INFO] [OptimaCaptureBot.Scraper] PDF 2 guardado en C:\Users\dramos\Downloads\Facturas_Referencias\Lote_1\70027100199764812_CIN010904D31_2.pdf
[2026-06-01 18:35:33,006] [INFO] [OptimaCaptureBot.ExcelHandler] Copia de seguridad creada en C:\Users\dramos\Documents\Proyecto_CapturaBot\temp\Optima_Capture_Bot.xlsx.bak
[2026-06-01 18:35:33,384] [INFO] [OptimaCaptureBot.ExcelHandler] Fila 2 de Excel actualizada exitosamente a estado: OK-YA GENERADA
[2026-06-01 18:35:33,646] [INFO] [OptimaCaptureBot.Orchestrator] Referencia 70027100199764812 procesada con éxito.
[2026-06-01 18:35:33,647] [INFO] [OptimaCaptureBot.Orchestrator] Procesando Fila 3: [Referencia: 70027100219764834] en carpeta Lote_1
[2026-06-01 18:35:33,795] [INFO] [OptimaCaptureBot.ExcelHandler] Copia de seguridad creada en C:\Users\dramos\Documents\Proyecto_CapturaBot\temp\Optima_Capture_Bot.xlsx.bak
[2026-06-01 18:35:34,098] [INFO] [OptimaCaptureBot.ExcelHandler] Fila 3 de Excel actualizada exitosamente a estado: EN_PROCESO
[2026-06-01 18:35:34,102] [INFO] [OptimaCaptureBot.Scraper] Iniciando consulta automatizada para referencia: 70027100219764834 (RFC: CIN010904D31)
[2026-06-01 18:35:44,129] [INFO] [OptimaCaptureBot.Scraper] Botón Buscar pulsado, esperando resultados...
[2026-06-01 18:35:49,568] [INFO] [OptimaCaptureBot.Scraper] PDF 1 guardado en C:\Users\dramos\Downloads\Facturas_Referencias\Lote_1\70027100219764834_CIN010904D31_1.pdf
[2026-06-01 18:35:53,151] [INFO] [OptimaCaptureBot.Scraper] PDF 2 guardado en C:\Users\dramos\Downloads\Facturas_Referencias\Lote_1\70027100219764834_CIN010904D31_2.pdf
[2026-06-01 18:35:53,163] [INFO] [OptimaCaptureBot.ExcelHandler] Copia de seguridad creada en C:\Users\dramos\Documents\Proyecto_CapturaBot\temp\Optima_Capture_Bot.xlsx.bak
[2026-06-01 18:35:53,520] [INFO] [OptimaCaptureBot.ExcelHandler] Fila 3 de Excel actualizada exitosamente a estado: OK-YA GENERADA
[2026-06-01 18:35:53,743] [INFO] [OptimaCaptureBot.Orchestrator] Referencia 70027100219764834 procesada con éxito.
[2026-06-01 18:35:53,744] [INFO] [OptimaCaptureBot.Orchestrator] Procesando Fila 4: [Referencia: 70027100239764856] en carpeta Lote_1
[2026-06-01 18:35:53,915] [INFO] [OptimaCaptureBot.ExcelHandler] Copia de seguridad creada en C:\Users\dramos\Documents\Proyecto_CapturaBot\temp\Optima_Capture_Bot.xlsx.bak
[2026-06-01 18:35:54,255] [INFO] [OptimaCaptureBot.ExcelHandler] Fila 4 de Excel actualizada exitosamente a estado: EN_PROCESO
[2026-06-01 18:35:54,258] [INFO] [OptimaCaptureBot.Scraper] Iniciando consulta automatizada para referencia: 70027100239764856 (RFC: CIN010904D31)
[2026-06-01 18:36:03,753] [INFO] [OptimaCaptureBot.Scraper] Botón Buscar pulsado, esperando resultados...
[2026-06-01 18:36:08,972] [INFO] [OptimaCaptureBot.Scraper] PDF 1 guardado en C:\Users\dramos\Downloads\Facturas_Referencias\Lote_1\70027100239764856_CIN010904D31_1.pdf
[2026-06-01 18:36:12,442] [INFO] [OptimaCaptureBot.Scraper] PDF 2 guardado en C:\Users\dramos\Downloads\Facturas_Referencias\Lote_1\70027100239764856_CIN010904D31_2.pdf
[2026-06-01 18:36:12,452] [INFO] [OptimaCaptureBot.ExcelHandler] Copia de seguridad creada en C:\Users\dramos\Documents\Proyecto_CapturaBot\temp\Optima_Capture_Bot.xlsx.bak
[2026-06-01 18:36:12,890] [INFO] [OptimaCaptureBot.ExcelHandler] Fila 4 de Excel actualizada exitosamente a estado: OK-YA GENERADA
[2026-06-01 18:36:13,194] [INFO] [OptimaCaptureBot.Orchestrator] Referencia 70027100239764856 procesada con éxito.
[2026-06-01 18:36:13,195] [INFO] [OptimaCaptureBot.Orchestrator] Procesando Fila 5: [Referencia: 70027100269764889] en carpeta Lote_1
[2026-06-01 18:36:13,472] [INFO] [OptimaCaptureBot.ExcelHandler] Copia de seguridad creada en C:\Users\dramos\Documents\Proyecto_CapturaBot\temp\Optima_Capture_Bot.xlsx.bak
[2026-06-01 18:36:14,018] [INFO] [OptimaCaptureBot.ExcelHandler] Fila 5 de Excel actualizada exitosamente a estado: EN_PROCESO
[2026-06-01 18:36:14,026] [INFO] [OptimaCaptureBot.Scraper] Iniciando consulta automatizada para referencia: 70027100269764889 (RFC: CIN010904D31)
[2026-06-01 18:36:23,475] [INFO] [OptimaCaptureBot.Scraper] Botón Buscar pulsado, esperando resultados...
[2026-06-01 18:36:28,837] [INFO] [OptimaCaptureBot.Scraper] PDF 1 guardado en C:\Users\dramos\Downloads\Facturas_Referencias\Lote_1\70027100269764889_CIN010904D31_1.pdf
[2026-06-01 18:36:31,904] [INFO] [OptimaCaptureBot.Scraper] PDF 2 guardado en C:\Users\dramos\Downloads\Facturas_Referencias\Lote_1\70027100269764889_CIN010904D31_2.pdf
[2026-06-01 18:36:31,912] [INFO] [OptimaCaptureBot.ExcelHandler] Copia de seguridad creada en C:\Users\dramos\Documents\Proyecto_CapturaBot\temp\Optima_Capture_Bot.xlsx.bak
[2026-06-01 18:36:32,333] [INFO] [OptimaCaptureBot.ExcelHandler] Fila 5 de Excel actualizada exitosamente a estado: OK-YA GENERADA
[2026-06-01 18:36:32,571] [INFO] [OptimaCaptureBot.Orchestrator] Referencia 70027100269764889 procesada con éxito.
[2026-06-01 18:36:32,572] [INFO] [OptimaCaptureBot.Orchestrator] Procesando Fila 6: [Referencia: 70027100279764803] en carpeta Lote_1
[2026-06-01 18:36:32,690] [INFO] [OptimaCaptureBot.ExcelHandler] Copia de seguridad creada en C:\Users\dramos\Documents\Proyecto_CapturaBot\temp\Optima_Capture_Bot.xlsx.bak
[2026-06-01 18:36:32,930] [INFO] [OptimaCaptureBot.ExcelHandler] Fila 6 de Excel actualizada exitosamente a estado: EN_PROCESO
[2026-06-01 18:36:32,933] [INFO] [OptimaCaptureBot.Scraper] Iniciando consulta automatizada para referencia: 70027100279764803 (RFC: CIN010904D31)
[2026-06-01 18:36:41,983] [INFO] [OptimaCaptureBot.Scraper] Botón Buscar pulsado, esperando resultados...
[2026-06-01 18:36:47,124] [INFO] [OptimaCaptureBot.Scraper] PDF 1 guardado en C:\Users\dramos\Downloads\Facturas_Referencias\Lote_1\70027100279764803_CIN010904D31_1.pdf
[2026-06-01 18:36:50,115] [INFO] [OptimaCaptureBot.Scraper] PDF 2 guardado en C:\Users\dramos\Downloads\Facturas_Referencias\Lote_1\70027100279764803_CIN010904D31_2.pdf
[2026-06-01 18:36:50,123] [INFO] [OptimaCaptureBot.ExcelHandler] Copia de seguridad creada en C:\Users\dramos\Documents\Proyecto_CapturaBot\temp\Optima_Capture_Bot.xlsx.bak
[2026-06-01 18:36:50,350] [INFO] [OptimaCaptureBot.ExcelHandler] Fila 6 de Excel actualizada exitosamente a estado: OK-YA GENERADA
[2026-06-01 18:36:50,516] [INFO] [OptimaCaptureBot.Orchestrator] Referencia 70027100279764803 procesada con éxito.
[2026-06-01 18:36:50,517] [INFO] [OptimaCaptureBot.Orchestrator] Procesando Fila 7: [Referencia: 70027100299764825] en carpeta Lote_1
[2026-06-01 18:36:50,631] [INFO] [OptimaCaptureBot.ExcelHandler] Copia de seguridad creada en C:\Users\dramos\Documents\Proyecto_CapturaBot\temp\Optima_Capture_Bot.xlsx.bak
[2026-06-01 18:36:50,867] [INFO] [OptimaCaptureBot.ExcelHandler] Fila 7 de Excel actualizada exitosamente a estado: EN_PROCESO
[2026-06-01 18:36:50,869] [INFO] [OptimaCaptureBot.Scraper] Iniciando consulta automatizada para referencia: 70027100299764825 (RFC: CIN010904D31)
[2026-06-01 18:37:00,903] [INFO] [OptimaCaptureBot.Scraper] Botón Buscar pulsado, esperando resultados...
[2026-06-01 18:37:06,433] [INFO] [OptimaCaptureBot.Scraper] PDF 1 guardado en C:\Users\dramos\Downloads\Facturas_Referencias\Lote_1\70027100299764825_CIN010904D31_1.pdf
[2026-06-01 18:37:09,521] [INFO] [OptimaCaptureBot.Scraper] PDF 2 guardado en C:\Users\dramos\Downloads\Facturas_Referencias\Lote_1\70027100299764825_CIN010904D31_2.pdf
[2026-06-01 18:37:09,529] [INFO] [OptimaCaptureBot.ExcelHandler] Copia de seguridad creada en C:\Users\dramos\Documents\Proyecto_CapturaBot\temp\Optima_Capture_Bot.xlsx.bak
[2026-06-01 18:37:09,781] [INFO] [OptimaCaptureBot.ExcelHandler] Fila 7 de Excel actualizada exitosamente a estado: OK-YA GENERADA
[2026-06-01 18:37:09,952] [INFO] [OptimaCaptureBot.Orchestrator] Referencia 70027100299764825 procesada con éxito.
[2026-06-01 18:37:09,953] [INFO] [OptimaCaptureBot.Orchestrator] Procesando Fila 8: [Referencia: 70027100319764847] en carpeta Lote_1
[2026-06-01 18:37:10,072] [INFO] [OptimaCaptureBot.ExcelHandler] Copia de seguridad creada en C:\Users\dramos\Documents\Proyecto_CapturaBot\temp\Optima_Capture_Bot.xlsx.bak
[2026-06-01 18:37:10,310] [INFO] [OptimaCaptureBot.ExcelHandler] Fila 8 de Excel actualizada exitosamente a estado: EN_PROCESO
[2026-06-01 18:37:10,314] [INFO] [OptimaCaptureBot.Scraper] Iniciando consulta automatizada para referencia: 70027100319764847 (RFC: CIN010904D31)
[2026-06-01 18:37:19,662] [INFO] [OptimaCaptureBot.Scraper] Botón Buscar pulsado, esperando resultados...
[2026-06-01 18:37:24,934] [INFO] [OptimaCaptureBot.Scraper] PDF 1 guardado en C:\Users\dramos\Downloads\Facturas_Referencias\Lote_1\70027100319764847_CIN010904D31_1.pdf
[2026-06-01 18:37:28,038] [INFO] [OptimaCaptureBot.Scraper] PDF 2 guardado en C:\Users\dramos\Downloads\Facturas_Referencias\Lote_1\70027100319764847_CIN010904D31_2.pdf
[2026-06-01 18:37:28,044] [INFO] [OptimaCaptureBot.ExcelHandler] Copia de seguridad creada en C:\Users\dramos\Documents\Proyecto_CapturaBot\temp\Optima_Capture_Bot.xlsx.bak
[2026-06-01 18:37:28,258] [INFO] [OptimaCaptureBot.ExcelHandler] Fila 8 de Excel actualizada exitosamente a estado: OK-YA GENERADA
[2026-06-01 18:37:28,409] [INFO] [OptimaCaptureBot.Orchestrator] Referencia 70027100319764847 procesada con éxito.
[2026-06-01 18:37:28,410] [INFO] [OptimaCaptureBot.Orchestrator] Procesando Fila 9: [Referencia: 70027100339764869] en carpeta Lote_1
[2026-06-01 18:37:28,522] [INFO] [OptimaCaptureBot.ExcelHandler] Copia de seguridad creada en C:\Users\dramos\Documents\Proyecto_CapturaBot\temp\Optima_Capture_Bot.xlsx.bak
[2026-06-01 18:37:28,743] [INFO] [OptimaCaptureBot.ExcelHandler] Fila 9 de Excel actualizada exitosamente a estado: EN_PROCESO
[2026-06-01 18:37:28,746] [INFO] [OptimaCaptureBot.Scraper] Iniciando consulta automatizada para referencia: 70027100339764869 (RFC: CIN010904D31)
[2026-06-01 18:37:38,292] [INFO] [OptimaCaptureBot.Scraper] Botón Buscar pulsado, esperando resultados...
[2026-06-01 18:37:43,785] [INFO] [OptimaCaptureBot.Scraper] PDF 1 guardado en C:\Users\dramos\Downloads\Facturas_Referencias\Lote_1\70027100339764869_CIN010904D31_1.pdf
[2026-06-01 18:37:46,950] [INFO] [OptimaCaptureBot.Scraper] PDF 2 guardado en C:\Users\dramos\Downloads\Facturas_Referencias\Lote_1\70027100339764869_CIN010904D31_2.pdf
[2026-06-01 18:37:46,957] [INFO] [OptimaCaptureBot.ExcelHandler] Copia de seguridad creada en C:\Users\dramos\Documents\Proyecto_CapturaBot\temp\Optima_Capture_Bot.xlsx.bak
[2026-06-01 18:37:47,189] [INFO] [OptimaCaptureBot.ExcelHandler] Fila 9 de Excel actualizada exitosamente a estado: OK-YA GENERADA
[2026-06-01 18:37:47,374] [INFO] [OptimaCaptureBot.Orchestrator] Referencia 70027100339764869 procesada con éxito.
[2026-06-01 18:37:47,375] [INFO] [OptimaCaptureBot.Orchestrator] Procesamiento de registros completado.
[2026-06-01 18:37:47,375] [INFO] [OptimaCaptureBot.Orchestrator] El navegador permanece abierto. Ciérrelo manualmente cuando lo desee.
[2026-06-01 18:37:47,375] [INFO] [OptimaCaptureBot.Orchestrator] Orquestador finalizado de forma ordenada.
[2026-06-01 18:37:53,324] [WARNING] [OptimaCaptureBot.Scraper] Error al cerrar contexto Playwright: cannot switch to a different thread (which happens to have exited)
[2026-06-01 18:37:53,325] [WARNING] [OptimaCaptureBot.Scraper] Error al detener Playwright: cannot switch to a different thread (which happens to have exited)
[2026-06-01 18:37:54,325] [INFO] [root] Aplicación cerrada de forma limpia.
[2026-06-01 18:45:13,413] [INFO] [root] Sistema de logging inicializado exitosamente.
[2026-06-01 18:45:13,413] [ERROR] [root] Error crítico de inicio: No se localizó el archivo maestro 'Optima_Capture_Bot.xlsx' en C:\Users\dramos\Documents\Proyecto_CapturaBot.
[2026-06-01 18:46:04,335] [INFO] [root] Sistema de logging inicializado exitosamente.
[2026-06-01 18:46:04,336] [INFO] [root] Archivo Excel localizado en: C:\Users\dramos\Documents\Proyecto_CapturaBot\Optima_Capture_Bot.xlsx
[2026-06-01 18:46:04,336] [INFO] [root] Lanzando interfaz gráfica en CustomTkinter...
[2026-06-01 18:46:04,646] [INFO] [OptimaCaptureBot.GUI] Icono cargado exitosamente desde: C:\Users\dramos\Documents\Proyecto_CapturaBot\ico\cupture_bot.ico
[2026-06-01 18:46:34,925] [INFO] [OptimaCaptureBot.Orchestrator] Iniciando orquestador operativo...
[2026-06-01 18:46:34,926] [INFO] [OptimaCaptureBot.Orchestrator] Cargando catálogo de RFC y registros del Excel...
[2026-06-01 18:46:39,938] [INFO] [OptimaCaptureBot.ExcelHandler] Cargados 66 registros desde Control_Referencias
[2026-06-01 18:46:39,938] [INFO] [OptimaCaptureBot.Orchestrator] Catálogo RFC: CIN010904D31 (CADU INMOBILIARIA)
[2026-06-01 18:46:39,939] [INFO] [OptimaCaptureBot.Orchestrator] Total registros cargados de Excel: 66
[2026-06-01 18:46:39,939] [INFO] [OptimaCaptureBot.Orchestrator] Ejecutando depuración previa y detección de duplicados locales...
[2026-06-01 18:46:39,946] [INFO] [OptimaCaptureBot.ExcelHandler] Copia de seguridad creada en C:\Users\dramos\Documents\Proyecto_CapturaBot\temp\Optima_Capture_Bot.xlsx.bak
[2026-06-01 18:46:40,188] [INFO] [OptimaCaptureBot.ExcelHandler] Fila 66 de Excel actualizada exitosamente a estado: VALIDADO
[2026-06-01 18:46:40,208] [WARNING] [OptimaCaptureBot.Orchestrator] Detención segura solicitada. Cerrando procesos...
[2026-06-01 18:46:40,302] [INFO] [OptimaCaptureBot.ExcelHandler] Copia de seguridad creada en C:\Users\dramos\Documents\Proyecto_CapturaBot\temp\Optima_Capture_Bot.xlsx.bak
[2026-06-01 18:46:40,501] [INFO] [OptimaCaptureBot.ExcelHandler] Fila 67 de Excel actualizada exitosamente a estado: VALIDADO
[2026-06-01 18:46:40,502] [INFO] [OptimaCaptureBot.Orchestrator] Depuración previa completada de forma segura.
[2026-06-01 18:46:40,502] [INFO] [OptimaCaptureBot.Orchestrator] Iniciando navegador Playwright...
[2026-06-01 18:46:40,504] [INFO] [OptimaCaptureBot.Scraper] Iniciando Playwright...
[2026-06-01 18:46:41,125] [INFO] [OptimaCaptureBot.Scraper] Usando perfil persistente de Chrome en: C:\Users\dramos\Documents\Proyecto_CapturaBot\temp\perfil_bot
[2026-06-01 18:46:42,511] [INFO] [OptimaCaptureBot.Scraper] Navegando a la URL del SATQ: https://satq.qroo.gob.mx/paperless/timbrador.html
[2026-06-01 18:46:43,545] [INFO] [OptimaCaptureBot.Scraper] Portal cargado exitosamente.
[2026-06-01 18:46:43,545] [INFO] [OptimaCaptureBot.Orchestrator] No se requiere inicio de sesión manual. Continuando con el proceso.
[2026-06-01 18:46:43,546] [INFO] [OptimaCaptureBot.Orchestrator] Procesamiento de registros completado.
[2026-06-01 18:46:43,546] [INFO] [OptimaCaptureBot.Orchestrator] El navegador permanece abierto. Ciérrelo manualmente cuando lo desee.
[2026-06-01 18:46:43,547] [INFO] [OptimaCaptureBot.Orchestrator] Orquestador finalizado de forma ordenada.
[2026-06-01 18:46:48,078] [WARNING] [OptimaCaptureBot.Scraper] Error al cerrar contexto Playwright: cannot switch to a different thread (which happens to have exited)
[2026-06-01 18:46:48,078] [WARNING] [OptimaCaptureBot.Scraper] Error al detener Playwright: cannot switch to a different thread (which happens to have exited)
[2026-06-01 18:46:48,604] [INFO] [root] Aplicación cerrada de forma limpia.
[2026-06-01 18:46:55,202] [INFO] [root] Sistema de logging inicializado exitosamente.
[2026-06-01 18:46:55,202] [INFO] [root] Archivo Excel localizado en: C:\Users\dramos\Documents\Proyecto_CapturaBot\Optima_Capture_Bot.xlsx
[2026-06-01 18:46:55,203] [INFO] [root] Lanzando interfaz gráfica en CustomTkinter...
[2026-06-01 18:46:55,506] [INFO] [OptimaCaptureBot.GUI] Icono cargado exitosamente desde: C:\Users\dramos\Documents\Proyecto_CapturaBot\ico\cupture_bot.ico
[2026-06-01 18:49:21,019] [INFO] [OptimaCaptureBot.Orchestrator] Iniciando orquestador operativo...
[2026-06-01 18:49:21,020] [INFO] [OptimaCaptureBot.Orchestrator] Cargando catálogo de RFC y registros del Excel...
[2026-06-01 18:49:24,608] [INFO] [OptimaCaptureBot.ExcelHandler] Cargados 66 registros desde Control_Referencias
[2026-06-01 18:49:24,608] [INFO] [OptimaCaptureBot.Orchestrator] Catálogo RFC: CIN010904D31 (CADU INMOBILIARIA)
[2026-06-01 18:49:24,609] [INFO] [OptimaCaptureBot.Orchestrator] Total registros cargados de Excel: 66
[2026-06-01 18:49:24,609] [INFO] [OptimaCaptureBot.Orchestrator] Ejecutando depuración previa y detección de duplicados locales...
[2026-06-01 18:49:24,609] [INFO] [OptimaCaptureBot.Orchestrator] Depuración previa completada de forma segura.
[2026-06-01 18:49:24,610] [INFO] [OptimaCaptureBot.Orchestrator] Iniciando navegador Playwright...
[2026-06-01 18:49:24,612] [INFO] [OptimaCaptureBot.Scraper] Iniciando Playwright...
[2026-06-01 18:49:25,224] [INFO] [OptimaCaptureBot.Scraper] Usando perfil persistente de Chrome en: C:\Users\dramos\Documents\Proyecto_CapturaBot\temp\perfil_bot
[2026-06-01 18:49:26,571] [INFO] [OptimaCaptureBot.Scraper] Navegando a la URL del SATQ: https://satq.qroo.gob.mx/paperless/timbrador.html
[2026-06-01 18:49:27,523] [INFO] [OptimaCaptureBot.Scraper] Portal cargado exitosamente.
[2026-06-01 18:49:27,523] [INFO] [OptimaCaptureBot.Orchestrator] No se requiere inicio de sesión manual. Continuando con el proceso.
[2026-06-01 18:49:27,524] [INFO] [OptimaCaptureBot.Orchestrator] Procesando Fila 66: [Referencia: 70027100349764880] en carpeta Lote_1
[2026-06-01 18:49:27,537] [INFO] [OptimaCaptureBot.ExcelHandler] Copia de seguridad creada en C:\Users\dramos\Documents\Proyecto_CapturaBot\temp\Optima_Capture_Bot.xlsx.bak
[2026-06-01 18:49:27,840] [INFO] [OptimaCaptureBot.ExcelHandler] Fila 66 de Excel actualizada exitosamente a estado: EN_PROCESO
[2026-06-01 18:49:27,842] [INFO] [OptimaCaptureBot.Scraper] Iniciando consulta automatizada para referencia: 70027100349764880 (RFC: CIN010904D31)
[2026-06-01 18:49:37,282] [INFO] [OptimaCaptureBot.Scraper] Botón Buscar pulsado, esperando resultados...
[2026-06-01 18:49:39,576] [INFO] [OptimaCaptureBot.Scraper] Clic en Generar CFDI ejecutado.
[2026-06-01 18:49:41,868] [INFO] [OptimaCaptureBot.Scraper] Razón Social establecida: 'CADU INMOBILIARIA'
[2026-06-01 18:49:42,349] [INFO] [OptimaCaptureBot.Scraper] Código Postal establecido: '77503'
[2026-06-01 18:49:42,350] [INFO] [OptimaCaptureBot.Scraper] Datos de validación rellenados y verificados.
[2026-06-01 18:49:43,412] [INFO] [OptimaCaptureBot.Scraper] [VALIDACIÓN] Campos listos. Revise en Chrome antes de timbrar:
  · Razón Social → 'CADU INMOBILIARIA'
  · Código Postal → '77503'
Haga clic en 'Aprobar Timbrado' en la aplicación para continuar.
[2026-06-01 18:49:43,417] [WARNING] [OptimaCaptureBot.Orchestrator] [AUTÓNOMO] ✓ Timbrado aprobado automáticamente. Razón Social='CADU INMOBILIARIA' | CP='77503'
[2026-06-01 18:49:43,428] [INFO] [OptimaCaptureBot.Scraper] [VALIDACIÓN] Aprobado por el operador. Procediendo a timbrar...
[2026-06-01 18:49:43,560] [INFO] [OptimaCaptureBot.Scraper] Clic en Timbrar ejecutado.
[2026-06-01 18:49:51,036] [INFO] [OptimaCaptureBot.Scraper] PDF 1 guardado en C:\Users\dramos\Downloads\Facturas_Referencias\Lote_1\70027100349764880_CIN010904D31_1.pdf
[2026-06-01 18:49:54,288] [INFO] [OptimaCaptureBot.Scraper] PDF 2 guardado en C:\Users\dramos\Downloads\Facturas_Referencias\Lote_1\70027100349764880_CIN010904D31_2.pdf
[2026-06-01 18:49:54,294] [INFO] [OptimaCaptureBot.ExcelHandler] Copia de seguridad creada en C:\Users\dramos\Documents\Proyecto_CapturaBot\temp\Optima_Capture_Bot.xlsx.bak
[2026-06-01 18:49:54,534] [INFO] [OptimaCaptureBot.ExcelHandler] Fila 66 de Excel actualizada exitosamente a estado: OK-GENERADA
[2026-06-01 18:49:54,534] [INFO] [OptimaCaptureBot.Orchestrator] Referencia 70027100349764880 procesada con éxito.
[2026-06-01 18:49:54,535] [INFO] [OptimaCaptureBot.Orchestrator] Procesando Fila 67: [Referencia: 70027100359764891] en carpeta Lote_1
[2026-06-01 18:49:54,641] [INFO] [OptimaCaptureBot.ExcelHandler] Copia de seguridad creada en C:\Users\dramos\Documents\Proyecto_CapturaBot\temp\Optima_Capture_Bot.xlsx.bak
[2026-06-01 18:49:54,889] [INFO] [OptimaCaptureBot.ExcelHandler] Fila 67 de Excel actualizada exitosamente a estado: EN_PROCESO
[2026-06-01 18:49:54,892] [INFO] [OptimaCaptureBot.Scraper] Iniciando consulta automatizada para referencia: 70027100359764891 (RFC: CIN010904D31)
[2026-06-01 18:50:04,228] [INFO] [OptimaCaptureBot.Scraper] Botón Buscar pulsado, esperando resultados...
[2026-06-01 18:50:06,329] [INFO] [OptimaCaptureBot.Scraper] Clic en Generar CFDI ejecutado.
[2026-06-01 18:50:08,630] [INFO] [OptimaCaptureBot.Scraper] Razón Social establecida: 'CADU INMOBILIARIA'
[2026-06-01 18:50:09,183] [INFO] [OptimaCaptureBot.Scraper] Código Postal establecido: '77503'
[2026-06-01 18:50:09,184] [INFO] [OptimaCaptureBot.Scraper] Datos de validación rellenados y verificados.
[2026-06-01 18:50:11,109] [INFO] [OptimaCaptureBot.Scraper] [VALIDACIÓN] Campos listos. Revise en Chrome antes de timbrar:
  · Razón Social → 'CADU INMOBILIARIA'
  · Código Postal → '77503'
Haga clic en 'Aprobar Timbrado' en la aplicación para continuar.
[2026-06-01 18:50:11,113] [WARNING] [OptimaCaptureBot.Orchestrator] [AUTÓNOMO] ✓ Timbrado aprobado automáticamente. Razón Social='CADU INMOBILIARIA' | CP='77503'
[2026-06-01 18:50:11,123] [INFO] [OptimaCaptureBot.Scraper] [VALIDACIÓN] Aprobado por el operador. Procediendo a timbrar...
[2026-06-01 18:50:11,300] [INFO] [OptimaCaptureBot.Scraper] Clic en Timbrar ejecutado.
[2026-06-01 18:50:18,158] [INFO] [OptimaCaptureBot.Scraper] PDF 1 guardado en C:\Users\dramos\Downloads\Facturas_Referencias\Lote_1\70027100359764891_CIN010904D31_1.pdf
[2026-06-01 18:50:21,284] [INFO] [OptimaCaptureBot.Scraper] PDF 2 guardado en C:\Users\dramos\Downloads\Facturas_Referencias\Lote_1\70027100359764891_CIN010904D31_2.pdf
[2026-06-01 18:50:21,290] [INFO] [OptimaCaptureBot.ExcelHandler] Copia de seguridad creada en C:\Users\dramos\Documents\Proyecto_CapturaBot\temp\Optima_Capture_Bot.xlsx.bak
[2026-06-01 18:50:21,540] [INFO] [OptimaCaptureBot.ExcelHandler] Fila 67 de Excel actualizada exitosamente a estado: OK-GENERADA
[2026-06-01 18:50:21,540] [INFO] [OptimaCaptureBot.Orchestrator] Referencia 70027100359764891 procesada con éxito.
[2026-06-01 18:50:21,540] [INFO] [OptimaCaptureBot.Orchestrator] Procesamiento de registros completado.
[2026-06-01 18:50:21,541] [INFO] [OptimaCaptureBot.Orchestrator] El navegador permanece abierto. Ciérrelo manualmente cuando lo desee.
[2026-06-01 18:50:21,541] [INFO] [OptimaCaptureBot.Orchestrator] Orquestador finalizado de forma ordenada.
[2026-06-01 19:00:02,309] [WARNING] [OptimaCaptureBot.Scraper] Error al cerrar contexto Playwright: cannot switch to a different thread (which happens to have exited)
[2026-06-01 19:00:02,310] [WARNING] [OptimaCaptureBot.Scraper] Error al detener Playwright: cannot switch to a different thread (which happens to have exited)
[2026-06-01 19:00:02,812] [INFO] [root] Aplicación cerrada de forma limpia.
[2026-06-01 19:02:49,398] [INFO] [root] Sistema de logging inicializado exitosamente.
[2026-06-01 19:02:49,399] [INFO] [root] Archivo Excel localizado en: C:\Users\dramos\Documents\Proyecto_CapturaBot\Optima_Capture_Bot.xlsx
[2026-06-01 19:02:49,399] [INFO] [root] Lanzando interfaz gráfica en CustomTkinter...
[2026-06-01 19:02:49,722] [INFO] [OptimaCaptureBot.GUI] Icono cargado exitosamente desde: C:\Users\dramos\Documents\Proyecto_CapturaBot\ico\cupture_bot.ico
[2026-06-01 19:03:16,752] [INFO] [OptimaCaptureBot.Orchestrator] Iniciando orquestador operativo...
[2026-06-01 19:03:16,752] [INFO] [OptimaCaptureBot.Orchestrator] Cargando catálogo de RFC y registros del Excel...
[2026-06-01 19:03:21,717] [INFO] [OptimaCaptureBot.ExcelHandler] Cargados 68 registros desde Control_Referencias
[2026-06-01 19:03:21,717] [INFO] [OptimaCaptureBot.Orchestrator] Catálogo RFC: CIN010904D31 (CADU INMOBILIARIA)
[2026-06-01 19:03:21,717] [INFO] [OptimaCaptureBot.Orchestrator] Total registros cargados de Excel: 68
[2026-06-01 19:03:21,718] [INFO] [OptimaCaptureBot.Orchestrator] Ejecutando depuración previa y detección de duplicados locales...
[2026-06-01 19:03:21,724] [INFO] [OptimaCaptureBot.ExcelHandler] Copia de seguridad creada en C:\Users\dramos\Documents\Proyecto_CapturaBot\temp\Optima_Capture_Bot.xlsx.bak
[2026-06-01 19:03:21,972] [INFO] [OptimaCaptureBot.ExcelHandler] Fila 68 de Excel actualizada exitosamente a estado: VALIDADO
[2026-06-01 19:03:22,076] [INFO] [OptimaCaptureBot.ExcelHandler] Copia de seguridad creada en C:\Users\dramos\Documents\Proyecto_CapturaBot\temp\Optima_Capture_Bot.xlsx.bak
[2026-06-01 19:03:22,301] [INFO] [OptimaCaptureBot.ExcelHandler] Fila 69 de Excel actualizada exitosamente a estado: VALIDADO
[2026-06-01 19:03:22,301] [INFO] [OptimaCaptureBot.Orchestrator] Depuración previa completada de forma segura.
[2026-06-01 19:03:22,302] [INFO] [OptimaCaptureBot.Orchestrator] Iniciando navegador Playwright...
[2026-06-01 19:03:22,304] [INFO] [OptimaCaptureBot.Scraper] Iniciando Playwright...
[2026-06-01 19:03:22,927] [INFO] [OptimaCaptureBot.Scraper] Usando perfil persistente de Chrome en: C:\Users\dramos\Documents\Proyecto_CapturaBot\temp\perfil_bot
[2026-06-01 19:03:24,319] [INFO] [OptimaCaptureBot.Scraper] Navegando a la URL del SATQ: https://satq.qroo.gob.mx/paperless/timbrador.html
[2026-06-01 19:03:25,273] [INFO] [OptimaCaptureBot.Scraper] Portal cargado exitosamente.
[2026-06-01 19:03:25,274] [INFO] [OptimaCaptureBot.Orchestrator] No se requiere inicio de sesión manual. Continuando con el proceso.
[2026-06-01 19:03:25,275] [INFO] [OptimaCaptureBot.Orchestrator] Procesando Fila 68: [Referencia: 70027100369764805] en carpeta Lote_1
[2026-06-01 19:03:25,292] [INFO] [OptimaCaptureBot.ExcelHandler] Copia de seguridad creada en C:\Users\dramos\Documents\Proyecto_CapturaBot\temp\Optima_Capture_Bot.xlsx.bak
[2026-06-01 19:03:25,763] [INFO] [OptimaCaptureBot.ExcelHandler] Fila 68 de Excel actualizada exitosamente a estado: EN_PROCESO
[2026-06-01 19:03:25,765] [INFO] [OptimaCaptureBot.Scraper] Iniciando consulta automatizada para referencia: 70027100369764805 (RFC: CIN010904D31)
[2026-06-01 19:03:33,903] [INFO] [OptimaCaptureBot.Scraper] Botón Buscar pulsado, esperando resultados...
[2026-06-01 19:03:36,136] [INFO] [OptimaCaptureBot.Scraper] Clic en Generar CFDI ejecutado.
[2026-06-01 19:03:39,255] [INFO] [OptimaCaptureBot.Scraper] Razón Social establecida: 'CADU INMOBILIARIA'
[2026-06-01 19:03:39,707] [INFO] [OptimaCaptureBot.Scraper] Código Postal establecido: '77503'
[2026-06-01 19:03:39,709] [INFO] [OptimaCaptureBot.Scraper] Datos de validación rellenados y verificados.
[2026-06-01 19:03:41,424] [INFO] [OptimaCaptureBot.Scraper] [VALIDACIÓN] Campos listos. Revise en Chrome antes de timbrar:
  · Razón Social → 'CADU INMOBILIARIA'
  · Código Postal → '77503'
Haga clic en 'Aprobar Timbrado' en la aplicación para continuar.
[2026-06-01 19:03:41,428] [WARNING] [OptimaCaptureBot.Orchestrator] [AUTÓNOMO] ✓ Timbrado aprobado automáticamente. Razón Social='CADU INMOBILIARIA' | CP='77503'
[2026-06-01 19:03:41,437] [INFO] [OptimaCaptureBot.Scraper] [VALIDACIÓN] Aprobado por el operador. Procediendo a timbrar...
[2026-06-01 19:03:41,590] [INFO] [OptimaCaptureBot.Scraper] Clic en Timbrar ejecutado.
[2026-06-01 19:03:48,070] [INFO] [OptimaCaptureBot.Scraper] PDF 1 guardado en C:\Users\dramos\Downloads\Facturas_Referencias\Lote_1\70027100369764805_CIN010904D31_1.pdf
[2026-06-01 19:03:51,244] [INFO] [OptimaCaptureBot.Scraper] PDF 2 guardado en C:\Users\dramos\Downloads\Facturas_Referencias\Lote_1\70027100369764805_CIN010904D31_2.pdf
[2026-06-01 19:03:51,251] [INFO] [OptimaCaptureBot.ExcelHandler] Copia de seguridad creada en C:\Users\dramos\Documents\Proyecto_CapturaBot\temp\Optima_Capture_Bot.xlsx.bak
[2026-06-01 19:03:51,494] [INFO] [OptimaCaptureBot.ExcelHandler] Fila 68 de Excel actualizada exitosamente a estado: OK-GENERADA
[2026-06-01 19:03:51,494] [INFO] [OptimaCaptureBot.Orchestrator] Referencia 70027100369764805 procesada con éxito.
[2026-06-01 19:03:51,495] [INFO] [OptimaCaptureBot.Orchestrator] Procesando Fila 69: [Referencia: 70027100489764840] en carpeta Lote_1
[2026-06-01 19:03:51,627] [INFO] [OptimaCaptureBot.ExcelHandler] Copia de seguridad creada en C:\Users\dramos\Documents\Proyecto_CapturaBot\temp\Optima_Capture_Bot.xlsx.bak
[2026-06-01 19:03:51,882] [INFO] [OptimaCaptureBot.ExcelHandler] Fila 69 de Excel actualizada exitosamente a estado: EN_PROCESO
[2026-06-01 19:03:51,885] [INFO] [OptimaCaptureBot.Scraper] Iniciando consulta automatizada para referencia: 70027100489764840 (RFC: CIN010904D31)
[2026-06-01 19:04:01,081] [INFO] [OptimaCaptureBot.Scraper] Botón Buscar pulsado, esperando resultados...
[2026-06-01 19:04:03,387] [INFO] [OptimaCaptureBot.Scraper] Clic en Generar CFDI ejecutado.
[2026-06-01 19:04:06,565] [INFO] [OptimaCaptureBot.Scraper] Razón Social establecida: 'CADU INMOBILIARIA'
[2026-06-01 19:04:07,024] [INFO] [OptimaCaptureBot.Scraper] Código Postal establecido: '77503'
[2026-06-01 19:04:07,025] [INFO] [OptimaCaptureBot.Scraper] Datos de validación rellenados y verificados.
[2026-06-01 19:04:08,921] [INFO] [OptimaCaptureBot.Scraper] [VALIDACIÓN] Campos listos. Revise en Chrome antes de timbrar:
  · Razón Social → 'CADU INMOBILIARIA'
  · Código Postal → '77503'
Haga clic en 'Aprobar Timbrado' en la aplicación para continuar.
[2026-06-01 19:04:08,926] [WARNING] [OptimaCaptureBot.Orchestrator] [AUTÓNOMO] ✓ Timbrado aprobado automáticamente. Razón Social='CADU INMOBILIARIA' | CP='77503'
[2026-06-01 19:04:08,934] [INFO] [OptimaCaptureBot.Scraper] [VALIDACIÓN] Aprobado por el operador. Procediendo a timbrar...
[2026-06-01 19:04:09,104] [INFO] [OptimaCaptureBot.Scraper] Clic en Timbrar ejecutado.
[2026-06-01 19:04:15,457] [INFO] [OptimaCaptureBot.Scraper] PDF 1 guardado en C:\Users\dramos\Downloads\Facturas_Referencias\Lote_1\70027100489764840_CIN010904D31_1.pdf
[2026-06-01 19:04:19,103] [INFO] [OptimaCaptureBot.Scraper] PDF 2 guardado en C:\Users\dramos\Downloads\Facturas_Referencias\Lote_1\70027100489764840_CIN010904D31_2.pdf
[2026-06-01 19:04:19,111] [INFO] [OptimaCaptureBot.ExcelHandler] Copia de seguridad creada en C:\Users\dramos\Documents\Proyecto_CapturaBot\temp\Optima_Capture_Bot.xlsx.bak
[2026-06-01 19:04:19,394] [INFO] [OptimaCaptureBot.ExcelHandler] Fila 69 de Excel actualizada exitosamente a estado: OK-GENERADA
[2026-06-01 19:04:19,395] [INFO] [OptimaCaptureBot.Orchestrator] Referencia 70027100489764840 procesada con éxito.
[2026-06-01 19:04:19,396] [INFO] [OptimaCaptureBot.Orchestrator] Procesamiento de registros completado.
[2026-06-01 19:04:19,396] [INFO] [OptimaCaptureBot.Orchestrator] El navegador permanece abierto. Ciérrelo manualmente cuando lo desee.
[2026-06-01 19:04:19,397] [INFO] [OptimaCaptureBot.Orchestrator] Orquestador finalizado de forma ordenada.
[2026-06-01 19:04:42,219] [WARNING] [OptimaCaptureBot.Scraper] Error al cerrar contexto Playwright: cannot switch to a different thread (which happens to have exited)
[2026-06-01 19:04:42,220] [WARNING] [OptimaCaptureBot.Scraper] Error al detener Playwright: cannot switch to a different thread (which happens to have exited)
[2026-06-01 19:04:42,229] [INFO] [OptimaCaptureBot.Scraper] Directorio temporal de descargas de Playwright limpiado.
[2026-06-01 19:04:42,779] [INFO] [root] Aplicación cerrada de forma limpia.
[2026-06-01 19:06:49,483] [INFO] [root] Sistema de logging inicializado exitosamente.
[2026-06-01 19:06:49,484] [ERROR] [root] Error crítico de inicio: No se localizó el archivo maestro 'Optima_Capture_Bot.xlsx' en C:\Users\dramos\Documents\Proyecto_CapturaBot.
[2026-06-01 19:13:18,391] [INFO] [root] Sistema de logging inicializado exitosamente.
[2026-06-01 19:13:18,393] [WARNING] [root] Advertencia: No se encontró ningún archivo Excel válido al iniciar. Se solicitará al usuario seleccionarlo desde la interfaz gráfica.
[2026-06-01 19:13:18,393] [INFO] [root] Lanzando interfaz gráfica en CustomTkinter...
[2026-06-01 19:13:18,752] [INFO] [OptimaCaptureBot.GUI] Icono cargado exitosamente desde: C:\Users\dramos\Documents\Proyecto_CapturaBot\ico\cupture_bot.ico
[2026-06-01 19:19:35,918] [INFO] [root] Sistema de logging inicializado exitosamente.
[2026-06-01 19:19:35,920] [WARNING] [root] Advertencia: No se encontró ningún archivo Excel válido al iniciar. Se solicitará al usuario seleccionarlo desde la interfaz gráfica.
[2026-06-01 19:19:35,921] [INFO] [root] Lanzando interfaz gráfica en CustomTkinter...
[2026-06-01 19:19:36,256] [INFO] [OptimaCaptureBot.GUI] Icono cargado exitosamente desde: C:\Users\dramos\Documents\Proyecto_CapturaBot\ico\cupture_bot.ico
[2026-06-01 19:19:52,374] [INFO] [root] Aplicación cerrada de forma limpia.
[2026-06-01 19:26:04,043] [INFO] [root] Sistema de logging inicializado exitosamente.
[2026-06-01 19:26:04,045] [INFO] [root] Archivo Excel cargado desde configuración: C:\Users\dramos\Documents\Proyecto_CapturaBot\Optima_Capture_Bot.xlsx
[2026-06-01 19:26:04,046] [INFO] [root] Lanzando interfaz gráfica en CustomTkinter...
[2026-06-01 19:26:04,396] [INFO] [OptimaCaptureBot.GUI] Icono cargado exitosamente desde: C:\Users\dramos\Documents\Proyecto_CapturaBot\ico\cupture_bot.ico
[2026-06-01 19:26:28,143] [INFO] [OptimaCaptureBot.Orchestrator] Iniciando orquestador operativo...
[2026-06-01 19:26:28,144] [INFO] [OptimaCaptureBot.Orchestrator] Cargando catálogo de RFC y registros del Excel...
[2026-06-01 19:26:34,162] [INFO] [OptimaCaptureBot.ExcelHandler] Cargados 74 registros desde Control_Referencias
[2026-06-01 19:26:34,163] [INFO] [OptimaCaptureBot.Orchestrator] Catálogo RFC: CIN010904D31 (CADU INMOBILIARIA)
[2026-06-01 19:26:34,163] [INFO] [OptimaCaptureBot.Orchestrator] Total registros cargados de Excel: 74
[2026-06-01 19:26:34,164] [INFO] [OptimaCaptureBot.Orchestrator] Ejecutando depuración previa y detección de duplicados locales...
[2026-06-01 19:26:34,174] [INFO] [OptimaCaptureBot.ExcelHandler] Copia de seguridad creada en C:\Users\dramos\Documents\Proyecto_CapturaBot\temp\Optima_Capture_Bot.xlsx.bak
[2026-06-01 19:26:34,466] [INFO] [OptimaCaptureBot.ExcelHandler] Fila 70 de Excel actualizada exitosamente a estado: VALIDADO
[2026-06-01 19:26:34,599] [INFO] [OptimaCaptureBot.ExcelHandler] Copia de seguridad creada en C:\Users\dramos\Documents\Proyecto_CapturaBot\temp\Optima_Capture_Bot.xlsx.bak
[2026-06-01 19:26:34,822] [INFO] [OptimaCaptureBot.ExcelHandler] Fila 71 de Excel actualizada exitosamente a estado: VALIDADO
[2026-06-01 19:26:34,931] [INFO] [OptimaCaptureBot.ExcelHandler] Copia de seguridad creada en C:\Users\dramos\Documents\Proyecto_CapturaBot\temp\Optima_Capture_Bot.xlsx.bak
[2026-06-01 19:26:35,182] [INFO] [OptimaCaptureBot.ExcelHandler] Fila 72 de Excel actualizada exitosamente a estado: VALIDADO
[2026-06-01 19:26:35,187] [INFO] [OptimaCaptureBot.ExcelHandler] Copia de seguridad creada en C:\Users\dramos\Documents\Proyecto_CapturaBot\temp\Optima_Capture_Bot.xlsx.bak
[2026-06-01 19:26:35,335] [INFO] [OptimaCaptureBot.ExcelHandler] Fila 73 de Excel actualizada exitosamente a estado: VALIDADO
[2026-06-01 19:26:35,341] [INFO] [OptimaCaptureBot.ExcelHandler] Copia de seguridad creada en C:\Users\dramos\Documents\Proyecto_CapturaBot\temp\Optima_Capture_Bot.xlsx.bak
[2026-06-01 19:26:35,467] [INFO] [OptimaCaptureBot.ExcelHandler] Fila 74 de Excel actualizada exitosamente a estado: VALIDADO
[2026-06-01 19:26:35,473] [INFO] [OptimaCaptureBot.ExcelHandler] Copia de seguridad creada en C:\Users\dramos\Documents\Proyecto_CapturaBot\temp\Optima_Capture_Bot.xlsx.bak
[2026-06-01 19:26:35,646] [INFO] [OptimaCaptureBot.ExcelHandler] Fila 75 de Excel actualizada exitosamente a estado: VALIDADO
[2026-06-01 19:26:35,647] [INFO] [OptimaCaptureBot.Orchestrator] Depuración previa completada de forma segura.
[2026-06-01 19:26:35,648] [INFO] [OptimaCaptureBot.Orchestrator] Iniciando navegador Playwright...
[2026-06-01 19:26:35,650] [INFO] [OptimaCaptureBot.Scraper] Iniciando Playwright...
[2026-06-01 19:26:36,386] [INFO] [OptimaCaptureBot.Scraper] Usando perfil persistente de Chrome en: C:\Users\dramos\Documents\Proyecto_CapturaBot\temp\perfil_bot
[2026-06-01 19:26:38,242] [INFO] [OptimaCaptureBot.Scraper] Navegando a la URL del SATQ: https://satq.qroo.gob.mx/paperless/timbrador.html
[2026-06-01 19:26:39,289] [INFO] [OptimaCaptureBot.Scraper] Portal cargado exitosamente.
[2026-06-01 19:26:39,290] [INFO] [OptimaCaptureBot.Orchestrator] No se requiere inicio de sesión manual. Continuando con el proceso.
[2026-06-01 19:26:39,290] [INFO] [OptimaCaptureBot.Orchestrator] Procesando Fila 70: [Referencia: 70027100499764851] en carpeta Lote_1
[2026-06-01 19:26:39,296] [INFO] [OptimaCaptureBot.ExcelHandler] Copia de seguridad creada en C:\Users\dramos\Documents\Proyecto_CapturaBot\temp\Optima_Capture_Bot.xlsx.bak
[2026-06-01 19:26:39,452] [INFO] [OptimaCaptureBot.ExcelHandler] Fila 70 de Excel actualizada exitosamente a estado: EN_PROCESO
[2026-06-01 19:26:39,454] [INFO] [OptimaCaptureBot.Scraper] Iniciando consulta automatizada para referencia: 70027100499764851 (RFC: CIN010904D31)
[2026-06-01 19:26:48,294] [INFO] [OptimaCaptureBot.Scraper] Botón Buscar pulsado, esperando resultados...
[2026-06-01 19:26:50,533] [INFO] [OptimaCaptureBot.Scraper] Clic en Generar CFDI ejecutado.
[2026-06-01 19:26:52,766] [INFO] [OptimaCaptureBot.Scraper] Razón Social establecida: 'CADU INMOBILIARIA'
[2026-06-01 19:26:53,126] [INFO] [OptimaCaptureBot.Scraper] Código Postal establecido: '77503'
[2026-06-01 19:26:53,127] [INFO] [OptimaCaptureBot.Scraper] Datos de validación rellenados y verificados.
[2026-06-01 19:26:54,270] [INFO] [OptimaCaptureBot.Scraper] [VALIDACIÓN] Campos listos. Revise en Chrome antes de timbrar:
  · Razón Social → 'CADU INMOBILIARIA'
  · Código Postal → '77503'
Haga clic en 'Aprobar Timbrado' en la aplicación para continuar.
[2026-06-01 19:26:54,274] [WARNING] [OptimaCaptureBot.Orchestrator] [AUTÓNOMO] ✓ Timbrado aprobado automáticamente. Razón Social='CADU INMOBILIARIA' | CP='77503'
[2026-06-01 19:26:54,282] [INFO] [OptimaCaptureBot.Scraper] [VALIDACIÓN] Aprobado por el operador. Procediendo a timbrar...
[2026-06-01 19:26:54,423] [INFO] [OptimaCaptureBot.Scraper] Clic en Timbrar ejecutado.
[2026-06-01 19:27:01,030] [INFO] [OptimaCaptureBot.Scraper] PDF 1 guardado en C:\Users\dramos\Downloads\Facturas_Referencias\Lote_1\70027100499764851_CIN010904D31_1.pdf
[2026-06-01 19:27:04,106] [INFO] [OptimaCaptureBot.Scraper] PDF 2 guardado en C:\Users\dramos\Downloads\Facturas_Referencias\Lote_1\70027100499764851_CIN010904D31_2.pdf
[2026-06-01 19:27:04,114] [INFO] [OptimaCaptureBot.ExcelHandler] Copia de seguridad creada en C:\Users\dramos\Documents\Proyecto_CapturaBot\temp\Optima_Capture_Bot.xlsx.bak
[2026-06-01 19:27:04,406] [INFO] [OptimaCaptureBot.ExcelHandler] Fila 70 de Excel actualizada exitosamente a estado: OK-GENERADA
[2026-06-01 19:27:04,406] [INFO] [OptimaCaptureBot.Orchestrator] Referencia 70027100499764851 procesada con éxito.
[2026-06-01 19:27:04,407] [INFO] [OptimaCaptureBot.Orchestrator] Procesando Fila 71: [Referencia: 70027100509764862] en carpeta Lote_1
[2026-06-01 19:27:04,534] [INFO] [OptimaCaptureBot.ExcelHandler] Copia de seguridad creada en C:\Users\dramos\Documents\Proyecto_CapturaBot\temp\Optima_Capture_Bot.xlsx.bak
[2026-06-01 19:27:04,806] [INFO] [OptimaCaptureBot.ExcelHandler] Fila 71 de Excel actualizada exitosamente a estado: EN_PROCESO
[2026-06-01 19:27:04,808] [INFO] [OptimaCaptureBot.Scraper] Iniciando consulta automatizada para referencia: 70027100509764862 (RFC: CIN010904D31)
[2026-06-01 19:27:12,505] [INFO] [OptimaCaptureBot.Scraper] Botón Buscar pulsado, esperando resultados...
[2026-06-01 19:27:14,682] [INFO] [OptimaCaptureBot.Scraper] Clic en Generar CFDI ejecutado.
[2026-06-01 19:27:17,645] [INFO] [OptimaCaptureBot.Scraper] Razón Social establecida: 'CADU INMOBILIARIA'
[2026-06-01 19:27:18,238] [INFO] [OptimaCaptureBot.Scraper] Código Postal establecido: '77503'
[2026-06-01 19:27:18,239] [INFO] [OptimaCaptureBot.Scraper] Datos de validación rellenados y verificados.
[2026-06-01 19:27:19,296] [INFO] [OptimaCaptureBot.Scraper] [VALIDACIÓN] Campos listos. Revise en Chrome antes de timbrar:
  · Razón Social → 'CADU INMOBILIARIA'
  · Código Postal → '77503'
Haga clic en 'Aprobar Timbrado' en la aplicación para continuar.
[2026-06-01 19:27:19,298] [WARNING] [OptimaCaptureBot.Orchestrator] [AUTÓNOMO] ✓ Timbrado aprobado automáticamente. Razón Social='CADU INMOBILIARIA' | CP='77503'
[2026-06-01 19:27:19,301] [INFO] [OptimaCaptureBot.Scraper] [VALIDACIÓN] Aprobado por el operador. Procediendo a timbrar...
[2026-06-01 19:27:19,361] [INFO] [OptimaCaptureBot.Scraper] Clic en Timbrar ejecutado.
[2026-06-01 19:27:26,390] [INFO] [OptimaCaptureBot.Scraper] PDF 1 guardado en C:\Users\dramos\Downloads\Facturas_Referencias\Lote_1\70027100509764862_CIN010904D31_1.pdf
[2026-06-01 19:27:29,413] [INFO] [OptimaCaptureBot.Scraper] PDF 2 guardado en C:\Users\dramos\Downloads\Facturas_Referencias\Lote_1\70027100509764862_CIN010904D31_2.pdf
[2026-06-01 19:27:29,421] [INFO] [OptimaCaptureBot.ExcelHandler] Copia de seguridad creada en C:\Users\dramos\Documents\Proyecto_CapturaBot\temp\Optima_Capture_Bot.xlsx.bak
[2026-06-01 19:27:29,753] [INFO] [OptimaCaptureBot.ExcelHandler] Fila 71 de Excel actualizada exitosamente a estado: OK-GENERADA
[2026-06-01 19:27:29,753] [INFO] [OptimaCaptureBot.Orchestrator] Referencia 70027100509764862 procesada con éxito.
[2026-06-01 19:27:29,754] [INFO] [OptimaCaptureBot.Orchestrator] Procesando Fila 72: [Referencia: 70027100519764873] en carpeta Lote_1
[2026-06-01 19:27:29,925] [INFO] [OptimaCaptureBot.ExcelHandler] Copia de seguridad creada en C:\Users\dramos\Documents\Proyecto_CapturaBot\temp\Optima_Capture_Bot.xlsx.bak
[2026-06-01 19:27:30,229] [INFO] [OptimaCaptureBot.ExcelHandler] Fila 72 de Excel actualizada exitosamente a estado: EN_PROCESO
[2026-06-01 19:27:30,233] [INFO] [OptimaCaptureBot.Scraper] Iniciando consulta automatizada para referencia: 70027100519764873 (RFC: CIN010904D31)
[2026-06-01 19:27:40,781] [INFO] [OptimaCaptureBot.Scraper] Botón Buscar pulsado, esperando resultados...
[2026-06-01 19:27:42,873] [INFO] [OptimaCaptureBot.Scraper] Clic en Generar CFDI ejecutado.
[2026-06-01 19:27:45,404] [INFO] [OptimaCaptureBot.Scraper] Razón Social establecida: 'CADU INMOBILIARIA'
[2026-06-01 19:27:45,905] [INFO] [OptimaCaptureBot.Scraper] Código Postal establecido: '77503'
[2026-06-01 19:27:45,906] [INFO] [OptimaCaptureBot.Scraper] Datos de validación rellenados y verificados.
[2026-06-01 19:27:47,360] [INFO] [OptimaCaptureBot.Scraper] [VALIDACIÓN] Campos listos. Revise en Chrome antes de timbrar:
  · Razón Social → 'CADU INMOBILIARIA'
  · Código Postal → '77503'
Haga clic en 'Aprobar Timbrado' en la aplicación para continuar.
[2026-06-01 19:27:47,362] [WARNING] [OptimaCaptureBot.Orchestrator] [AUTÓNOMO] ✓ Timbrado aprobado automáticamente. Razón Social='CADU INMOBILIARIA' | CP='77503'
[2026-06-01 19:27:47,364] [INFO] [OptimaCaptureBot.Scraper] [VALIDACIÓN] Aprobado por el operador. Procediendo a timbrar...
[2026-06-01 19:27:47,426] [INFO] [OptimaCaptureBot.Scraper] Clic en Timbrar ejecutado.
[2026-06-01 19:27:54,661] [INFO] [OptimaCaptureBot.Scraper] PDF 1 guardado en C:\Users\dramos\Downloads\Facturas_Referencias\Lote_1\70027100519764873_CIN010904D31_1.pdf
[2026-06-01 19:27:57,746] [INFO] [OptimaCaptureBot.Scraper] PDF 2 guardado en C:\Users\dramos\Downloads\Facturas_Referencias\Lote_1\70027100519764873_CIN010904D31_2.pdf
[2026-06-01 19:27:57,754] [INFO] [OptimaCaptureBot.ExcelHandler] Copia de seguridad creada en C:\Users\dramos\Documents\Proyecto_CapturaBot\temp\Optima_Capture_Bot.xlsx.bak
[2026-06-01 19:27:58,008] [INFO] [OptimaCaptureBot.ExcelHandler] Fila 72 de Excel actualizada exitosamente a estado: OK-GENERADA
[2026-06-01 19:27:58,008] [INFO] [OptimaCaptureBot.Orchestrator] Referencia 70027100519764873 procesada con éxito.
[2026-06-01 19:27:58,009] [INFO] [OptimaCaptureBot.Orchestrator] Procesando Fila 73: [Referencia: 70027100529764884] en carpeta Lote_1
[2026-06-01 19:27:58,116] [INFO] [OptimaCaptureBot.ExcelHandler] Copia de seguridad creada en C:\Users\dramos\Documents\Proyecto_CapturaBot\temp\Optima_Capture_Bot.xlsx.bak
[2026-06-01 19:27:58,411] [INFO] [OptimaCaptureBot.ExcelHandler] Fila 73 de Excel actualizada exitosamente a estado: EN_PROCESO
[2026-06-01 19:27:58,414] [INFO] [OptimaCaptureBot.Scraper] Iniciando consulta automatizada para referencia: 70027100529764884 (RFC: CIN010904D31)
[2026-06-01 19:28:07,977] [INFO] [OptimaCaptureBot.Scraper] Botón Buscar pulsado, esperando resultados...
[2026-06-01 19:28:10,244] [INFO] [OptimaCaptureBot.Scraper] Clic en Generar CFDI ejecutado.
[2026-06-01 19:28:12,104] [INFO] [OptimaCaptureBot.Scraper] Razón Social establecida: 'CADU INMOBILIARIA'
[2026-06-01 19:28:12,612] [INFO] [OptimaCaptureBot.Scraper] Código Postal establecido: '77503'
[2026-06-01 19:28:12,613] [INFO] [OptimaCaptureBot.Scraper] Datos de validación rellenados y verificados.
[2026-06-01 19:28:14,004] [INFO] [OptimaCaptureBot.Scraper] [VALIDACIÓN] Campos listos. Revise en Chrome antes de timbrar:
  · Razón Social → 'CADU INMOBILIARIA'
  · Código Postal → '77503'
Haga clic en 'Aprobar Timbrado' en la aplicación para continuar.
[2026-06-01 19:28:14,009] [WARNING] [OptimaCaptureBot.Orchestrator] [AUTÓNOMO] ✓ Timbrado aprobado automáticamente. Razón Social='CADU INMOBILIARIA' | CP='77503'
[2026-06-01 19:28:14,022] [INFO] [OptimaCaptureBot.Scraper] [VALIDACIÓN] Aprobado por el operador. Procediendo a timbrar...
[2026-06-01 19:28:14,213] [INFO] [OptimaCaptureBot.Scraper] Clic en Timbrar ejecutado.
[2026-06-01 19:28:20,771] [INFO] [OptimaCaptureBot.Scraper] PDF 1 guardado en C:\Users\dramos\Downloads\Facturas_Referencias\Lote_1\70027100529764884_CIN010904D31_1.pdf
[2026-06-01 19:28:23,999] [INFO] [OptimaCaptureBot.Scraper] PDF 2 guardado en C:\Users\dramos\Downloads\Facturas_Referencias\Lote_1\70027100529764884_CIN010904D31_2.pdf
[2026-06-01 19:28:24,005] [INFO] [OptimaCaptureBot.ExcelHandler] Copia de seguridad creada en C:\Users\dramos\Documents\Proyecto_CapturaBot\temp\Optima_Capture_Bot.xlsx.bak
[2026-06-01 19:28:24,284] [INFO] [OptimaCaptureBot.ExcelHandler] Fila 73 de Excel actualizada exitosamente a estado: OK-GENERADA
[2026-06-01 19:28:24,285] [INFO] [OptimaCaptureBot.Orchestrator] Referencia 70027100529764884 procesada con éxito.
[2026-06-01 19:28:24,285] [INFO] [OptimaCaptureBot.Orchestrator] Procesando Fila 74: [Referencia: 70027100539764895] en carpeta Lote_1
[2026-06-01 19:28:24,442] [INFO] [OptimaCaptureBot.ExcelHandler] Copia de seguridad creada en C:\Users\dramos\Documents\Proyecto_CapturaBot\temp\Optima_Capture_Bot.xlsx.bak
[2026-06-01 19:28:24,708] [INFO] [OptimaCaptureBot.ExcelHandler] Fila 74 de Excel actualizada exitosamente a estado: EN_PROCESO
[2026-06-01 19:28:24,710] [INFO] [OptimaCaptureBot.Scraper] Iniciando consulta automatizada para referencia: 70027100539764895 (RFC: CIN010904D31)
[2026-06-01 19:28:33,703] [INFO] [OptimaCaptureBot.Scraper] Botón Buscar pulsado, esperando resultados...
[2026-06-01 19:28:35,976] [INFO] [OptimaCaptureBot.Scraper] Clic en Generar CFDI ejecutado.
[2026-06-01 19:28:38,889] [INFO] [OptimaCaptureBot.Scraper] Razón Social establecida: 'CADU INMOBILIARIA'
[2026-06-01 19:28:39,330] [INFO] [OptimaCaptureBot.Scraper] Código Postal establecido: '77503'
[2026-06-01 19:28:39,331] [INFO] [OptimaCaptureBot.Scraper] Datos de validación rellenados y verificados.
[2026-06-01 19:28:40,959] [INFO] [OptimaCaptureBot.Scraper] [VALIDACIÓN] Campos listos. Revise en Chrome antes de timbrar:
  · Razón Social → 'CADU INMOBILIARIA'
  · Código Postal → '77503'
Haga clic en 'Aprobar Timbrado' en la aplicación para continuar.
[2026-06-01 19:28:40,963] [WARNING] [OptimaCaptureBot.Orchestrator] [AUTÓNOMO] ✓ Timbrado aprobado automáticamente. Razón Social='CADU INMOBILIARIA' | CP='77503'
[2026-06-01 19:28:40,970] [INFO] [OptimaCaptureBot.Scraper] [VALIDACIÓN] Aprobado por el operador. Procediendo a timbrar...
[2026-06-01 19:28:41,115] [INFO] [OptimaCaptureBot.Scraper] Clic en Timbrar ejecutado.
[2026-06-01 19:28:47,432] [INFO] [OptimaCaptureBot.Scraper] PDF 1 guardado en C:\Users\dramos\Downloads\Facturas_Referencias\Lote_1\70027100539764895_CIN010904D31_1.pdf
[2026-06-01 19:28:50,954] [INFO] [OptimaCaptureBot.Scraper] PDF 2 guardado en C:\Users\dramos\Downloads\Facturas_Referencias\Lote_1\70027100539764895_CIN010904D31_2.pdf
[2026-06-01 19:28:50,974] [INFO] [OptimaCaptureBot.ExcelHandler] Copia de seguridad creada en C:\Users\dramos\Documents\Proyecto_CapturaBot\temp\Optima_Capture_Bot.xlsx.bak
[2026-06-01 19:28:51,343] [INFO] [OptimaCaptureBot.ExcelHandler] Fila 74 de Excel actualizada exitosamente a estado: OK-GENERADA
[2026-06-01 19:28:51,344] [INFO] [OptimaCaptureBot.Orchestrator] Referencia 70027100539764895 procesada con éxito.
[2026-06-01 19:28:51,344] [INFO] [OptimaCaptureBot.Orchestrator] Procesando Fila 75: [Referencia: 70027100549764809] en carpeta Lote_1
[2026-06-01 19:28:51,472] [INFO] [OptimaCaptureBot.ExcelHandler] Copia de seguridad creada en C:\Users\dramos\Documents\Proyecto_CapturaBot\temp\Optima_Capture_Bot.xlsx.bak
[2026-06-01 19:28:51,744] [INFO] [OptimaCaptureBot.ExcelHandler] Fila 75 de Excel actualizada exitosamente a estado: EN_PROCESO
[2026-06-01 19:28:51,746] [INFO] [OptimaCaptureBot.Scraper] Iniciando consulta automatizada para referencia: 70027100549764809 (RFC: CIN010904D31)
[2026-06-01 19:29:01,071] [INFO] [OptimaCaptureBot.Scraper] Botón Buscar pulsado, esperando resultados...
[2026-06-01 19:29:03,256] [INFO] [OptimaCaptureBot.Scraper] Clic en Generar CFDI ejecutado.
[2026-06-01 19:29:06,126] [INFO] [OptimaCaptureBot.Scraper] Razón Social establecida: 'CADU INMOBILIARIA'
[2026-06-01 19:29:06,611] [INFO] [OptimaCaptureBot.Scraper] Código Postal establecido: '77503'
[2026-06-01 19:29:06,611] [INFO] [OptimaCaptureBot.Scraper] Datos de validación rellenados y verificados.
[2026-06-01 19:29:07,822] [INFO] [OptimaCaptureBot.Scraper] [VALIDACIÓN] Campos listos. Revise en Chrome antes de timbrar:
  · Razón Social → 'CADU INMOBILIARIA'
  · Código Postal → '77503'
Haga clic en 'Aprobar Timbrado' en la aplicación para continuar.
[2026-06-01 19:29:07,826] [WARNING] [OptimaCaptureBot.Orchestrator] [AUTÓNOMO] ✓ Timbrado aprobado automáticamente. Razón Social='CADU INMOBILIARIA' | CP='77503'
[2026-06-01 19:29:07,834] [INFO] [OptimaCaptureBot.Scraper] [VALIDACIÓN] Aprobado por el operador. Procediendo a timbrar...
[2026-06-01 19:29:07,968] [INFO] [OptimaCaptureBot.Scraper] Clic en Timbrar ejecutado.
[2026-06-01 19:29:14,484] [INFO] [OptimaCaptureBot.Scraper] PDF 1 guardado en C:\Users\dramos\Downloads\Facturas_Referencias\Lote_1\70027100549764809_CIN010904D31_1.pdf
[2026-06-01 19:29:17,604] [INFO] [OptimaCaptureBot.Scraper] PDF 2 guardado en C:\Users\dramos\Downloads\Facturas_Referencias\Lote_1\70027100549764809_CIN010904D31_2.pdf
[2026-06-01 19:29:17,613] [INFO] [OptimaCaptureBot.ExcelHandler] Copia de seguridad creada en C:\Users\dramos\Documents\Proyecto_CapturaBot\temp\Optima_Capture_Bot.xlsx.bak
[2026-06-01 19:29:17,946] [INFO] [OptimaCaptureBot.ExcelHandler] Fila 75 de Excel actualizada exitosamente a estado: OK-GENERADA
[2026-06-01 19:29:17,947] [INFO] [OptimaCaptureBot.Orchestrator] Referencia 70027100549764809 procesada con éxito.
[2026-06-01 19:29:17,947] [INFO] [OptimaCaptureBot.Orchestrator] Procesamiento de registros completado.
[2026-06-01 19:29:17,948] [INFO] [OptimaCaptureBot.Orchestrator] El navegador permanece abierto. Ciérrelo manualmente cuando lo desee.
[2026-06-01 19:29:17,948] [INFO] [OptimaCaptureBot.Orchestrator] Orquestador finalizado de forma ordenada.
[2026-06-01 19:32:13,949] [WARNING] [OptimaCaptureBot.Scraper] Error al cerrar contexto Playwright: cannot switch to a different thread (which happens to have exited)
[2026-06-01 19:32:13,950] [WARNING] [OptimaCaptureBot.Scraper] Error al detener Playwright: cannot switch to a different thread (which happens to have exited)
[2026-06-01 19:32:13,971] [INFO] [OptimaCaptureBot.Scraper] Directorio temporal de descargas de Playwright limpiado.
[2026-06-01 19:32:14,570] [INFO] [root] Aplicación cerrada de forma limpia.
